domain,field,status,tests,keys,archive
Mathematics,Algebra (abstract & commutative),downloaded,https://ww3.math.ucla.edu/past-qualifying-exams/ | https://ww3.math.ucla.edu/wp-content/uploads/2021/09/basic-01F.pdf | https://ww3.math.ucla.edu/wp-content/uploads/2021/09/basic-02F.pdf | https://ww3.math.ucla.edu/wp-content/uploads/2021/09/basic-02S.pdf | https://ww3.math.ucla.edu/wp-content/uploads/2021/09/basic-02W.pdf | https://ww3.math.ucla.edu/wp-content/uploads/2021/09/basic-03F.pdf | https://ww3.math.ucla.edu/wp-content/uploads/2021/09/basic-03S.pdf | https://ww3.math.ucla.edu/wp-content/uploads/2021/09/basic-04F.pdf | https://ww3.math.ucla.edu/wp-content/uploads/2021/09/basic-04S.pdf | https://ww3.math.ucla.edu/wp-content/uploads/2021/09/basic-05F.pdf | https://ww3.math.ucla.edu/wp-content/uploads/2021/09/basic-05S.pdf | https://ww3.math.ucla.edu/wp-content/uploads/2021/09/basic-06S.pdf | https://ww3.math.ucla.edu/wp-content/uploads/2021/09/basic-06W.pdf | https://ww3.math.ucla.edu/wp-content/uploads/2021/09/basic-07F.pdf | https://ww3.math.ucla.edu/wp-content/uploads/2021/09/basic-07S.pdf | https://ww3.math.ucla.edu/wp-content/uploads/2021/09/basic-08F.pdf | https://ww3.math.ucla.edu/wp-content/uploads/2021/09/basic-08S.pdf | https://ww3.math.ucla.edu/wp-content/uploads/2021/09/basic-09F.pdf | https://ww3.math.ucla.edu/wp-content/uploads/2021/09/basic-09S.pdf | https://ww3.math.ucla.edu/wp-content/uploads/2021/09/basic-10F.pdf | https://ww3.math.ucla.edu/wp-content/uploads/2021/09/basic-10S.pdf | https://ww3.math.ucla.edu/wp-content/uploads/2021/09/basic-11F.pdf | https://ww3.math.ucla.edu/wp-content/uploads/2021/09/basic-11S.pdf | https://ww3.math.ucla.edu/wp-content/uploads/2021/09/basic-12F.pdf | https://ww3.math.ucla.edu/wp-content/uploads/2021/09/basic-12S.pdf | https://ww3.math.ucla.edu/wp-content/uploads/2021/09/basic-13F.pdf | https://ww3.math.ucla.edu/wp-content/uploads/2021/09/basic-13S.pdf | https://ww3.math.ucla.edu/wp-content/uploads/2021/09/basic-14F.pdf | https://ww3.math.ucla.edu/wp-content/uploads/2021/09/basic-14S.pdf | https://ww3.math.ucla.edu/wp-content/uploads/2021/09/basic-15F.pdf | https://ww3.math.ucla.edu/wp-content/uploads/2021/09/basic-15S.pdf,,https://ww3.math.ucla.edu/past-qualifying-exams/
Mathematics,Algebraic Geometry,downloaded,https://ww3.math.ucla.edu/past-qualifying-exams/ | https://ww3.math.ucla.edu/wp-content/uploads/2021/09/basic-01F.pdf | https://ww3.math.ucla.edu/wp-content/uploads/2021/09/basic-02F.pdf | https://ww3.math.ucla.edu/wp-content/uploads/2021/09/basic-02S.pdf | https://ww3.math.ucla.edu/wp-content/uploads/2021/09/basic-02W.pdf | https://ww3.math.ucla.edu/wp-content/uploads/2021/09/basic-03F.pdf | https://ww3.math.ucla.edu/wp-content/uploads/2021/09/basic-03S.pdf | https://ww3.math.ucla.edu/wp-content/uploads/2021/09/basic-04F.pdf | https://ww3.math.ucla.edu/wp-content/uploads/2021/09/basic-04S.pdf | https://ww3.math.ucla.edu/wp-content/uploads/2021/09/basic-05F.pdf | https://ww3.math.ucla.edu/wp-content/uploads/2021/09/basic-05S.pdf | https://ww3.math.ucla.edu/wp-content/uploads/2021/09/basic-06S.pdf | https://ww3.math.ucla.edu/wp-content/uploads/2021/09/basic-06W.pdf | https://ww3.math.ucla.edu/wp-content/uploads/2021/09/basic-07F.pdf | https://ww3.math.ucla.edu/wp-content/uploads/2021/09/basic-07S.pdf | https://ww3.math.ucla.edu/wp-content/uploads/2021/09/basic-08F.pdf | https://ww3.math.ucla.edu/wp-content/uploads/2021/09/basic-08S.pdf | https://ww3.math.ucla.edu/wp-content/uploads/2021/09/basic-09F.pdf | https://ww3.math.ucla.edu/wp-content/uploads/2021/09/basic-09S.pdf | https://ww3.math.ucla.edu/wp-content/uploads/2021/09/basic-10F.pdf | https://ww3.math.ucla.edu/wp-content/uploads/2021/09/basic-10S.pdf | https://ww3.math.ucla.edu/wp-content/uploads/2021/09/basic-11F.pdf | https://ww3.math.ucla.edu/wp-content/uploads/2021/09/basic-11S.pdf | https://ww3.math.ucla.edu/wp-content/uploads/2021/09/basic-12F.pdf | https://ww3.math.ucla.edu/wp-content/uploads/2021/09/basic-12S.pdf | https://ww3.math.ucla.edu/wp-content/uploads/2021/09/basic-13F.pdf | https://ww3.math.ucla.edu/wp-content/uploads/2021/09/basic-13S.pdf | https://ww3.math.ucla.edu/wp-content/uploads/2021/09/basic-14F.pdf | https://ww3.math.ucla.edu/wp-content/uploads/2021/09/basic-14S.pdf | https://ww3.math.ucla.edu/wp-content/uploads/2021/09/basic-15F.pdf | https://ww3.math.ucla.edu/wp-content/uploads/2021/09/basic-15S.pdf,,https://ww3.math.ucla.edu/past-qualifying-exams/
Mathematics,Category Theory,downloaded,https://ww3.math.ucla.edu/past-qualifying-exams/ | https://ww3.math.ucla.edu/wp-content/uploads/2021/09/basic-01F.pdf | https://ww3.math.ucla.edu/wp-content/uploads/2021/09/basic-02F.pdf | https://ww3.math.ucla.edu/wp-content/uploads/2021/09/basic-02S.pdf | https://ww3.math.ucla.edu/wp-content/uploads/2021/09/basic-02W.pdf | https://ww3.math.ucla.edu/wp-content/uploads/2021/09/basic-03F.pdf | https://ww3.math.ucla.edu/wp-content/uploads/2021/09/basic-03S.pdf | https://ww3.math.ucla.edu/wp-content/uploads/2021/09/basic-04F.pdf | https://ww3.math.ucla.edu/wp-content/uploads/2021/09/basic-04S.pdf | https://ww3.math.ucla.edu/wp-content/uploads/2021/09/basic-05F.pdf | https://ww3.math.ucla.edu/wp-content/uploads/2021/09/basic-05S.pdf | https://ww3.math.ucla.edu/wp-content/uploads/2021/09/basic-06S.pdf | https://ww3.math.ucla.edu/wp-content/uploads/2021/09/basic-06W.pdf | https://ww3.math.ucla.edu/wp-content/uploads/2021/09/basic-07F.pdf | https://ww3.math.ucla.edu/wp-content/uploads/2021/09/basic-07S.pdf | https://ww3.math.ucla.edu/wp-content/uploads/2021/09/basic-08F.pdf | https://ww3.math.ucla.edu/wp-content/uploads/2021/09/basic-08S.pdf | https://ww3.math.ucla.edu/wp-content/uploads/2021/09/basic-09F.pdf | https://ww3.math.ucla.edu/wp-content/uploads/2021/09/basic-09S.pdf | https://ww3.math.ucla.edu/wp-content/uploads/2021/09/basic-10F.pdf | https://ww3.math.ucla.edu/wp-content/uploads/2021/09/basic-10S.pdf | https://ww3.math.ucla.edu/wp-content/uploads/2021/09/basic-11F.pdf | https://ww3.math.ucla.edu/wp-content/uploads/2021/09/basic-11S.pdf | https://ww3.math.ucla.edu/wp-content/uploads/2021/09/basic-12F.pdf | https://ww3.math.ucla.edu/wp-content/uploads/2021/09/basic-12S.pdf | https://ww3.math.ucla.edu/wp-content/uploads/2021/09/basic-13F.pdf | https://ww3.math.ucla.edu/wp-content/uploads/2021/09/basic-13S.pdf | https://ww3.math.ucla.edu/wp-content/uploads/2021/09/basic-14F.pdf | https://ww3.math.ucla.edu/wp-content/uploads/2021/09/basic-14S.pdf | https://ww3.math.ucla.edu/wp-content/uploads/2021/09/basic-15F.pdf | https://ww3.math.ucla.edu/wp-content/uploads/2021/09/basic-15S.pdf,,https://ww3.math.ucla.edu/past-qualifying-exams/
Mathematics,Combinatorics (extremal & additive),downloaded,https://ww3.math.ucla.edu/past-qualifying-exams/ | https://ww3.math.ucla.edu/wp-content/uploads/2021/09/basic-01F.pdf | https://ww3.math.ucla.edu/wp-content/uploads/2021/09/basic-02F.pdf | https://ww3.math.ucla.edu/wp-content/uploads/2021/09/basic-02S.pdf | https://ww3.math.ucla.edu/wp-content/uploads/2021/09/basic-02W.pdf | https://ww3.math.ucla.edu/wp-content/uploads/2021/09/basic-03F.pdf | https://ww3.math.ucla.edu/wp-content/uploads/2021/09/basic-03S.pdf | https://ww3.math.ucla.edu/wp-content/uploads/2021/09/basic-04F.pdf | https://ww3.math.ucla.edu/wp-content/uploads/2021/09/basic-04S.pdf | https://ww3.math.ucla.edu/wp-content/uploads/2021/09/basic-05F.pdf | https://ww3.math.ucla.edu/wp-content/uploads/2021/09/basic-05S.pdf | https://ww3.math.ucla.edu/wp-content/uploads/2021/09/basic-06S.pdf | https://ww3.math.ucla.edu/wp-content/uploads/2021/09/basic-06W.pdf | https://ww3.math.ucla.edu/wp-content/uploads/2021/09/basic-07F.pdf | https://ww3.math.ucla.edu/wp-content/uploads/2021/09/basic-07S.pdf | https://ww3.math.ucla.edu/wp-content/uploads/2021/09/basic-08F.pdf | https://ww3.math.ucla.edu/wp-content/uploads/2021/09/basic-08S.pdf | https://ww3.math.ucla.edu/wp-content/uploads/2021/09/basic-09F.pdf | https://ww3.math.ucla.edu/wp-content/uploads/2021/09/basic-09S.pdf | https://ww3.math.ucla.edu/wp-content/uploads/2021/09/basic-10F.pdf | https://ww3.math.ucla.edu/wp-content/uploads/2021/09/basic-10S.pdf | https://ww3.math.ucla.edu/wp-content/uploads/2021/09/basic-11F.pdf | https://ww3.math.ucla.edu/wp-content/uploads/2021/09/basic-11S.pdf | https://ww3.math.ucla.edu/wp-content/uploads/2021/09/basic-12F.pdf | https://ww3.math.ucla.edu/wp-content/uploads/2021/09/basic-12S.pdf | https://ww3.math.ucla.edu/wp-content/uploads/2021/09/basic-13F.pdf | https://ww3.math.ucla.edu/wp-content/uploads/2021/09/basic-13S.pdf | https://ww3.math.ucla.edu/wp-content/uploads/2021/09/basic-14F.pdf | https://ww3.math.ucla.edu/wp-content/uploads/2021/09/basic-14S.pdf | https://ww3.math.ucla.edu/wp-content/uploads/2021/09/basic-15F.pdf | https://ww3.math.ucla.edu/wp-content/uploads/2021/09/basic-15S.pdf,,https://ww3.math.ucla.edu/past-qualifying-exams/
Mathematics,Differential Geometry,downloaded,https://ww3.math.ucla.edu/past-qualifying-exams/ | https://ww3.math.ucla.edu/wp-content/uploads/2021/09/basic-01F.pdf | https://ww3.math.ucla.edu/wp-content/uploads/2021/09/basic-02F.pdf | https://ww3.math.ucla.edu/wp-content/uploads/2021/09/basic-02S.pdf | https://ww3.math.ucla.edu/wp-content/uploads/2021/09/basic-02W.pdf | https://ww3.math.ucla.edu/wp-content/uploads/2021/09/basic-03F.pdf | https://ww3.math.ucla.edu/wp-content/uploads/2021/09/basic-03S.pdf | https://ww3.math.ucla.edu/wp-content/uploads/2021/09/basic-04F.pdf | https://ww3.math.ucla.edu/wp-content/uploads/2021/09/basic-04S.pdf | https://ww3.math.ucla.edu/wp-content/uploads/2021/09/basic-05F.pdf | https://ww3.math.ucla.edu/wp-content/uploads/2021/09/basic-05S.pdf | https://ww3.math.ucla.edu/wp-content/uploads/2021/09/basic-06S.pdf | https://ww3.math.ucla.edu/wp-content/uploads/2021/09/basic-06W.pdf | https://ww3.math.ucla.edu/wp-content/uploads/2021/09/basic-07F.pdf | https://ww3.math.ucla.edu/wp-content/uploads/2021/09/basic-07S.pdf | https://ww3.math.ucla.edu/wp-content/uploads/2021/09/basic-08F.pdf | https://ww3.math.ucla.edu/wp-content/uploads/2021/09/basic-08S.pdf | https://ww3.math.ucla.edu/wp-content/uploads/2021/09/basic-09F.pdf | https://ww3.math.ucla.edu/wp-content/uploads/2021/09/basic-09S.pdf | https://ww3.math.ucla.edu/wp-content/uploads/2021/09/basic-10F.pdf | https://ww3.math.ucla.edu/wp-content/uploads/2021/09/basic-10S.pdf | https://ww3.math.ucla.edu/wp-content/uploads/2021/09/basic-11F.pdf | https://ww3.math.ucla.edu/wp-content/uploads/2021/09/basic-11S.pdf | https://ww3.math.ucla.edu/wp-content/uploads/2021/09/basic-12F.pdf | https://ww3.math.ucla.edu/wp-content/uploads/2021/09/basic-12S.pdf | https://ww3.math.ucla.edu/wp-content/uploads/2021/09/basic-13F.pdf | https://ww3.math.ucla.edu/wp-content/uploads/2021/09/basic-13S.pdf | https://ww3.math.ucla.edu/wp-content/uploads/2021/09/basic-14F.pdf | https://ww3.math.ucla.edu/wp-content/uploads/2021/09/basic-14S.pdf | https://ww3.math.ucla.edu/wp-content/uploads/2021/09/basic-15F.pdf | https://ww3.math.ucla.edu/wp-content/uploads/2021/09/basic-15S.pdf,,https://ww3.math.ucla.edu/past-qualifying-exams/
Mathematics,Dynamical Systems & Chaos Theory,downloaded,https://ww3.math.ucla.edu/past-qualifying-exams/ | https://ww3.math.ucla.edu/wp-content/uploads/2021/09/basic-01F.pdf | https://ww3.math.ucla.edu/wp-content/uploads/2021/09/basic-02F.pdf | https://ww3.math.ucla.edu/wp-content/uploads/2021/09/basic-02S.pdf | https://ww3.math.ucla.edu/wp-content/uploads/2021/09/basic-02W.pdf | https://ww3.math.ucla.edu/wp-content/uploads/2021/09/basic-03F.pdf | https://ww3.math.ucla.edu/wp-content/uploads/2021/09/basic-03S.pdf | https://ww3.math.ucla.edu/wp-content/uploads/2021/09/basic-04F.pdf | https://ww3.math.ucla.edu/wp-content/uploads/2021/09/basic-04S.pdf | https://ww3.math.ucla.edu/wp-content/uploads/2021/09/basic-05F.pdf | https://ww3.math.ucla.edu/wp-content/uploads/2021/09/basic-05S.pdf | https://ww3.math.ucla.edu/wp-content/uploads/2021/09/basic-06S.pdf | https://ww3.math.ucla.edu/wp-content/uploads/2021/09/basic-06W.pdf | https://ww3.math.ucla.edu/wp-content/uploads/2021/09/basic-07F.pdf | https://ww3.math.ucla.edu/wp-content/uploads/2021/09/basic-07S.pdf | https://ww3.math.ucla.edu/wp-content/uploads/2021/09/basic-08F.pdf | https://ww3.math.ucla.edu/wp-content/uploads/2021/09/basic-08S.pdf | https://ww3.math.ucla.edu/wp-content/uploads/2021/09/basic-09F.pdf | https://ww3.math.ucla.edu/wp-content/uploads/2021/09/basic-09S.pdf | https://ww3.math.ucla.edu/wp-content/uploads/2021/09/basic-10F.pdf | https://ww3.math.ucla.edu/wp-content/uploads/2021/09/basic-10S.pdf | https://ww3.math.ucla.edu/wp-content/uploads/2021/09/basic-11F.pdf | https://ww3.math.ucla.edu/wp-content/uploads/2021/09/basic-11S.pdf | https://ww3.math.ucla.edu/wp-content/uploads/2021/09/basic-12F.pdf | https://ww3.math.ucla.edu/wp-content/uploads/2021/09/basic-12S.pdf | https://ww3.math.ucla.edu/wp-content/uploads/2021/09/basic-13F.pdf | https://ww3.math.ucla.edu/wp-content/uploads/2021/09/basic-13S.pdf | https://ww3.math.ucla.edu/wp-content/uploads/2021/09/basic-14F.pdf | https://ww3.math.ucla.edu/wp-content/uploads/2021/09/basic-14S.pdf | https://ww3.math.ucla.edu/wp-content/uploads/2021/09/basic-15F.pdf | https://ww3.math.ucla.edu/wp-content/uploads/2021/09/basic-15S.pdf,,https://ww3.math.ucla.edu/past-qualifying-exams/
Mathematics,Ergodic Theory,downloaded,https://ww3.math.ucla.edu/past-qualifying-exams/ | https://ww3.math.ucla.edu/wp-content/uploads/2021/09/basic-01F.pdf | https://ww3.math.ucla.edu/wp-content/uploads/2021/09/basic-02F.pdf | https://ww3.math.ucla.edu/wp-content/uploads/2021/09/basic-02S.pdf | https://ww3.math.ucla.edu/wp-content/uploads/2021/09/basic-02W.pdf | https://ww3.math.ucla.edu/wp-content/uploads/2021/09/basic-03F.pdf | https://ww3.math.ucla.edu/wp-content/uploads/2021/09/basic-03S.pdf | https://ww3.math.ucla.edu/wp-content/uploads/2021/09/basic-04F.pdf | https://ww3.math.ucla.edu/wp-content/uploads/2021/09/basic-04S.pdf | https://ww3.math.ucla.edu/wp-content/uploads/2021/09/basic-05F.pdf | https://ww3.math.ucla.edu/wp-content/uploads/2021/09/basic-05S.pdf | https://ww3.math.ucla.edu/wp-content/uploads/2021/09/basic-06S.pdf | https://ww3.math.ucla.edu/wp-content/uploads/2021/09/basic-06W.pdf | https://ww3.math.ucla.edu/wp-content/uploads/2021/09/basic-07F.pdf | https://ww3.math.ucla.edu/wp-content/uploads/2021/09/basic-07S.pdf | https://ww3.math.ucla.edu/wp-content/uploads/2021/09/basic-08F.pdf | https://ww3.math.ucla.edu/wp-content/uploads/2021/09/basic-08S.pdf | https://ww3.math.ucla.edu/wp-content/uploads/2021/09/basic-09F.pdf | https://ww3.math.ucla.edu/wp-content/uploads/2021/09/basic-09S.pdf | https://ww3.math.ucla.edu/wp-content/uploads/2021/09/basic-10F.pdf | https://ww3.math.ucla.edu/wp-content/uploads/2021/09/basic-10S.pdf | https://ww3.math.ucla.edu/wp-content/uploads/2021/09/basic-11F.pdf | https://ww3.math.ucla.edu/wp-content/uploads/2021/09/basic-11S.pdf | https://ww3.math.ucla.edu/wp-content/uploads/2021/09/basic-12F.pdf | https://ww3.math.ucla.edu/wp-content/uploads/2021/09/basic-12S.pdf | https://ww3.math.ucla.edu/wp-content/uploads/2021/09/basic-13F.pdf | https://ww3.math.ucla.edu/wp-content/uploads/2021/09/basic-13S.pdf | https://ww3.math.ucla.edu/wp-content/uploads/2021/09/basic-14F.pdf | https://ww3.math.ucla.edu/wp-content/uploads/2021/09/basic-14S.pdf | https://ww3.math.ucla.edu/wp-content/uploads/2021/09/basic-15F.pdf | https://ww3.math.ucla.edu/wp-content/uploads/2021/09/basic-15S.pdf,,https://ww3.math.ucla.edu/past-qualifying-exams/
Mathematics,Functional Analysis,downloaded,https://ww3.math.ucla.edu/past-qualifying-exams/ | https://ww3.math.ucla.edu/wp-content/uploads/2021/09/basic-01F.pdf | https://ww3.math.ucla.edu/wp-content/uploads/2021/09/basic-02F.pdf | https://ww3.math.ucla.edu/wp-content/uploads/2021/09/basic-02S.pdf | https://ww3.math.ucla.edu/wp-content/uploads/2021/09/basic-02W.pdf | https://ww3.math.ucla.edu/wp-content/uploads/2021/09/basic-03F.pdf | https://ww3.math.ucla.edu/wp-content/uploads/2021/09/basic-03S.pdf | https://ww3.math.ucla.edu/wp-content/uploads/2021/09/basic-04F.pdf | https://ww3.math.ucla.edu/wp-content/uploads/2021/09/basic-04S.pdf | https://ww3.math.ucla.edu/wp-content/uploads/2021/09/basic-05F.pdf | https://ww3.math.ucla.edu/wp-content/uploads/2021/09/basic-05S.pdf | https://ww3.math.ucla.edu/wp-content/uploads/2021/09/basic-06S.pdf | https://ww3.math.ucla.edu/wp-content/uploads/2021/09/basic-06W.pdf | https://ww3.math.ucla.edu/wp-content/uploads/2021/09/basic-07F.pdf | https://ww3.math.ucla.edu/wp-content/uploads/2021/09/basic-07S.pdf | https://ww3.math.ucla.edu/wp-content/uploads/2021/09/basic-08F.pdf | https://ww3.math.ucla.edu/wp-content/uploads/2021/09/basic-08S.pdf | https://ww3.math.ucla.edu/wp-content/uploads/2021/09/basic-09F.pdf | https://ww3.math.ucla.edu/wp-content/uploads/2021/09/basic-09S.pdf | https://ww3.math.ucla.edu/wp-content/uploads/2021/09/basic-10F.pdf | https://ww3.math.ucla.edu/wp-content/uploads/2021/09/basic-10S.pdf | https://ww3.math.ucla.edu/wp-content/uploads/2021/09/basic-11F.pdf | https://ww3.math.ucla.edu/wp-content/uploads/2021/09/basic-11S.pdf | https://ww3.math.ucla.edu/wp-content/uploads/2021/09/basic-12F.pdf | https://ww3.math.ucla.edu/wp-content/uploads/2021/09/basic-12S.pdf | https://ww3.math.ucla.edu/wp-content/uploads/2021/09/basic-13F.pdf | https://ww3.math.ucla.edu/wp-content/uploads/2021/09/basic-13S.pdf | https://ww3.math.ucla.edu/wp-content/uploads/2021/09/basic-14F.pdf | https://ww3.math.ucla.edu/wp-content/uploads/2021/09/basic-14S.pdf | https://ww3.math.ucla.edu/wp-content/uploads/2021/09/basic-15F.pdf | https://ww3.math.ucla.edu/wp-content/uploads/2021/09/basic-15S.pdf,,https://ww3.math.ucla.edu/past-qualifying-exams/
Mathematics,Graph Theory,downloaded,https://ww3.math.ucla.edu/past-qualifying-exams/ | https://ww3.math.ucla.edu/wp-content/uploads/2021/09/basic-01F.pdf | https://ww3.math.ucla.edu/wp-content/uploads/2021/09/basic-02F.pdf | https://ww3.math.ucla.edu/wp-content/uploads/2021/09/basic-02S.pdf | https://ww3.math.ucla.edu/wp-content/uploads/2021/09/basic-02W.pdf | https://ww3.math.ucla.edu/wp-content/uploads/2021/09/basic-03F.pdf | https://ww3.math.ucla.edu/wp-content/uploads/2021/09/basic-03S.pdf | https://ww3.math.ucla.edu/wp-content/uploads/2021/09/basic-04F.pdf | https://ww3.math.ucla.edu/wp-content/uploads/2021/09/basic-04S.pdf | https://ww3.math.ucla.edu/wp-content/uploads/2021/09/basic-05F.pdf | https://ww3.math.ucla.edu/wp-content/uploads/2021/09/basic-05S.pdf | https://ww3.math.ucla.edu/wp-content/uploads/2021/09/basic-06S.pdf | https://ww3.math.ucla.edu/wp-content/uploads/2021/09/basic-06W.pdf | https://ww3.math.ucla.edu/wp-content/uploads/2021/09/basic-07F.pdf | https://ww3.math.ucla.edu/wp-content/uploads/2021/09/basic-07S.pdf | https://ww3.math.ucla.edu/wp-content/uploads/2021/09/basic-08F.pdf | https://ww3.math.ucla.edu/wp-content/uploads/2021/09/basic-08S.pdf | https://ww3.math.ucla.edu/wp-content/uploads/2021/09/basic-09F.pdf | https://ww3.math.ucla.edu/wp-content/uploads/2021/09/basic-09S.pdf | https://ww3.math.ucla.edu/wp-content/uploads/2021/09/basic-10F.pdf | https://ww3.math.ucla.edu/wp-content/uploads/2021/09/basic-10S.pdf | https://ww3.math.ucla.edu/wp-content/uploads/2021/09/basic-11F.pdf | https://ww3.math.ucla.edu/wp-content/uploads/2021/09/basic-11S.pdf | https://ww3.math.ucla.edu/wp-content/uploads/2021/09/basic-12F.pdf | https://ww3.math.ucla.edu/wp-content/uploads/2021/09/basic-12S.pdf | https://ww3.math.ucla.edu/wp-content/uploads/2021/09/basic-13F.pdf | https://ww3.math.ucla.edu/wp-content/uploads/2021/09/basic-13S.pdf | https://ww3.math.ucla.edu/wp-content/uploads/2021/09/basic-14F.pdf | https://ww3.math.ucla.edu/wp-content/uploads/2021/09/basic-14S.pdf | https://ww3.math.ucla.edu/wp-content/uploads/2021/09/basic-15F.pdf | https://ww3.math.ucla.edu/wp-content/uploads/2021/09/basic-15S.pdf,,https://ww3.math.ucla.edu/past-qualifying-exams/
Mathematics,Harmonic Analysis,downloaded,https://ww3.math.ucla.edu/past-qualifying-exams/ | https://ww3.math.ucla.edu/wp-content/uploads/2021/09/basic-01F.pdf | https://ww3.math.ucla.edu/wp-content/uploads/2021/09/basic-02F.pdf | https://ww3.math.ucla.edu/wp-content/uploads/2021/09/basic-02S.pdf | https://ww3.math.ucla.edu/wp-content/uploads/2021/09/basic-02W.pdf | https://ww3.math.ucla.edu/wp-content/uploads/2021/09/basic-03F.pdf | https://ww3.math.ucla.edu/wp-content/uploads/2021/09/basic-03S.pdf | https://ww3.math.ucla.edu/wp-content/uploads/2021/09/basic-04F.pdf | https://ww3.math.ucla.edu/wp-content/uploads/2021/09/basic-04S.pdf | https://ww3.math.ucla.edu/wp-content/uploads/2021/09/basic-05F.pdf | https://ww3.math.ucla.edu/wp-content/uploads/2021/09/basic-05S.pdf | https://ww3.math.ucla.edu/wp-content/uploads/2021/09/basic-06S.pdf | https://ww3.math.ucla.edu/wp-content/uploads/2021/09/basic-06W.pdf | https://ww3.math.ucla.edu/wp-content/uploads/2021/09/basic-07F.pdf | https://ww3.math.ucla.edu/wp-content/uploads/2021/09/basic-07S.pdf | https://ww3.math.ucla.edu/wp-content/uploads/2021/09/basic-08F.pdf | https://ww3.math.ucla.edu/wp-content/uploads/2021/09/basic-08S.pdf | https://ww3.math.ucla.edu/wp-content/uploads/2021/09/basic-09F.pdf | https://ww3.math.ucla.edu/wp-content/uploads/2021/09/basic-09S.pdf | https://ww3.math.ucla.edu/wp-content/uploads/2021/09/basic-10F.pdf | https://ww3.math.ucla.edu/wp-content/uploads/2021/09/basic-10S.pdf | https://ww3.math.ucla.edu/wp-content/uploads/2021/09/basic-11F.pdf | https://ww3.math.ucla.edu/wp-content/uploads/2021/09/basic-11S.pdf | https://ww3.math.ucla.edu/wp-content/uploads/2021/09/basic-12F.pdf | https://ww3.math.ucla.edu/wp-content/uploads/2021/09/basic-12S.pdf | https://ww3.math.ucla.edu/wp-content/uploads/2021/09/basic-13F.pdf | https://ww3.math.ucla.edu/wp-content/uploads/2021/09/basic-13S.pdf | https://ww3.math.ucla.edu/wp-content/uploads/2021/09/basic-14F.pdf | https://ww3.math.ucla.edu/wp-content/uploads/2021/09/basic-14S.pdf | https://ww3.math.ucla.edu/wp-content/uploads/2021/09/basic-15F.pdf | https://ww3.math.ucla.edu/wp-content/uploads/2021/09/basic-15S.pdf,,https://ww3.math.ucla.edu/past-qualifying-exams/
Mathematics,Homological Algebra,downloaded,https://ww3.math.ucla.edu/past-qualifying-exams/ | https://ww3.math.ucla.edu/wp-content/uploads/2021/09/basic-01F.pdf | https://ww3.math.ucla.edu/wp-content/uploads/2021/09/basic-02F.pdf | https://ww3.math.ucla.edu/wp-content/uploads/2021/09/basic-02S.pdf | https://ww3.math.ucla.edu/wp-content/uploads/2021/09/basic-02W.pdf | https://ww3.math.ucla.edu/wp-content/uploads/2021/09/basic-03F.pdf | https://ww3.math.ucla.edu/wp-content/uploads/2021/09/basic-03S.pdf | https://ww3.math.ucla.edu/wp-content/uploads/2021/09/basic-04F.pdf | https://ww3.math.ucla.edu/wp-content/uploads/2021/09/basic-04S.pdf | https://ww3.math.ucla.edu/wp-content/uploads/2021/09/basic-05F.pdf | https://ww3.math.ucla.edu/wp-content/uploads/2021/09/basic-05S.pdf | https://ww3.math.ucla.edu/wp-content/uploads/2021/09/basic-06S.pdf | https://ww3.math.ucla.edu/wp-content/uploads/2021/09/basic-06W.pdf | https://ww3.math.ucla.edu/wp-content/uploads/2021/09/basic-07F.pdf | https://ww3.math.ucla.edu/wp-content/uploads/2021/09/basic-07S.pdf | https://ww3.math.ucla.edu/wp-content/uploads/2021/09/basic-08F.pdf | https://ww3.math.ucla.edu/wp-content/uploads/2021/09/basic-08S.pdf | https://ww3.math.ucla.edu/wp-content/uploads/2021/09/basic-09F.pdf | https://ww3.math.ucla.edu/wp-content/uploads/2021/09/basic-09S.pdf | https://ww3.math.ucla.edu/wp-content/uploads/2021/09/basic-10F.pdf | https://ww3.math.ucla.edu/wp-content/uploads/2021/09/basic-10S.pdf | https://ww3.math.ucla.edu/wp-content/uploads/2021/09/basic-11F.pdf | https://ww3.math.ucla.edu/wp-content/uploads/2021/09/basic-11S.pdf | https://ww3.math.ucla.edu/wp-content/uploads/2021/09/basic-12F.pdf | https://ww3.math.ucla.edu/wp-content/uploads/2021/09/basic-12S.pdf | https://ww3.math.ucla.edu/wp-content/uploads/2021/09/basic-13F.pdf | https://ww3.math.ucla.edu/wp-content/uploads/2021/09/basic-13S.pdf | https://ww3.math.ucla.edu/wp-content/uploads/2021/09/basic-14F.pdf | https://ww3.math.ucla.edu/wp-content/uploads/2021/09/basic-14S.pdf | https://ww3.math.ucla.edu/wp-content/uploads/2021/09/basic-15F.pdf | https://ww3.math.ucla.edu/wp-content/uploads/2021/09/basic-15S.pdf,,https://ww3.math.ucla.edu/past-qualifying-exams/
Mathematics,Lie Theory & Representation Theory,downloaded,https://ww3.math.ucla.edu/past-qualifying-exams/ | https://ww3.math.ucla.edu/wp-content/uploads/2021/09/basic-01F.pdf | https://ww3.math.ucla.edu/wp-content/uploads/2021/09/basic-02F.pdf | https://ww3.math.ucla.edu/wp-content/uploads/2021/09/basic-02S.pdf | https://ww3.math.ucla.edu/wp-content/uploads/2021/09/basic-02W.pdf | https://ww3.math.ucla.edu/wp-content/uploads/2021/09/basic-03F.pdf | https://ww3.math.ucla.edu/wp-content/uploads/2021/09/basic-03S.pdf | https://ww3.math.ucla.edu/wp-content/uploads/2021/09/basic-04F.pdf | https://ww3.math.ucla.edu/wp-content/uploads/2021/09/basic-04S.pdf | https://ww3.math.ucla.edu/wp-content/uploads/2021/09/basic-05F.pdf | https://ww3.math.ucla.edu/wp-content/uploads/2021/09/basic-05S.pdf | https://ww3.math.ucla.edu/wp-content/uploads/2021/09/basic-06S.pdf | https://ww3.math.ucla.edu/wp-content/uploads/2021/09/basic-06W.pdf | https://ww3.math.ucla.edu/wp-content/uploads/2021/09/basic-07F.pdf | https://ww3.math.ucla.edu/wp-content/uploads/2021/09/basic-07S.pdf | https://ww3.math.ucla.edu/wp-content/uploads/2021/09/basic-08F.pdf | https://ww3.math.ucla.edu/wp-content/uploads/2021/09/basic-08S.pdf | https://ww3.math.ucla.edu/wp-content/uploads/2021/09/basic-09F.pdf | https://ww3.math.ucla.edu/wp-content/uploads/2021/09/basic-09S.pdf | https://ww3.math.ucla.edu/wp-content/uploads/2021/09/basic-10F.pdf | https://ww3.math.ucla.edu/wp-content/uploads/2021/09/basic-10S.pdf | https://ww3.math.ucla.edu/wp-content/uploads/2021/09/basic-11F.pdf | https://ww3.math.ucla.edu/wp-content/uploads/2021/09/basic-11S.pdf | https://ww3.math.ucla.edu/wp-content/uploads/2021/09/basic-12F.pdf | https://ww3.math.ucla.edu/wp-content/uploads/2021/09/basic-12S.pdf | https://ww3.math.ucla.edu/wp-content/uploads/2021/09/basic-13F.pdf | https://ww3.math.ucla.edu/wp-content/uploads/2021/09/basic-13S.pdf | https://ww3.math.ucla.edu/wp-content/uploads/2021/09/basic-14F.pdf | https://ww3.math.ucla.edu/wp-content/uploads/2021/09/basic-14S.pdf | https://ww3.math.ucla.edu/wp-content/uploads/2021/09/basic-15F.pdf | https://ww3.math.ucla.edu/wp-content/uploads/2021/09/basic-15S.pdf,,https://ww3.math.ucla.edu/past-qualifying-exams/
Mathematics,Mathematical Logic,downloaded,https://ww3.math.ucla.edu/past-qualifying-exams/ | https://ww3.math.ucla.edu/wp-content/uploads/2021/09/basic-01F.pdf | https://ww3.math.ucla.edu/wp-content/uploads/2021/09/basic-02F.pdf | https://ww3.math.ucla.edu/wp-content/uploads/2021/09/basic-02S.pdf | https://ww3.math.ucla.edu/wp-content/uploads/2021/09/basic-02W.pdf | https://ww3.math.ucla.edu/wp-content/uploads/2021/09/basic-03F.pdf | https://ww3.math.ucla.edu/wp-content/uploads/2021/09/basic-03S.pdf | https://ww3.math.ucla.edu/wp-content/uploads/2021/09/basic-04F.pdf | https://ww3.math.ucla.edu/wp-content/uploads/2021/09/basic-04S.pdf | https://ww3.math.ucla.edu/wp-content/uploads/2021/09/basic-05F.pdf | https://ww3.math.ucla.edu/wp-content/uploads/2021/09/basic-05S.pdf | https://ww3.math.ucla.edu/wp-content/uploads/2021/09/basic-06S.pdf | https://ww3.math.ucla.edu/wp-content/uploads/2021/09/basic-06W.pdf | https://ww3.math.ucla.edu/wp-content/uploads/2021/09/basic-07F.pdf | https://ww3.math.ucla.edu/wp-content/uploads/2021/09/basic-07S.pdf | https://ww3.math.ucla.edu/wp-content/uploads/2021/09/basic-08F.pdf | https://ww3.math.ucla.edu/wp-content/uploads/2021/09/basic-08S.pdf | https://ww3.math.ucla.edu/wp-content/uploads/2021/09/basic-09F.pdf | https://ww3.math.ucla.edu/wp-content/uploads/2021/09/basic-09S.pdf | https://ww3.math.ucla.edu/wp-content/uploads/2021/09/basic-10F.pdf | https://ww3.math.ucla.edu/wp-content/uploads/2021/09/basic-10S.pdf | https://ww3.math.ucla.edu/wp-content/uploads/2021/09/basic-11F.pdf | https://ww3.math.ucla.edu/wp-content/uploads/2021/09/basic-11S.pdf | https://ww3.math.ucla.edu/wp-content/uploads/2021/09/basic-12F.pdf | https://ww3.math.ucla.edu/wp-content/uploads/2021/09/basic-12S.pdf | https://ww3.math.ucla.edu/wp-content/uploads/2021/09/basic-13F.pdf | https://ww3.math.ucla.edu/wp-content/uploads/2021/09/basic-13S.pdf | https://ww3.math.ucla.edu/wp-content/uploads/2021/09/basic-14F.pdf | https://ww3.math.ucla.edu/wp-content/uploads/2021/09/basic-14S.pdf | https://ww3.math.ucla.edu/wp-content/uploads/2021/09/basic-15F.pdf | https://ww3.math.ucla.edu/wp-content/uploads/2021/09/basic-15S.pdf,,https://ww3.math.ucla.edu/past-qualifying-exams/
Mathematics,Model Theory,downloaded,https://ww3.math.ucla.edu/past-qualifying-exams/ | https://ww3.math.ucla.edu/wp-content/uploads/2021/09/basic-01F.pdf | https://ww3.math.ucla.edu/wp-content/uploads/2021/09/basic-02F.pdf | https://ww3.math.ucla.edu/wp-content/uploads/2021/09/basic-02S.pdf | https://ww3.math.ucla.edu/wp-content/uploads/2021/09/basic-02W.pdf | https://ww3.math.ucla.edu/wp-content/uploads/2021/09/basic-03F.pdf | https://ww3.math.ucla.edu/wp-content/uploads/2021/09/basic-03S.pdf | https://ww3.math.ucla.edu/wp-content/uploads/2021/09/basic-04F.pdf | https://ww3.math.ucla.edu/wp-content/uploads/2021/09/basic-04S.pdf | https://ww3.math.ucla.edu/wp-content/uploads/2021/09/basic-05F.pdf | https://ww3.math.ucla.edu/wp-content/uploads/2021/09/basic-05S.pdf | https://ww3.math.ucla.edu/wp-content/uploads/2021/09/basic-06S.pdf | https://ww3.math.ucla.edu/wp-content/uploads/2021/09/basic-06W.pdf | https://ww3.math.ucla.edu/wp-content/uploads/2021/09/basic-07F.pdf | https://ww3.math.ucla.edu/wp-content/uploads/2021/09/basic-07S.pdf | https://ww3.math.ucla.edu/wp-content/uploads/2021/09/basic-08F.pdf | https://ww3.math.ucla.edu/wp-content/uploads/2021/09/basic-08S.pdf | https://ww3.math.ucla.edu/wp-content/uploads/2021/09/basic-09F.pdf | https://ww3.math.ucla.edu/wp-content/uploads/2021/09/basic-09S.pdf | https://ww3.math.ucla.edu/wp-content/uploads/2021/09/basic-10F.pdf | https://ww3.math.ucla.edu/wp-content/uploads/2021/09/basic-10S.pdf | https://ww3.math.ucla.edu/wp-content/uploads/2021/09/basic-11F.pdf | https://ww3.math.ucla.edu/wp-content/uploads/2021/09/basic-11S.pdf | https://ww3.math.ucla.edu/wp-content/uploads/2021/09/basic-12F.pdf | https://ww3.math.ucla.edu/wp-content/uploads/2021/09/basic-12S.pdf | https://ww3.math.ucla.edu/wp-content/uploads/2021/09/basic-13F.pdf | https://ww3.math.ucla.edu/wp-content/uploads/2021/09/basic-13S.pdf | https://ww3.math.ucla.edu/wp-content/uploads/2021/09/basic-14F.pdf | https://ww3.math.ucla.edu/wp-content/uploads/2021/09/basic-14S.pdf | https://ww3.math.ucla.edu/wp-content/uploads/2021/09/basic-15F.pdf | https://ww3.math.ucla.edu/wp-content/uploads/2021/09/basic-15S.pdf,,https://ww3.math.ucla.edu/past-qualifying-exams/
Mathematics,Number Theory (analytic & algebraic),downloaded,https://ww3.math.ucla.edu/past-qualifying-exams/ | https://ww3.math.ucla.edu/wp-content/uploads/2021/09/basic-01F.pdf | https://ww3.math.ucla.edu/wp-content/uploads/2021/09/basic-02F.pdf | https://ww3.math.ucla.edu/wp-content/uploads/2021/09/basic-02S.pdf | https://ww3.math.ucla.edu/wp-content/uploads/2021/09/basic-02W.pdf | https://ww3.math.ucla.edu/wp-content/uploads/2021/09/basic-03F.pdf | https://ww3.math.ucla.edu/wp-content/uploads/2021/09/basic-03S.pdf | https://ww3.math.ucla.edu/wp-content/uploads/2021/09/basic-04F.pdf | https://ww3.math.ucla.edu/wp-content/uploads/2021/09/basic-04S.pdf | https://ww3.math.ucla.edu/wp-content/uploads/2021/09/basic-05F.pdf | https://ww3.math.ucla.edu/wp-content/uploads/2021/09/basic-05S.pdf | https://ww3.math.ucla.edu/wp-content/uploads/2021/09/basic-06S.pdf | https://ww3.math.ucla.edu/wp-content/uploads/2021/09/basic-06W.pdf | https://ww3.math.ucla.edu/wp-content/uploads/2021/09/basic-07F.pdf | https://ww3.math.ucla.edu/wp-content/uploads/2021/09/basic-07S.pdf | https://ww3.math.ucla.edu/wp-content/uploads/2021/09/basic-08F.pdf | https://ww3.math.ucla.edu/wp-content/uploads/2021/09/basic-08S.pdf | https://ww3.math.ucla.edu/wp-content/uploads/2021/09/basic-09F.pdf | https://ww3.math.ucla.edu/wp-content/uploads/2021/09/basic-09S.pdf | https://ww3.math.ucla.edu/wp-content/uploads/2021/09/basic-10F.pdf | https://ww3.math.ucla.edu/wp-content/uploads/2021/09/basic-10S.pdf | https://ww3.math.ucla.edu/wp-content/uploads/2021/09/basic-11F.pdf | https://ww3.math.ucla.edu/wp-content/uploads/2021/09/basic-11S.pdf | https://ww3.math.ucla.edu/wp-content/uploads/2021/09/basic-12F.pdf | https://ww3.math.ucla.edu/wp-content/uploads/2021/09/basic-12S.pdf | https://ww3.math.ucla.edu/wp-content/uploads/2021/09/basic-13F.pdf | https://ww3.math.ucla.edu/wp-content/uploads/2021/09/basic-13S.pdf | https://ww3.math.ucla.edu/wp-content/uploads/2021/09/basic-14F.pdf | https://ww3.math.ucla.edu/wp-content/uploads/2021/09/basic-14S.pdf | https://ww3.math.ucla.edu/wp-content/uploads/2021/09/basic-15F.pdf | https://ww3.math.ucla.edu/wp-content/uploads/2021/09/basic-15S.pdf,,https://ww3.math.ucla.edu/past-qualifying-exams/
Mathematics,Operator Algebras,downloaded,https://ww3.math.ucla.edu/past-qualifying-exams/ | https://ww3.math.ucla.edu/wp-content/uploads/2021/09/basic-01F.pdf | https://ww3.math.ucla.edu/wp-content/uploads/2021/09/basic-02F.pdf | https://ww3.math.ucla.edu/wp-content/uploads/2021/09/basic-02S.pdf | https://ww3.math.ucla.edu/wp-content/uploads/2021/09/basic-02W.pdf | https://ww3.math.ucla.edu/wp-content/uploads/2021/09/basic-03F.pdf | https://ww3.math.ucla.edu/wp-content/uploads/2021/09/basic-03S.pdf | https://ww3.math.ucla.edu/wp-content/uploads/2021/09/basic-04F.pdf | https://ww3.math.ucla.edu/wp-content/uploads/2021/09/basic-04S.pdf | https://ww3.math.ucla.edu/wp-content/uploads/2021/09/basic-05F.pdf | https://ww3.math.ucla.edu/wp-content/uploads/2021/09/basic-05S.pdf | https://ww3.math.ucla.edu/wp-content/uploads/2021/09/basic-06S.pdf | https://ww3.math.ucla.edu/wp-content/uploads/2021/09/basic-06W.pdf | https://ww3.math.ucla.edu/wp-content/uploads/2021/09/basic-07F.pdf | https://ww3.math.ucla.edu/wp-content/uploads/2021/09/basic-07S.pdf | https://ww3.math.ucla.edu/wp-content/uploads/2021/09/basic-08F.pdf | https://ww3.math.ucla.edu/wp-content/uploads/2021/09/basic-08S.pdf | https://ww3.math.ucla.edu/wp-content/uploads/2021/09/basic-09F.pdf | https://ww3.math.ucla.edu/wp-content/uploads/2021/09/basic-09S.pdf | https://ww3.math.ucla.edu/wp-content/uploads/2021/09/basic-10F.pdf | https://ww3.math.ucla.edu/wp-content/uploads/2021/09/basic-10S.pdf | https://ww3.math.ucla.edu/wp-content/uploads/2021/09/basic-11F.pdf | https://ww3.math.ucla.edu/wp-content/uploads/2021/09/basic-11S.pdf | https://ww3.math.ucla.edu/wp-content/uploads/2021/09/basic-12F.pdf | https://ww3.math.ucla.edu/wp-content/uploads/2021/09/basic-12S.pdf | https://ww3.math.ucla.edu/wp-content/uploads/2021/09/basic-13F.pdf | https://ww3.math.ucla.edu/wp-content/uploads/2021/09/basic-13S.pdf | https://ww3.math.ucla.edu/wp-content/uploads/2021/09/basic-14F.pdf | https://ww3.math.ucla.edu/wp-content/uploads/2021/09/basic-14S.pdf | https://ww3.math.ucla.edu/wp-content/uploads/2021/09/basic-15F.pdf | https://ww3.math.ucla.edu/wp-content/uploads/2021/09/basic-15S.pdf,,https://ww3.math.ucla.edu/past-qualifying-exams/
Mathematics,Partial Differential Equations,downloaded,https://ww3.math.ucla.edu/past-qualifying-exams/ | https://ww3.math.ucla.edu/wp-content/uploads/2021/09/basic-01F.pdf | https://ww3.math.ucla.edu/wp-content/uploads/2021/09/basic-02F.pdf | https://ww3.math.ucla.edu/wp-content/uploads/2021/09/basic-02S.pdf | https://ww3.math.ucla.edu/wp-content/uploads/2021/09/basic-02W.pdf | https://ww3.math.ucla.edu/wp-content/uploads/2021/09/basic-03F.pdf | https://ww3.math.ucla.edu/wp-content/uploads/2021/09/basic-03S.pdf | https://ww3.math.ucla.edu/wp-content/uploads/2021/09/basic-04F.pdf | https://ww3.math.ucla.edu/wp-content/uploads/2021/09/basic-04S.pdf | https://ww3.math.ucla.edu/wp-content/uploads/2021/09/basic-05F.pdf | https://ww3.math.ucla.edu/wp-content/uploads/2021/09/basic-05S.pdf | https://ww3.math.ucla.edu/wp-content/uploads/2021/09/basic-06S.pdf | https://ww3.math.ucla.edu/wp-content/uploads/2021/09/basic-06W.pdf | https://ww3.math.ucla.edu/wp-content/uploads/2021/09/basic-07F.pdf | https://ww3.math.ucla.edu/wp-content/uploads/2021/09/basic-07S.pdf | https://ww3.math.ucla.edu/wp-content/uploads/2021/09/basic-08F.pdf | https://ww3.math.ucla.edu/wp-content/uploads/2021/09/basic-08S.pdf | https://ww3.math.ucla.edu/wp-content/uploads/2021/09/basic-09F.pdf | https://ww3.math.ucla.edu/wp-content/uploads/2021/09/basic-09S.pdf | https://ww3.math.ucla.edu/wp-content/uploads/2021/09/basic-10F.pdf | https://ww3.math.ucla.edu/wp-content/uploads/2021/09/basic-10S.pdf | https://ww3.math.ucla.edu/wp-content/uploads/2021/09/basic-11F.pdf | https://ww3.math.ucla.edu/wp-content/uploads/2021/09/basic-11S.pdf | https://ww3.math.ucla.edu/wp-content/uploads/2021/09/basic-12F.pdf | https://ww3.math.ucla.edu/wp-content/uploads/2021/09/basic-12S.pdf | https://ww3.math.ucla.edu/wp-content/uploads/2021/09/basic-13F.pdf | https://ww3.math.ucla.edu/wp-content/uploads/2021/09/basic-13S.pdf | https://ww3.math.ucla.edu/wp-content/uploads/2021/09/basic-14F.pdf | https://ww3.math.ucla.edu/wp-content/uploads/2021/09/basic-14S.pdf | https://ww3.math.ucla.edu/wp-content/uploads/2021/09/basic-15F.pdf | https://ww3.math.ucla.edu/wp-content/uploads/2021/09/basic-15S.pdf,,https://ww3.math.ucla.edu/past-qualifying-exams/
Mathematics,Real & Complex Analysis,downloaded,https://ww3.math.ucla.edu/past-qualifying-exams/ | https://ww3.math.ucla.edu/wp-content/uploads/2021/09/basic-01F.pdf | https://ww3.math.ucla.edu/wp-content/uploads/2021/09/basic-02F.pdf | https://ww3.math.ucla.edu/wp-content/uploads/2021/09/basic-02S.pdf | https://ww3.math.ucla.edu/wp-content/uploads/2021/09/basic-02W.pdf | https://ww3.math.ucla.edu/wp-content/uploads/2021/09/basic-03F.pdf | https://ww3.math.ucla.edu/wp-content/uploads/2021/09/basic-03S.pdf | https://ww3.math.ucla.edu/wp-content/uploads/2021/09/basic-04F.pdf | https://ww3.math.ucla.edu/wp-content/uploads/2021/09/basic-04S.pdf | https://ww3.math.ucla.edu/wp-content/uploads/2021/09/basic-05F.pdf | https://ww3.math.ucla.edu/wp-content/uploads/2021/09/basic-05S.pdf | https://ww3.math.ucla.edu/wp-content/uploads/2021/09/basic-06S.pdf | https://ww3.math.ucla.edu/wp-content/uploads/2021/09/basic-06W.pdf | https://ww3.math.ucla.edu/wp-content/uploads/2021/09/basic-07F.pdf | https://ww3.math.ucla.edu/wp-content/uploads/2021/09/basic-07S.pdf | https://ww3.math.ucla.edu/wp-content/uploads/2021/09/basic-08F.pdf | https://ww3.math.ucla.edu/wp-content/uploads/2021/09/basic-08S.pdf | https://ww3.math.ucla.edu/wp-content/uploads/2021/09/basic-09F.pdf | https://ww3.math.ucla.edu/wp-content/uploads/2021/09/basic-09S.pdf | https://ww3.math.ucla.edu/wp-content/uploads/2021/09/basic-10F.pdf | https://ww3.math.ucla.edu/wp-content/uploads/2021/09/basic-10S.pdf | https://ww3.math.ucla.edu/wp-content/uploads/2021/09/basic-11F.pdf | https://ww3.math.ucla.edu/wp-content/uploads/2021/09/basic-11S.pdf | https://ww3.math.ucla.edu/wp-content/uploads/2021/09/basic-12F.pdf | https://ww3.math.ucla.edu/wp-content/uploads/2021/09/basic-12S.pdf | https://ww3.math.ucla.edu/wp-content/uploads/2021/09/basic-13F.pdf | https://ww3.math.ucla.edu/wp-content/uploads/2021/09/basic-13S.pdf | https://ww3.math.ucla.edu/wp-content/uploads/2021/09/basic-14F.pdf | https://ww3.math.ucla.edu/wp-content/uploads/2021/09/basic-14S.pdf | https://ww3.math.ucla.edu/wp-content/uploads/2021/09/basic-15F.pdf | https://ww3.math.ucla.edu/wp-content/uploads/2021/09/basic-15S.pdf,,https://ww3.math.ucla.edu/past-qualifying-exams/
Mathematics,Set Theory & Foundations,downloaded,https://ww3.math.ucla.edu/past-qualifying-exams/ | https://ww3.math.ucla.edu/wp-content/uploads/2021/09/basic-01F.pdf | https://ww3.math.ucla.edu/wp-content/uploads/2021/09/basic-02F.pdf | https://ww3.math.ucla.edu/wp-content/uploads/2021/09/basic-02S.pdf | https://ww3.math.ucla.edu/wp-content/uploads/2021/09/basic-02W.pdf | https://ww3.math.ucla.edu/wp-content/uploads/2021/09/basic-03F.pdf | https://ww3.math.ucla.edu/wp-content/uploads/2021/09/basic-03S.pdf | https://ww3.math.ucla.edu/wp-content/uploads/2021/09/basic-04F.pdf | https://ww3.math.ucla.edu/wp-content/uploads/2021/09/basic-04S.pdf | https://ww3.math.ucla.edu/wp-content/uploads/2021/09/basic-05F.pdf | https://ww3.math.ucla.edu/wp-content/uploads/2021/09/basic-05S.pdf | https://ww3.math.ucla.edu/wp-content/uploads/2021/09/basic-06S.pdf | https://ww3.math.ucla.edu/wp-content/uploads/2021/09/basic-06W.pdf | https://ww3.math.ucla.edu/wp-content/uploads/2021/09/basic-07F.pdf | https://ww3.math.ucla.edu/wp-content/uploads/2021/09/basic-07S.pdf | https://ww3.math.ucla.edu/wp-content/uploads/2021/09/basic-08F.pdf | https://ww3.math.ucla.edu/wp-content/uploads/2021/09/basic-08S.pdf | https://ww3.math.ucla.edu/wp-content/uploads/2021/09/basic-09F.pdf | https://ww3.math.ucla.edu/wp-content/uploads/2021/09/basic-09S.pdf | https://ww3.math.ucla.edu/wp-content/uploads/2021/09/basic-10F.pdf | https://ww3.math.ucla.edu/wp-content/uploads/2021/09/basic-10S.pdf | https://ww3.math.ucla.edu/wp-content/uploads/2021/09/basic-11F.pdf | https://ww3.math.ucla.edu/wp-content/uploads/2021/09/basic-11S.pdf | https://ww3.math.ucla.edu/wp-content/uploads/2021/09/basic-12F.pdf | https://ww3.math.ucla.edu/wp-content/uploads/2021/09/basic-12S.pdf | https://ww3.math.ucla.edu/wp-content/uploads/2021/09/basic-13F.pdf | https://ww3.math.ucla.edu/wp-content/uploads/2021/09/basic-13S.pdf | https://ww3.math.ucla.edu/wp-content/uploads/2021/09/basic-14F.pdf | https://ww3.math.ucla.edu/wp-content/uploads/2021/09/basic-14S.pdf | https://ww3.math.ucla.edu/wp-content/uploads/2021/09/basic-15F.pdf | https://ww3.math.ucla.edu/wp-content/uploads/2021/09/basic-15S.pdf,,https://ww3.math.ucla.edu/past-qualifying-exams/
Mathematics,Topology (algebraic & geometric),downloaded,https://ww3.math.ucla.edu/past-qualifying-exams/ | https://ww3.math.ucla.edu/wp-content/uploads/2021/09/basic-01F.pdf | https://ww3.math.ucla.edu/wp-content/uploads/2021/09/basic-02F.pdf | https://ww3.math.ucla.edu/wp-content/uploads/2021/09/basic-02S.pdf | https://ww3.math.ucla.edu/wp-content/uploads/2021/09/basic-02W.pdf | https://ww3.math.ucla.edu/wp-content/uploads/2021/09/basic-03F.pdf | https://ww3.math.ucla.edu/wp-content/uploads/2021/09/basic-03S.pdf | https://ww3.math.ucla.edu/wp-content/uploads/2021/09/basic-04F.pdf | https://ww3.math.ucla.edu/wp-content/uploads/2021/09/basic-04S.pdf | https://ww3.math.ucla.edu/wp-content/uploads/2021/09/basic-05F.pdf | https://ww3.math.ucla.edu/wp-content/uploads/2021/09/basic-05S.pdf | https://ww3.math.ucla.edu/wp-content/uploads/2021/09/basic-06S.pdf | https://ww3.math.ucla.edu/wp-content/uploads/2021/09/basic-06W.pdf | https://ww3.math.ucla.edu/wp-content/uploads/2021/09/basic-07F.pdf | https://ww3.math.ucla.edu/wp-content/uploads/2021/09/basic-07S.pdf | https://ww3.math.ucla.edu/wp-content/uploads/2021/09/basic-08F.pdf | https://ww3.math.ucla.edu/wp-content/uploads/2021/09/basic-08S.pdf | https://ww3.math.ucla.edu/wp-content/uploads/2021/09/basic-09F.pdf | https://ww3.math.ucla.edu/wp-content/uploads/2021/09/basic-09S.pdf | https://ww3.math.ucla.edu/wp-content/uploads/2021/09/basic-10F.pdf | https://ww3.math.ucla.edu/wp-content/uploads/2021/09/basic-10S.pdf | https://ww3.math.ucla.edu/wp-content/uploads/2021/09/basic-11F.pdf | https://ww3.math.ucla.edu/wp-content/uploads/2021/09/basic-11S.pdf | https://ww3.math.ucla.edu/wp-content/uploads/2021/09/basic-12F.pdf | https://ww3.math.ucla.edu/wp-content/uploads/2021/09/basic-12S.pdf | https://ww3.math.ucla.edu/wp-content/uploads/2021/09/basic-13F.pdf | https://ww3.math.ucla.edu/wp-content/uploads/2021/09/basic-13S.pdf | https://ww3.math.ucla.edu/wp-content/uploads/2021/09/basic-14F.pdf | https://ww3.math.ucla.edu/wp-content/uploads/2021/09/basic-14S.pdf | https://ww3.math.ucla.edu/wp-content/uploads/2021/09/basic-15F.pdf | https://ww3.math.ucla.edu/wp-content/uploads/2021/09/basic-15S.pdf,,https://ww3.math.ucla.edu/past-qualifying-exams/
Applied Mathematics,Applied PDEs & Modeling,downloaded,https://blogs.uoregon.edu/mathresources/qualifying-exam-archives/ | https://blogs.uoregon.edu/mathresources/files/2024/10/AppliedQualFall2024.pdf | https://blogs.uoregon.edu/mathresources/files/2023/06/AppliedMathQualF20.pdf | https://blogs.uoregon.edu/mathresources/files/2025/10/AlgebraFall2025.pdf | https://blogs.uoregon.edu/mathresources/files/2024/10/AlgebraQualFall2024.pdf | https://blogs.uoregon.edu/mathresources/files/2024/04/2024-Winterq-d186a5340dad5181.pdf | https://blogs.uoregon.edu/mathresources/files/2024/04/2024-Wintera-b88a6775970f8073.pdf | https://blogs.uoregon.edu/mathresources/files/2024/04/2023-Fallq-cac75a742242d424.pdf | https://blogs.uoregon.edu/mathresources/files/2024/04/2023-Falla-966d042b6abdd771.pdf | https://blogs.uoregon.edu/mathresources/files/2024/08/AlgebraQual_F22.pdf | https://blogs.uoregon.edu/mathresources/files/2023/06/AlgebraQual_F21.pdf | https://blogs.uoregon.edu/mathresources/files/2023/06/AlgebraQualW21_20200917.pdf | https://blogs.uoregon.edu/mathresources/files/2023/06/AlgebraF20.pdf | https://blogs.uoregon.edu/mathresources/files/2023/06/AlgebraSept2019Exam.pdf | https://blogs.uoregon.edu/mathresources/files/2023/06/qual18winter.pdf | https://blogs.uoregon.edu/mathresources/files/2023/06/qual18fall.pdf | https://blogs.uoregon.edu/mathresources/files/2023/06/Algebra17_Qual_Winter.pdf | https://blogs.uoregon.edu/mathresources/files/2023/06/Algebra17_Qual_Fall.pdf | https://blogs.uoregon.edu/mathresources/files/2023/06/alg_qual_16F.pdf,https://blogs.uoregon.edu/mathresources/files/2025/10/AlgebraFall2025Sols.pdf | https://blogs.uoregon.edu/mathresources/files/2023/06/AlgebraSept2019solutions.pdf | https://blogs.uoregon.edu/mathresources/files/2023/06/qual18wintersol.pdf | https://blogs.uoregon.edu/mathresources/files/2023/06/qual18fallsol.pdf | https://blogs.uoregon.edu/mathresources/files/2023/06/Algebra17_Qual_Winter_Solutions.pdf | https://blogs.uoregon.edu/mathresources/files/2023/06/Algebra17_Qual_Fall_Solutions.pdf | https://blogs.uoregon.edu/mathresources/files/2024/10/AppliedQualFall2024Solutions.pdf | https://blogs.uoregon.edu/mathresources/files/2024/10/AlgebraQualFall2024Solutions.pdf | https://blogs.uoregon.edu/mathresources/files/2023/06/SolutionsAlgebraQual_F22.pdf | https://blogs.uoregon.edu/mathresources/files/2023/06/SolutionsAlgebraQual_F21.pdf | https://blogs.uoregon.edu/mathresources/files/2023/06/AlgebraWinterSolutions_20200917.pdf | https://blogs.uoregon.edu/mathresources/files/2023/06/AlgebraFallSolutions_20200925.pdf,https://blogs.uoregon.edu/mathresources/qualifying-exam-archives/
Applied Mathematics,Approximation Theory,downloaded,https://blogs.uoregon.edu/mathresources/qualifying-exam-archives/ | https://blogs.uoregon.edu/mathresources/files/2024/10/AppliedQualFall2024.pdf | https://blogs.uoregon.edu/mathresources/files/2023/06/AppliedMathQualF20.pdf | https://blogs.uoregon.edu/mathresources/files/2025/10/AlgebraFall2025.pdf | https://blogs.uoregon.edu/mathresources/files/2024/10/AlgebraQualFall2024.pdf | https://blogs.uoregon.edu/mathresources/files/2024/04/2024-Winterq-d186a5340dad5181.pdf | https://blogs.uoregon.edu/mathresources/files/2024/04/2024-Wintera-b88a6775970f8073.pdf | https://blogs.uoregon.edu/mathresources/files/2024/04/2023-Fallq-cac75a742242d424.pdf | https://blogs.uoregon.edu/mathresources/files/2024/04/2023-Falla-966d042b6abdd771.pdf | https://blogs.uoregon.edu/mathresources/files/2024/08/AlgebraQual_F22.pdf | https://blogs.uoregon.edu/mathresources/files/2023/06/AlgebraQual_F21.pdf | https://blogs.uoregon.edu/mathresources/files/2023/06/AlgebraQualW21_20200917.pdf | https://blogs.uoregon.edu/mathresources/files/2023/06/AlgebraF20.pdf | https://blogs.uoregon.edu/mathresources/files/2023/06/AlgebraSept2019Exam.pdf | https://blogs.uoregon.edu/mathresources/files/2023/06/qual18winter.pdf | https://blogs.uoregon.edu/mathresources/files/2023/06/qual18fall.pdf | https://blogs.uoregon.edu/mathresources/files/2023/06/Algebra17_Qual_Winter.pdf | https://blogs.uoregon.edu/mathresources/files/2023/06/Algebra17_Qual_Fall.pdf | https://blogs.uoregon.edu/mathresources/files/2023/06/alg_qual_16F.pdf,https://blogs.uoregon.edu/mathresources/files/2025/10/AlgebraFall2025Sols.pdf | https://blogs.uoregon.edu/mathresources/files/2023/06/AlgebraSept2019solutions.pdf | https://blogs.uoregon.edu/mathresources/files/2023/06/qual18wintersol.pdf | https://blogs.uoregon.edu/mathresources/files/2023/06/qual18fallsol.pdf | https://blogs.uoregon.edu/mathresources/files/2023/06/Algebra17_Qual_Winter_Solutions.pdf | https://blogs.uoregon.edu/mathresources/files/2023/06/Algebra17_Qual_Fall_Solutions.pdf | https://blogs.uoregon.edu/mathresources/files/2024/10/AppliedQualFall2024Solutions.pdf | https://blogs.uoregon.edu/mathresources/files/2024/10/AlgebraQualFall2024Solutions.pdf | https://blogs.uoregon.edu/mathresources/files/2023/06/SolutionsAlgebraQual_F22.pdf | https://blogs.uoregon.edu/mathresources/files/2023/06/SolutionsAlgebraQual_F21.pdf | https://blogs.uoregon.edu/mathresources/files/2023/06/AlgebraWinterSolutions_20200917.pdf | https://blogs.uoregon.edu/mathresources/files/2023/06/AlgebraFallSolutions_20200925.pdf,https://blogs.uoregon.edu/mathresources/qualifying-exam-archives/
Applied Mathematics,Asymptotic & Perturbation Methods,downloaded,https://blogs.uoregon.edu/mathresources/qualifying-exam-archives/ | https://blogs.uoregon.edu/mathresources/files/2024/10/AppliedQualFall2024.pdf | https://blogs.uoregon.edu/mathresources/files/2023/06/AppliedMathQualF20.pdf | https://blogs.uoregon.edu/mathresources/files/2025/10/AlgebraFall2025.pdf | https://blogs.uoregon.edu/mathresources/files/2024/10/AlgebraQualFall2024.pdf | https://blogs.uoregon.edu/mathresources/files/2024/04/2024-Winterq-d186a5340dad5181.pdf | https://blogs.uoregon.edu/mathresources/files/2024/04/2024-Wintera-b88a6775970f8073.pdf | https://blogs.uoregon.edu/mathresources/files/2024/04/2023-Fallq-cac75a742242d424.pdf | https://blogs.uoregon.edu/mathresources/files/2024/04/2023-Falla-966d042b6abdd771.pdf | https://blogs.uoregon.edu/mathresources/files/2024/08/AlgebraQual_F22.pdf | https://blogs.uoregon.edu/mathresources/files/2023/06/AlgebraQual_F21.pdf | https://blogs.uoregon.edu/mathresources/files/2023/06/AlgebraQualW21_20200917.pdf | https://blogs.uoregon.edu/mathresources/files/2023/06/AlgebraF20.pdf | https://blogs.uoregon.edu/mathresources/files/2023/06/AlgebraSept2019Exam.pdf | https://blogs.uoregon.edu/mathresources/files/2023/06/qual18winter.pdf | https://blogs.uoregon.edu/mathresources/files/2023/06/qual18fall.pdf | https://blogs.uoregon.edu/mathresources/files/2023/06/Algebra17_Qual_Winter.pdf | https://blogs.uoregon.edu/mathresources/files/2023/06/Algebra17_Qual_Fall.pdf | https://blogs.uoregon.edu/mathresources/files/2023/06/alg_qual_16F.pdf,https://blogs.uoregon.edu/mathresources/files/2025/10/AlgebraFall2025Sols.pdf | https://blogs.uoregon.edu/mathresources/files/2023/06/AlgebraSept2019solutions.pdf | https://blogs.uoregon.edu/mathresources/files/2023/06/qual18wintersol.pdf | https://blogs.uoregon.edu/mathresources/files/2023/06/qual18fallsol.pdf | https://blogs.uoregon.edu/mathresources/files/2023/06/Algebra17_Qual_Winter_Solutions.pdf | https://blogs.uoregon.edu/mathresources/files/2023/06/Algebra17_Qual_Fall_Solutions.pdf | https://blogs.uoregon.edu/mathresources/files/2024/10/AppliedQualFall2024Solutions.pdf | https://blogs.uoregon.edu/mathresources/files/2024/10/AlgebraQualFall2024Solutions.pdf | https://blogs.uoregon.edu/mathresources/files/2023/06/SolutionsAlgebraQual_F22.pdf | https://blogs.uoregon.edu/mathresources/files/2023/06/SolutionsAlgebraQual_F21.pdf | https://blogs.uoregon.edu/mathresources/files/2023/06/AlgebraWinterSolutions_20200917.pdf | https://blogs.uoregon.edu/mathresources/files/2023/06/AlgebraFallSolutions_20200925.pdf,https://blogs.uoregon.edu/mathresources/qualifying-exam-archives/
Applied Mathematics,Calculus of Variations,downloaded,https://blogs.uoregon.edu/mathresources/qualifying-exam-archives/ | https://blogs.uoregon.edu/mathresources/files/2024/10/AppliedQualFall2024.pdf | https://blogs.uoregon.edu/mathresources/files/2023/06/AppliedMathQualF20.pdf | https://blogs.uoregon.edu/mathresources/files/2025/10/AlgebraFall2025.pdf | https://blogs.uoregon.edu/mathresources/files/2024/10/AlgebraQualFall2024.pdf | https://blogs.uoregon.edu/mathresources/files/2024/04/2024-Winterq-d186a5340dad5181.pdf | https://blogs.uoregon.edu/mathresources/files/2024/04/2024-Wintera-b88a6775970f8073.pdf | https://blogs.uoregon.edu/mathresources/files/2024/04/2023-Fallq-cac75a742242d424.pdf | https://blogs.uoregon.edu/mathresources/files/2024/04/2023-Falla-966d042b6abdd771.pdf | https://blogs.uoregon.edu/mathresources/files/2024/08/AlgebraQual_F22.pdf | https://blogs.uoregon.edu/mathresources/files/2023/06/AlgebraQual_F21.pdf | https://blogs.uoregon.edu/mathresources/files/2023/06/AlgebraQualW21_20200917.pdf | https://blogs.uoregon.edu/mathresources/files/2023/06/AlgebraF20.pdf | https://blogs.uoregon.edu/mathresources/files/2023/06/AlgebraSept2019Exam.pdf | https://blogs.uoregon.edu/mathresources/files/2023/06/qual18winter.pdf | https://blogs.uoregon.edu/mathresources/files/2023/06/qual18fall.pdf | https://blogs.uoregon.edu/mathresources/files/2023/06/Algebra17_Qual_Winter.pdf | https://blogs.uoregon.edu/mathresources/files/2023/06/Algebra17_Qual_Fall.pdf | https://blogs.uoregon.edu/mathresources/files/2023/06/alg_qual_16F.pdf,https://blogs.uoregon.edu/mathresources/files/2025/10/AlgebraFall2025Sols.pdf | https://blogs.uoregon.edu/mathresources/files/2023/06/AlgebraSept2019solutions.pdf | https://blogs.uoregon.edu/mathresources/files/2023/06/qual18wintersol.pdf | https://blogs.uoregon.edu/mathresources/files/2023/06/qual18fallsol.pdf | https://blogs.uoregon.edu/mathresources/files/2023/06/Algebra17_Qual_Winter_Solutions.pdf | https://blogs.uoregon.edu/mathresources/files/2023/06/Algebra17_Qual_Fall_Solutions.pdf | https://blogs.uoregon.edu/mathresources/files/2024/10/AppliedQualFall2024Solutions.pdf | https://blogs.uoregon.edu/mathresources/files/2024/10/AlgebraQualFall2024Solutions.pdf | https://blogs.uoregon.edu/mathresources/files/2023/06/SolutionsAlgebraQual_F22.pdf | https://blogs.uoregon.edu/mathresources/files/2023/06/SolutionsAlgebraQual_F21.pdf | https://blogs.uoregon.edu/mathresources/files/2023/06/AlgebraWinterSolutions_20200917.pdf | https://blogs.uoregon.edu/mathresources/files/2023/06/AlgebraFallSolutions_20200925.pdf,https://blogs.uoregon.edu/mathresources/qualifying-exam-archives/
Applied Mathematics,Computational Fluid Dynamics,downloaded,https://blogs.uoregon.edu/mathresources/qualifying-exam-archives/ | https://blogs.uoregon.edu/mathresources/files/2024/10/AppliedQualFall2024.pdf | https://blogs.uoregon.edu/mathresources/files/2023/06/AppliedMathQualF20.pdf | https://blogs.uoregon.edu/mathresources/files/2025/10/AlgebraFall2025.pdf | https://blogs.uoregon.edu/mathresources/files/2024/10/AlgebraQualFall2024.pdf | https://blogs.uoregon.edu/mathresources/files/2024/04/2024-Winterq-d186a5340dad5181.pdf | https://blogs.uoregon.edu/mathresources/files/2024/04/2024-Wintera-b88a6775970f8073.pdf | https://blogs.uoregon.edu/mathresources/files/2024/04/2023-Fallq-cac75a742242d424.pdf | https://blogs.uoregon.edu/mathresources/files/2024/04/2023-Falla-966d042b6abdd771.pdf | https://blogs.uoregon.edu/mathresources/files/2024/08/AlgebraQual_F22.pdf | https://blogs.uoregon.edu/mathresources/files/2023/06/AlgebraQual_F21.pdf | https://blogs.uoregon.edu/mathresources/files/2023/06/AlgebraQualW21_20200917.pdf | https://blogs.uoregon.edu/mathresources/files/2023/06/AlgebraF20.pdf | https://blogs.uoregon.edu/mathresources/files/2023/06/AlgebraSept2019Exam.pdf | https://blogs.uoregon.edu/mathresources/files/2023/06/qual18winter.pdf | https://blogs.uoregon.edu/mathresources/files/2023/06/qual18fall.pdf | https://blogs.uoregon.edu/mathresources/files/2023/06/Algebra17_Qual_Winter.pdf | https://blogs.uoregon.edu/mathresources/files/2023/06/Algebra17_Qual_Fall.pdf | https://blogs.uoregon.edu/mathresources/files/2023/06/alg_qual_16F.pdf,https://blogs.uoregon.edu/mathresources/files/2025/10/AlgebraFall2025Sols.pdf | https://blogs.uoregon.edu/mathresources/files/2023/06/AlgebraSept2019solutions.pdf | https://blogs.uoregon.edu/mathresources/files/2023/06/qual18wintersol.pdf | https://blogs.uoregon.edu/mathresources/files/2023/06/qual18fallsol.pdf | https://blogs.uoregon.edu/mathresources/files/2023/06/Algebra17_Qual_Winter_Solutions.pdf | https://blogs.uoregon.edu/mathresources/files/2023/06/Algebra17_Qual_Fall_Solutions.pdf | https://blogs.uoregon.edu/mathresources/files/2024/10/AppliedQualFall2024Solutions.pdf | https://blogs.uoregon.edu/mathresources/files/2024/10/AlgebraQualFall2024Solutions.pdf | https://blogs.uoregon.edu/mathresources/files/2023/06/SolutionsAlgebraQual_F22.pdf | https://blogs.uoregon.edu/mathresources/files/2023/06/SolutionsAlgebraQual_F21.pdf | https://blogs.uoregon.edu/mathresources/files/2023/06/AlgebraWinterSolutions_20200917.pdf | https://blogs.uoregon.edu/mathresources/files/2023/06/AlgebraFallSolutions_20200925.pdf,https://blogs.uoregon.edu/mathresources/qualifying-exam-archives/
Applied Mathematics,Industrial & Engineering Mathematics,downloaded,https://blogs.uoregon.edu/mathresources/qualifying-exam-archives/ | https://blogs.uoregon.edu/mathresources/files/2024/10/AppliedQualFall2024.pdf | https://blogs.uoregon.edu/mathresources/files/2023/06/AppliedMathQualF20.pdf | https://blogs.uoregon.edu/mathresources/files/2025/10/AlgebraFall2025.pdf | https://blogs.uoregon.edu/mathresources/files/2024/10/AlgebraQualFall2024.pdf | https://blogs.uoregon.edu/mathresources/files/2024/04/2024-Winterq-d186a5340dad5181.pdf | https://blogs.uoregon.edu/mathresources/files/2024/04/2024-Wintera-b88a6775970f8073.pdf | https://blogs.uoregon.edu/mathresources/files/2024/04/2023-Fallq-cac75a742242d424.pdf | https://blogs.uoregon.edu/mathresources/files/2024/04/2023-Falla-966d042b6abdd771.pdf | https://blogs.uoregon.edu/mathresources/files/2024/08/AlgebraQual_F22.pdf | https://blogs.uoregon.edu/mathresources/files/2023/06/AlgebraQual_F21.pdf | https://blogs.uoregon.edu/mathresources/files/2023/06/AlgebraQualW21_20200917.pdf | https://blogs.uoregon.edu/mathresources/files/2023/06/AlgebraF20.pdf | https://blogs.uoregon.edu/mathresources/files/2023/06/AlgebraSept2019Exam.pdf | https://blogs.uoregon.edu/mathresources/files/2023/06/qual18winter.pdf | https://blogs.uoregon.edu/mathresources/files/2023/06/qual18fall.pdf | https://blogs.uoregon.edu/mathresources/files/2023/06/Algebra17_Qual_Winter.pdf | https://blogs.uoregon.edu/mathresources/files/2023/06/Algebra17_Qual_Fall.pdf | https://blogs.uoregon.edu/mathresources/files/2023/06/alg_qual_16F.pdf,https://blogs.uoregon.edu/mathresources/files/2025/10/AlgebraFall2025Sols.pdf | https://blogs.uoregon.edu/mathresources/files/2023/06/AlgebraSept2019solutions.pdf | https://blogs.uoregon.edu/mathresources/files/2023/06/qual18wintersol.pdf | https://blogs.uoregon.edu/mathresources/files/2023/06/qual18fallsol.pdf | https://blogs.uoregon.edu/mathresources/files/2023/06/Algebra17_Qual_Winter_Solutions.pdf | https://blogs.uoregon.edu/mathresources/files/2023/06/Algebra17_Qual_Fall_Solutions.pdf | https://blogs.uoregon.edu/mathresources/files/2024/10/AppliedQualFall2024Solutions.pdf | https://blogs.uoregon.edu/mathresources/files/2024/10/AlgebraQualFall2024Solutions.pdf | https://blogs.uoregon.edu/mathresources/files/2023/06/SolutionsAlgebraQual_F22.pdf | https://blogs.uoregon.edu/mathresources/files/2023/06/SolutionsAlgebraQual_F21.pdf | https://blogs.uoregon.edu/mathresources/files/2023/06/AlgebraWinterSolutions_20200917.pdf | https://blogs.uoregon.edu/mathresources/files/2023/06/AlgebraFallSolutions_20200925.pdf,https://blogs.uoregon.edu/mathresources/qualifying-exam-archives/
Applied Mathematics,Integral Equations & Transform Methods,downloaded,https://blogs.uoregon.edu/mathresources/qualifying-exam-archives/ | https://blogs.uoregon.edu/mathresources/files/2024/10/AppliedQualFall2024.pdf | https://blogs.uoregon.edu/mathresources/files/2023/06/AppliedMathQualF20.pdf | https://blogs.uoregon.edu/mathresources/files/2025/10/AlgebraFall2025.pdf | https://blogs.uoregon.edu/mathresources/files/2024/10/AlgebraQualFall2024.pdf | https://blogs.uoregon.edu/mathresources/files/2024/04/2024-Winterq-d186a5340dad5181.pdf | https://blogs.uoregon.edu/mathresources/files/2024/04/2024-Wintera-b88a6775970f8073.pdf | https://blogs.uoregon.edu/mathresources/files/2024/04/2023-Fallq-cac75a742242d424.pdf | https://blogs.uoregon.edu/mathresources/files/2024/04/2023-Falla-966d042b6abdd771.pdf | https://blogs.uoregon.edu/mathresources/files/2024/08/AlgebraQual_F22.pdf | https://blogs.uoregon.edu/mathresources/files/2023/06/AlgebraQual_F21.pdf | https://blogs.uoregon.edu/mathresources/files/2023/06/AlgebraQualW21_20200917.pdf | https://blogs.uoregon.edu/mathresources/files/2023/06/AlgebraF20.pdf | https://blogs.uoregon.edu/mathresources/files/2023/06/AlgebraSept2019Exam.pdf | https://blogs.uoregon.edu/mathresources/files/2023/06/qual18winter.pdf | https://blogs.uoregon.edu/mathresources/files/2023/06/qual18fall.pdf | https://blogs.uoregon.edu/mathresources/files/2023/06/Algebra17_Qual_Winter.pdf | https://blogs.uoregon.edu/mathresources/files/2023/06/Algebra17_Qual_Fall.pdf | https://blogs.uoregon.edu/mathresources/files/2023/06/alg_qual_16F.pdf,https://blogs.uoregon.edu/mathresources/files/2025/10/AlgebraFall2025Sols.pdf | https://blogs.uoregon.edu/mathresources/files/2023/06/AlgebraSept2019solutions.pdf | https://blogs.uoregon.edu/mathresources/files/2023/06/qual18wintersol.pdf | https://blogs.uoregon.edu/mathresources/files/2023/06/qual18fallsol.pdf | https://blogs.uoregon.edu/mathresources/files/2023/06/Algebra17_Qual_Winter_Solutions.pdf | https://blogs.uoregon.edu/mathresources/files/2023/06/Algebra17_Qual_Fall_Solutions.pdf | https://blogs.uoregon.edu/mathresources/files/2024/10/AppliedQualFall2024Solutions.pdf | https://blogs.uoregon.edu/mathresources/files/2024/10/AlgebraQualFall2024Solutions.pdf | https://blogs.uoregon.edu/mathresources/files/2023/06/SolutionsAlgebraQual_F22.pdf | https://blogs.uoregon.edu/mathresources/files/2023/06/SolutionsAlgebraQual_F21.pdf | https://blogs.uoregon.edu/mathresources/files/2023/06/AlgebraWinterSolutions_20200917.pdf | https://blogs.uoregon.edu/mathresources/files/2023/06/AlgebraFallSolutions_20200925.pdf,https://blogs.uoregon.edu/mathresources/qualifying-exam-archives/
Applied Mathematics,Inverse Problems & Imaging,downloaded,https://blogs.uoregon.edu/mathresources/qualifying-exam-archives/ | https://blogs.uoregon.edu/mathresources/files/2024/10/AppliedQualFall2024.pdf | https://blogs.uoregon.edu/mathresources/files/2023/06/AppliedMathQualF20.pdf | https://blogs.uoregon.edu/mathresources/files/2025/10/AlgebraFall2025.pdf | https://blogs.uoregon.edu/mathresources/files/2024/10/AlgebraQualFall2024.pdf | https://blogs.uoregon.edu/mathresources/files/2024/04/2024-Winterq-d186a5340dad5181.pdf | https://blogs.uoregon.edu/mathresources/files/2024/04/2024-Wintera-b88a6775970f8073.pdf | https://blogs.uoregon.edu/mathresources/files/2024/04/2023-Fallq-cac75a742242d424.pdf | https://blogs.uoregon.edu/mathresources/files/2024/04/2023-Falla-966d042b6abdd771.pdf | https://blogs.uoregon.edu/mathresources/files/2024/08/AlgebraQual_F22.pdf | https://blogs.uoregon.edu/mathresources/files/2023/06/AlgebraQual_F21.pdf | https://blogs.uoregon.edu/mathresources/files/2023/06/AlgebraQualW21_20200917.pdf | https://blogs.uoregon.edu/mathresources/files/2023/06/AlgebraF20.pdf | https://blogs.uoregon.edu/mathresources/files/2023/06/AlgebraSept2019Exam.pdf | https://blogs.uoregon.edu/mathresources/files/2023/06/qual18winter.pdf | https://blogs.uoregon.edu/mathresources/files/2023/06/qual18fall.pdf | https://blogs.uoregon.edu/mathresources/files/2023/06/Algebra17_Qual_Winter.pdf | https://blogs.uoregon.edu/mathresources/files/2023/06/Algebra17_Qual_Fall.pdf | https://blogs.uoregon.edu/mathresources/files/2023/06/alg_qual_16F.pdf,https://blogs.uoregon.edu/mathresources/files/2025/10/AlgebraFall2025Sols.pdf | https://blogs.uoregon.edu/mathresources/files/2023/06/AlgebraSept2019solutions.pdf | https://blogs.uoregon.edu/mathresources/files/2023/06/qual18wintersol.pdf | https://blogs.uoregon.edu/mathresources/files/2023/06/qual18fallsol.pdf | https://blogs.uoregon.edu/mathresources/files/2023/06/Algebra17_Qual_Winter_Solutions.pdf | https://blogs.uoregon.edu/mathresources/files/2023/06/Algebra17_Qual_Fall_Solutions.pdf | https://blogs.uoregon.edu/mathresources/files/2024/10/AppliedQualFall2024Solutions.pdf | https://blogs.uoregon.edu/mathresources/files/2024/10/AlgebraQualFall2024Solutions.pdf | https://blogs.uoregon.edu/mathresources/files/2023/06/SolutionsAlgebraQual_F22.pdf | https://blogs.uoregon.edu/mathresources/files/2023/06/SolutionsAlgebraQual_F21.pdf | https://blogs.uoregon.edu/mathresources/files/2023/06/AlgebraWinterSolutions_20200917.pdf | https://blogs.uoregon.edu/mathresources/files/2023/06/AlgebraFallSolutions_20200925.pdf,https://blogs.uoregon.edu/mathresources/qualifying-exam-archives/
Applied Mathematics,Mathematical Biology,downloaded,https://blogs.uoregon.edu/mathresources/qualifying-exam-archives/ | https://blogs.uoregon.edu/mathresources/files/2024/10/AppliedQualFall2024.pdf | https://blogs.uoregon.edu/mathresources/files/2023/06/AppliedMathQualF20.pdf | https://blogs.uoregon.edu/mathresources/files/2025/10/AlgebraFall2025.pdf | https://blogs.uoregon.edu/mathresources/files/2024/10/AlgebraQualFall2024.pdf | https://blogs.uoregon.edu/mathresources/files/2024/04/2024-Winterq-d186a5340dad5181.pdf | https://blogs.uoregon.edu/mathresources/files/2024/04/2024-Wintera-b88a6775970f8073.pdf | https://blogs.uoregon.edu/mathresources/files/2024/04/2023-Fallq-cac75a742242d424.pdf | https://blogs.uoregon.edu/mathresources/files/2024/04/2023-Falla-966d042b6abdd771.pdf | https://blogs.uoregon.edu/mathresources/files/2024/08/AlgebraQual_F22.pdf | https://blogs.uoregon.edu/mathresources/files/2023/06/AlgebraQual_F21.pdf | https://blogs.uoregon.edu/mathresources/files/2023/06/AlgebraQualW21_20200917.pdf | https://blogs.uoregon.edu/mathresources/files/2023/06/AlgebraF20.pdf | https://blogs.uoregon.edu/mathresources/files/2023/06/AlgebraSept2019Exam.pdf | https://blogs.uoregon.edu/mathresources/files/2023/06/qual18winter.pdf | https://blogs.uoregon.edu/mathresources/files/2023/06/qual18fall.pdf | https://blogs.uoregon.edu/mathresources/files/2023/06/Algebra17_Qual_Winter.pdf | https://blogs.uoregon.edu/mathresources/files/2023/06/Algebra17_Qual_Fall.pdf | https://blogs.uoregon.edu/mathresources/files/2023/06/alg_qual_16F.pdf,https://blogs.uoregon.edu/mathresources/files/2025/10/AlgebraFall2025Sols.pdf | https://blogs.uoregon.edu/mathresources/files/2023/06/AlgebraSept2019solutions.pdf | https://blogs.uoregon.edu/mathresources/files/2023/06/qual18wintersol.pdf | https://blogs.uoregon.edu/mathresources/files/2023/06/qual18fallsol.pdf | https://blogs.uoregon.edu/mathresources/files/2023/06/Algebra17_Qual_Winter_Solutions.pdf | https://blogs.uoregon.edu/mathresources/files/2023/06/Algebra17_Qual_Fall_Solutions.pdf | https://blogs.uoregon.edu/mathresources/files/2024/10/AppliedQualFall2024Solutions.pdf | https://blogs.uoregon.edu/mathresources/files/2024/10/AlgebraQualFall2024Solutions.pdf | https://blogs.uoregon.edu/mathresources/files/2023/06/SolutionsAlgebraQual_F22.pdf | https://blogs.uoregon.edu/mathresources/files/2023/06/SolutionsAlgebraQual_F21.pdf | https://blogs.uoregon.edu/mathresources/files/2023/06/AlgebraWinterSolutions_20200917.pdf | https://blogs.uoregon.edu/mathresources/files/2023/06/AlgebraFallSolutions_20200925.pdf,https://blogs.uoregon.edu/mathresources/qualifying-exam-archives/
Applied Mathematics,Mathematical Physics,downloaded,https://blogs.uoregon.edu/mathresources/qualifying-exam-archives/ | https://blogs.uoregon.edu/mathresources/files/2024/10/AppliedQualFall2024.pdf | https://blogs.uoregon.edu/mathresources/files/2023/06/AppliedMathQualF20.pdf | https://blogs.uoregon.edu/mathresources/files/2025/10/AlgebraFall2025.pdf | https://blogs.uoregon.edu/mathresources/files/2024/10/AlgebraQualFall2024.pdf | https://blogs.uoregon.edu/mathresources/files/2024/04/2024-Winterq-d186a5340dad5181.pdf | https://blogs.uoregon.edu/mathresources/files/2024/04/2024-Wintera-b88a6775970f8073.pdf | https://blogs.uoregon.edu/mathresources/files/2024/04/2023-Fallq-cac75a742242d424.pdf | https://blogs.uoregon.edu/mathresources/files/2024/04/2023-Falla-966d042b6abdd771.pdf | https://blogs.uoregon.edu/mathresources/files/2024/08/AlgebraQual_F22.pdf | https://blogs.uoregon.edu/mathresources/files/2023/06/AlgebraQual_F21.pdf | https://blogs.uoregon.edu/mathresources/files/2023/06/AlgebraQualW21_20200917.pdf | https://blogs.uoregon.edu/mathresources/files/2023/06/AlgebraF20.pdf | https://blogs.uoregon.edu/mathresources/files/2023/06/AlgebraSept2019Exam.pdf | https://blogs.uoregon.edu/mathresources/files/2023/06/qual18winter.pdf | https://blogs.uoregon.edu/mathresources/files/2023/06/qual18fall.pdf | https://blogs.uoregon.edu/mathresources/files/2023/06/Algebra17_Qual_Winter.pdf | https://blogs.uoregon.edu/mathresources/files/2023/06/Algebra17_Qual_Fall.pdf | https://blogs.uoregon.edu/mathresources/files/2023/06/alg_qual_16F.pdf,https://blogs.uoregon.edu/mathresources/files/2025/10/AlgebraFall2025Sols.pdf | https://blogs.uoregon.edu/mathresources/files/2023/06/AlgebraSept2019solutions.pdf | https://blogs.uoregon.edu/mathresources/files/2023/06/qual18wintersol.pdf | https://blogs.uoregon.edu/mathresources/files/2023/06/qual18fallsol.pdf | https://blogs.uoregon.edu/mathresources/files/2023/06/Algebra17_Qual_Winter_Solutions.pdf | https://blogs.uoregon.edu/mathresources/files/2023/06/Algebra17_Qual_Fall_Solutions.pdf | https://blogs.uoregon.edu/mathresources/files/2024/10/AppliedQualFall2024Solutions.pdf | https://blogs.uoregon.edu/mathresources/files/2024/10/AlgebraQualFall2024Solutions.pdf | https://blogs.uoregon.edu/mathresources/files/2023/06/SolutionsAlgebraQual_F22.pdf | https://blogs.uoregon.edu/mathresources/files/2023/06/SolutionsAlgebraQual_F21.pdf | https://blogs.uoregon.edu/mathresources/files/2023/06/AlgebraWinterSolutions_20200917.pdf | https://blogs.uoregon.edu/mathresources/files/2023/06/AlgebraFallSolutions_20200925.pdf,https://blogs.uoregon.edu/mathresources/qualifying-exam-archives/
Applied Mathematics,Numerical Analysis,downloaded,https://blogs.uoregon.edu/mathresources/qualifying-exam-archives/ | https://blogs.uoregon.edu/mathresources/files/2024/10/AppliedQualFall2024.pdf | https://blogs.uoregon.edu/mathresources/files/2023/06/AppliedMathQualF20.pdf | https://blogs.uoregon.edu/mathresources/files/2025/10/AlgebraFall2025.pdf | https://blogs.uoregon.edu/mathresources/files/2024/10/AlgebraQualFall2024.pdf | https://blogs.uoregon.edu/mathresources/files/2024/04/2024-Winterq-d186a5340dad5181.pdf | https://blogs.uoregon.edu/mathresources/files/2024/04/2024-Wintera-b88a6775970f8073.pdf | https://blogs.uoregon.edu/mathresources/files/2024/04/2023-Fallq-cac75a742242d424.pdf | https://blogs.uoregon.edu/mathresources/files/2024/04/2023-Falla-966d042b6abdd771.pdf | https://blogs.uoregon.edu/mathresources/files/2024/08/AlgebraQual_F22.pdf | https://blogs.uoregon.edu/mathresources/files/2023/06/AlgebraQual_F21.pdf | https://blogs.uoregon.edu/mathresources/files/2023/06/AlgebraQualW21_20200917.pdf | https://blogs.uoregon.edu/mathresources/files/2023/06/AlgebraF20.pdf | https://blogs.uoregon.edu/mathresources/files/2023/06/AlgebraSept2019Exam.pdf | https://blogs.uoregon.edu/mathresources/files/2023/06/qual18winter.pdf | https://blogs.uoregon.edu/mathresources/files/2023/06/qual18fall.pdf | https://blogs.uoregon.edu/mathresources/files/2023/06/Algebra17_Qual_Winter.pdf | https://blogs.uoregon.edu/mathresources/files/2023/06/Algebra17_Qual_Fall.pdf | https://blogs.uoregon.edu/mathresources/files/2023/06/alg_qual_16F.pdf,https://blogs.uoregon.edu/mathresources/files/2025/10/AlgebraFall2025Sols.pdf | https://blogs.uoregon.edu/mathresources/files/2023/06/AlgebraSept2019solutions.pdf | https://blogs.uoregon.edu/mathresources/files/2023/06/qual18wintersol.pdf | https://blogs.uoregon.edu/mathresources/files/2023/06/qual18fallsol.pdf | https://blogs.uoregon.edu/mathresources/files/2023/06/Algebra17_Qual_Winter_Solutions.pdf | https://blogs.uoregon.edu/mathresources/files/2023/06/Algebra17_Qual_Fall_Solutions.pdf | https://blogs.uoregon.edu/mathresources/files/2024/10/AppliedQualFall2024Solutions.pdf | https://blogs.uoregon.edu/mathresources/files/2024/10/AlgebraQualFall2024Solutions.pdf | https://blogs.uoregon.edu/mathresources/files/2023/06/SolutionsAlgebraQual_F22.pdf | https://blogs.uoregon.edu/mathresources/files/2023/06/SolutionsAlgebraQual_F21.pdf | https://blogs.uoregon.edu/mathresources/files/2023/06/AlgebraWinterSolutions_20200917.pdf | https://blogs.uoregon.edu/mathresources/files/2023/06/AlgebraFallSolutions_20200925.pdf,https://blogs.uoregon.edu/mathresources/qualifying-exam-archives/
Applied Mathematics,Optimization Theory,downloaded,https://blogs.uoregon.edu/mathresources/qualifying-exam-archives/ | https://blogs.uoregon.edu/mathresources/files/2024/10/AppliedQualFall2024.pdf | https://blogs.uoregon.edu/mathresources/files/2023/06/AppliedMathQualF20.pdf | https://blogs.uoregon.edu/mathresources/files/2025/10/AlgebraFall2025.pdf | https://blogs.uoregon.edu/mathresources/files/2024/10/AlgebraQualFall2024.pdf | https://blogs.uoregon.edu/mathresources/files/2024/04/2024-Winterq-d186a5340dad5181.pdf | https://blogs.uoregon.edu/mathresources/files/2024/04/2024-Wintera-b88a6775970f8073.pdf | https://blogs.uoregon.edu/mathresources/files/2024/04/2023-Fallq-cac75a742242d424.pdf | https://blogs.uoregon.edu/mathresources/files/2024/04/2023-Falla-966d042b6abdd771.pdf | https://blogs.uoregon.edu/mathresources/files/2024/08/AlgebraQual_F22.pdf | https://blogs.uoregon.edu/mathresources/files/2023/06/AlgebraQual_F21.pdf | https://blogs.uoregon.edu/mathresources/files/2023/06/AlgebraQualW21_20200917.pdf | https://blogs.uoregon.edu/mathresources/files/2023/06/AlgebraF20.pdf | https://blogs.uoregon.edu/mathresources/files/2023/06/AlgebraSept2019Exam.pdf | https://blogs.uoregon.edu/mathresources/files/2023/06/qual18winter.pdf | https://blogs.uoregon.edu/mathresources/files/2023/06/qual18fall.pdf | https://blogs.uoregon.edu/mathresources/files/2023/06/Algebra17_Qual_Winter.pdf | https://blogs.uoregon.edu/mathresources/files/2023/06/Algebra17_Qual_Fall.pdf | https://blogs.uoregon.edu/mathresources/files/2023/06/alg_qual_16F.pdf,https://blogs.uoregon.edu/mathresources/files/2025/10/AlgebraFall2025Sols.pdf | https://blogs.uoregon.edu/mathresources/files/2023/06/AlgebraSept2019solutions.pdf | https://blogs.uoregon.edu/mathresources/files/2023/06/qual18wintersol.pdf | https://blogs.uoregon.edu/mathresources/files/2023/06/qual18fallsol.pdf | https://blogs.uoregon.edu/mathresources/files/2023/06/Algebra17_Qual_Winter_Solutions.pdf | https://blogs.uoregon.edu/mathresources/files/2023/06/Algebra17_Qual_Fall_Solutions.pdf | https://blogs.uoregon.edu/mathresources/files/2024/10/AppliedQualFall2024Solutions.pdf | https://blogs.uoregon.edu/mathresources/files/2024/10/AlgebraQualFall2024Solutions.pdf | https://blogs.uoregon.edu/mathresources/files/2023/06/SolutionsAlgebraQual_F22.pdf | https://blogs.uoregon.edu/mathresources/files/2023/06/SolutionsAlgebraQual_F21.pdf | https://blogs.uoregon.edu/mathresources/files/2023/06/AlgebraWinterSolutions_20200917.pdf | https://blogs.uoregon.edu/mathresources/files/2023/06/AlgebraFallSolutions_20200925.pdf,https://blogs.uoregon.edu/mathresources/qualifying-exam-archives/
Statistics & Probability,Bayesian Inference & Computation,downloaded,https://people.stat.sc.edu/Hitchcock/previousPhDexams.html | https://people.stat.sc.edu/Hitchcock/QE2025.pdf | https://people.stat.sc.edu/Hitchcock/QualsProblems_Aug2024.pdf | https://people.stat.sc.edu/Hitchcock/R_code_output_Aug2024.pdf | https://people.stat.sc.edu/Hitchcock/2023_August_Qualifying_Exam_Day2.pdf | https://people.stat.sc.edu/Hitchcock/2023_August_Qualifying_Exam_Day1.pdf | https://people.stat.sc.edu/Hitchcock/PhD_Quals_Questions_August2022_Part2.pdf | https://people.stat.sc.edu/Hitchcock/PhD_Quals_Questions_August2022_Part1.pdf | https://people.stat.sc.edu/Hitchcock/PhD_Quals_Questions_May2021_Part2.pdf | https://people.stat.sc.edu/Hitchcock/PhD_Quals_Questions_May2021_Part1.pdf | https://people.stat.sc.edu/Hitchcock/PhD_Quals_Questions_August2020_Part2.pdf | https://people.stat.sc.edu/Hitchcock/PhD_Quals_Questions_August2020_Part1.pdf | https://people.stat.sc.edu/Hitchcock/PhD_Quals_Questions_May2019.pdf | https://people.stat.sc.edu/Hitchcock/PhD_Quals_Questions_May2018.pdf | https://people.stat.sc.edu/Hitchcock/QualsMay2017.pdf | https://people.stat.sc.edu/Hitchcock/QualMay2015.pdf | https://people.stat.sc.edu/Hitchcock/QualsProblems_Jan2015.pdf | https://people.stat.sc.edu/Hitchcock/QualsProblems_May2014cr.pdf | https://people.stat.sc.edu/Hitchcock/QualsProblems_May2013.pdf | https://people.stat.sc.edu/Hitchcock/jan2013exam.pdf | https://people.stat.sc.edu/Hitchcock/jan2013soln.pdf | https://people.stat.sc.edu/Hitchcock/may2011exam.pdf | https://people.stat.sc.edu/Hitchcock/may2011formulas.pdf | https://people.stat.sc.edu/Hitchcock/may2011solnpt1.pdf | https://people.stat.sc.edu/Hitchcock/may2011solnpt2.pdf,https://people.stat.sc.edu/Hitchcock/May2014QualsSolution.pdf | https://people.stat.sc.edu/Hitchcock/may2013_qual_solutions_1.pdf | https://people.stat.sc.edu/Hitchcock/may2013_qual_solutions_2.pdf | https://people.stat.sc.edu/Hitchcock/May2017fullsolutions.pdf | https://people.stat.sc.edu/Hitchcock/May2015fullsolutions.pdf | https://people.stat.sc.edu/Hitchcock/QualsSolutions_Jan2015.pdf,https://people.stat.sc.edu/Hitchcock/previousPhDexams.html
Statistics & Probability,Experimental Design & DOE,downloaded,https://people.stat.sc.edu/Hitchcock/previousPhDexams.html | https://people.stat.sc.edu/Hitchcock/QE2025.pdf | https://people.stat.sc.edu/Hitchcock/QualsProblems_Aug2024.pdf | https://people.stat.sc.edu/Hitchcock/R_code_output_Aug2024.pdf | https://people.stat.sc.edu/Hitchcock/2023_August_Qualifying_Exam_Day2.pdf | https://people.stat.sc.edu/Hitchcock/2023_August_Qualifying_Exam_Day1.pdf | https://people.stat.sc.edu/Hitchcock/PhD_Quals_Questions_August2022_Part2.pdf | https://people.stat.sc.edu/Hitchcock/PhD_Quals_Questions_August2022_Part1.pdf | https://people.stat.sc.edu/Hitchcock/PhD_Quals_Questions_May2021_Part2.pdf | https://people.stat.sc.edu/Hitchcock/PhD_Quals_Questions_May2021_Part1.pdf | https://people.stat.sc.edu/Hitchcock/PhD_Quals_Questions_August2020_Part2.pdf | https://people.stat.sc.edu/Hitchcock/PhD_Quals_Questions_August2020_Part1.pdf | https://people.stat.sc.edu/Hitchcock/PhD_Quals_Questions_May2019.pdf | https://people.stat.sc.edu/Hitchcock/PhD_Quals_Questions_May2018.pdf | https://people.stat.sc.edu/Hitchcock/QualsMay2017.pdf | https://people.stat.sc.edu/Hitchcock/QualMay2015.pdf | https://people.stat.sc.edu/Hitchcock/QualsProblems_Jan2015.pdf | https://people.stat.sc.edu/Hitchcock/QualsProblems_May2014cr.pdf | https://people.stat.sc.edu/Hitchcock/QualsProblems_May2013.pdf | https://people.stat.sc.edu/Hitchcock/jan2013exam.pdf | https://people.stat.sc.edu/Hitchcock/jan2013soln.pdf | https://people.stat.sc.edu/Hitchcock/may2011exam.pdf | https://people.stat.sc.edu/Hitchcock/may2011formulas.pdf | https://people.stat.sc.edu/Hitchcock/may2011solnpt1.pdf | https://people.stat.sc.edu/Hitchcock/may2011solnpt2.pdf,https://people.stat.sc.edu/Hitchcock/May2014QualsSolution.pdf | https://people.stat.sc.edu/Hitchcock/may2013_qual_solutions_1.pdf | https://people.stat.sc.edu/Hitchcock/may2013_qual_solutions_2.pdf | https://people.stat.sc.edu/Hitchcock/May2017fullsolutions.pdf | https://people.stat.sc.edu/Hitchcock/May2015fullsolutions.pdf | https://people.stat.sc.edu/Hitchcock/QualsSolutions_Jan2015.pdf,https://people.stat.sc.edu/Hitchcock/previousPhDexams.html
Statistics & Probability,High-Dimensional Statistics,downloaded,https://people.stat.sc.edu/Hitchcock/previousPhDexams.html | https://people.stat.sc.edu/Hitchcock/QE2025.pdf | https://people.stat.sc.edu/Hitchcock/QualsProblems_Aug2024.pdf | https://people.stat.sc.edu/Hitchcock/R_code_output_Aug2024.pdf | https://people.stat.sc.edu/Hitchcock/2023_August_Qualifying_Exam_Day2.pdf | https://people.stat.sc.edu/Hitchcock/2023_August_Qualifying_Exam_Day1.pdf | https://people.stat.sc.edu/Hitchcock/PhD_Quals_Questions_August2022_Part2.pdf | https://people.stat.sc.edu/Hitchcock/PhD_Quals_Questions_August2022_Part1.pdf | https://people.stat.sc.edu/Hitchcock/PhD_Quals_Questions_May2021_Part2.pdf | https://people.stat.sc.edu/Hitchcock/PhD_Quals_Questions_May2021_Part1.pdf | https://people.stat.sc.edu/Hitchcock/PhD_Quals_Questions_August2020_Part2.pdf | https://people.stat.sc.edu/Hitchcock/PhD_Quals_Questions_August2020_Part1.pdf | https://people.stat.sc.edu/Hitchcock/PhD_Quals_Questions_May2019.pdf | https://people.stat.sc.edu/Hitchcock/PhD_Quals_Questions_May2018.pdf | https://people.stat.sc.edu/Hitchcock/QualsMay2017.pdf | https://people.stat.sc.edu/Hitchcock/QualMay2015.pdf | https://people.stat.sc.edu/Hitchcock/QualsProblems_Jan2015.pdf | https://people.stat.sc.edu/Hitchcock/QualsProblems_May2014cr.pdf | https://people.stat.sc.edu/Hitchcock/QualsProblems_May2013.pdf | https://people.stat.sc.edu/Hitchcock/jan2013exam.pdf | https://people.stat.sc.edu/Hitchcock/jan2013soln.pdf | https://people.stat.sc.edu/Hitchcock/may2011exam.pdf | https://people.stat.sc.edu/Hitchcock/may2011formulas.pdf | https://people.stat.sc.edu/Hitchcock/may2011solnpt1.pdf | https://people.stat.sc.edu/Hitchcock/may2011solnpt2.pdf,https://people.stat.sc.edu/Hitchcock/May2014QualsSolution.pdf | https://people.stat.sc.edu/Hitchcock/may2013_qual_solutions_1.pdf | https://people.stat.sc.edu/Hitchcock/may2013_qual_solutions_2.pdf | https://people.stat.sc.edu/Hitchcock/May2017fullsolutions.pdf | https://people.stat.sc.edu/Hitchcock/May2015fullsolutions.pdf | https://people.stat.sc.edu/Hitchcock/QualsSolutions_Jan2015.pdf,https://people.stat.sc.edu/Hitchcock/previousPhDexams.html
Statistics & Probability,Mathematical Statistics,downloaded,https://people.stat.sc.edu/Hitchcock/previousPhDexams.html | https://people.stat.sc.edu/Hitchcock/QE2025.pdf | https://people.stat.sc.edu/Hitchcock/QualsProblems_Aug2024.pdf | https://people.stat.sc.edu/Hitchcock/R_code_output_Aug2024.pdf | https://people.stat.sc.edu/Hitchcock/2023_August_Qualifying_Exam_Day2.pdf | https://people.stat.sc.edu/Hitchcock/2023_August_Qualifying_Exam_Day1.pdf | https://people.stat.sc.edu/Hitchcock/PhD_Quals_Questions_August2022_Part2.pdf | https://people.stat.sc.edu/Hitchcock/PhD_Quals_Questions_August2022_Part1.pdf | https://people.stat.sc.edu/Hitchcock/PhD_Quals_Questions_May2021_Part2.pdf | https://people.stat.sc.edu/Hitchcock/PhD_Quals_Questions_May2021_Part1.pdf | https://people.stat.sc.edu/Hitchcock/PhD_Quals_Questions_August2020_Part2.pdf | https://people.stat.sc.edu/Hitchcock/PhD_Quals_Questions_August2020_Part1.pdf | https://people.stat.sc.edu/Hitchcock/PhD_Quals_Questions_May2019.pdf | https://people.stat.sc.edu/Hitchcock/PhD_Quals_Questions_May2018.pdf | https://people.stat.sc.edu/Hitchcock/QualsMay2017.pdf | https://people.stat.sc.edu/Hitchcock/QualMay2015.pdf | https://people.stat.sc.edu/Hitchcock/QualsProblems_Jan2015.pdf | https://people.stat.sc.edu/Hitchcock/QualsProblems_May2014cr.pdf | https://people.stat.sc.edu/Hitchcock/QualsProblems_May2013.pdf | https://people.stat.sc.edu/Hitchcock/jan2013exam.pdf | https://people.stat.sc.edu/Hitchcock/jan2013soln.pdf | https://people.stat.sc.edu/Hitchcock/may2011exam.pdf | https://people.stat.sc.edu/Hitchcock/may2011formulas.pdf | https://people.stat.sc.edu/Hitchcock/may2011solnpt1.pdf | https://people.stat.sc.edu/Hitchcock/may2011solnpt2.pdf,https://people.stat.sc.edu/Hitchcock/May2014QualsSolution.pdf | https://people.stat.sc.edu/Hitchcock/may2013_qual_solutions_1.pdf | https://people.stat.sc.edu/Hitchcock/may2013_qual_solutions_2.pdf | https://people.stat.sc.edu/Hitchcock/May2017fullsolutions.pdf | https://people.stat.sc.edu/Hitchcock/May2015fullsolutions.pdf | https://people.stat.sc.edu/Hitchcock/QualsSolutions_Jan2015.pdf,https://people.stat.sc.edu/Hitchcock/previousPhDexams.html
Statistics & Probability,Monte Carlo & Simulation Methods,downloaded,https://people.stat.sc.edu/Hitchcock/previousPhDexams.html | https://people.stat.sc.edu/Hitchcock/QE2025.pdf | https://people.stat.sc.edu/Hitchcock/QualsProblems_Aug2024.pdf | https://people.stat.sc.edu/Hitchcock/R_code_output_Aug2024.pdf | https://people.stat.sc.edu/Hitchcock/2023_August_Qualifying_Exam_Day2.pdf | https://people.stat.sc.edu/Hitchcock/2023_August_Qualifying_Exam_Day1.pdf | https://people.stat.sc.edu/Hitchcock/PhD_Quals_Questions_August2022_Part2.pdf | https://people.stat.sc.edu/Hitchcock/PhD_Quals_Questions_August2022_Part1.pdf | https://people.stat.sc.edu/Hitchcock/PhD_Quals_Questions_May2021_Part2.pdf | https://people.stat.sc.edu/Hitchcock/PhD_Quals_Questions_May2021_Part1.pdf | https://people.stat.sc.edu/Hitchcock/PhD_Quals_Questions_August2020_Part2.pdf | https://people.stat.sc.edu/Hitchcock/PhD_Quals_Questions_August2020_Part1.pdf | https://people.stat.sc.edu/Hitchcock/PhD_Quals_Questions_May2019.pdf | https://people.stat.sc.edu/Hitchcock/PhD_Quals_Questions_May2018.pdf | https://people.stat.sc.edu/Hitchcock/QualsMay2017.pdf | https://people.stat.sc.edu/Hitchcock/QualMay2015.pdf | https://people.stat.sc.edu/Hitchcock/QualsProblems_Jan2015.pdf | https://people.stat.sc.edu/Hitchcock/QualsProblems_May2014cr.pdf | https://people.stat.sc.edu/Hitchcock/QualsProblems_May2013.pdf | https://people.stat.sc.edu/Hitchcock/jan2013exam.pdf | https://people.stat.sc.edu/Hitchcock/jan2013soln.pdf | https://people.stat.sc.edu/Hitchcock/may2011exam.pdf | https://people.stat.sc.edu/Hitchcock/may2011formulas.pdf | https://people.stat.sc.edu/Hitchcock/may2011solnpt1.pdf | https://people.stat.sc.edu/Hitchcock/may2011solnpt2.pdf,https://people.stat.sc.edu/Hitchcock/May2014QualsSolution.pdf | https://people.stat.sc.edu/Hitchcock/may2013_qual_solutions_1.pdf | https://people.stat.sc.edu/Hitchcock/may2013_qual_solutions_2.pdf | https://people.stat.sc.edu/Hitchcock/May2017fullsolutions.pdf | https://people.stat.sc.edu/Hitchcock/May2015fullsolutions.pdf | https://people.stat.sc.edu/Hitchcock/QualsSolutions_Jan2015.pdf,https://people.stat.sc.edu/Hitchcock/previousPhDexams.html
Statistics & Probability,Nonparametric & Semiparametric Methods,downloaded,https://people.stat.sc.edu/Hitchcock/previousPhDexams.html | https://people.stat.sc.edu/Hitchcock/QE2025.pdf | https://people.stat.sc.edu/Hitchcock/QualsProblems_Aug2024.pdf | https://people.stat.sc.edu/Hitchcock/R_code_output_Aug2024.pdf | https://people.stat.sc.edu/Hitchcock/2023_August_Qualifying_Exam_Day2.pdf | https://people.stat.sc.edu/Hitchcock/2023_August_Qualifying_Exam_Day1.pdf | https://people.stat.sc.edu/Hitchcock/PhD_Quals_Questions_August2022_Part2.pdf | https://people.stat.sc.edu/Hitchcock/PhD_Quals_Questions_August2022_Part1.pdf | https://people.stat.sc.edu/Hitchcock/PhD_Quals_Questions_May2021_Part2.pdf | https://people.stat.sc.edu/Hitchcock/PhD_Quals_Questions_May2021_Part1.pdf | https://people.stat.sc.edu/Hitchcock/PhD_Quals_Questions_August2020_Part2.pdf | https://people.stat.sc.edu/Hitchcock/PhD_Quals_Questions_August2020_Part1.pdf | https://people.stat.sc.edu/Hitchcock/PhD_Quals_Questions_May2019.pdf | https://people.stat.sc.edu/Hitchcock/PhD_Quals_Questions_May2018.pdf | https://people.stat.sc.edu/Hitchcock/QualsMay2017.pdf | https://people.stat.sc.edu/Hitchcock/QualMay2015.pdf | https://people.stat.sc.edu/Hitchcock/QualsProblems_Jan2015.pdf | https://people.stat.sc.edu/Hitchcock/QualsProblems_May2014cr.pdf | https://people.stat.sc.edu/Hitchcock/QualsProblems_May2013.pdf | https://people.stat.sc.edu/Hitchcock/jan2013exam.pdf | https://people.stat.sc.edu/Hitchcock/jan2013soln.pdf | https://people.stat.sc.edu/Hitchcock/may2011exam.pdf | https://people.stat.sc.edu/Hitchcock/may2011formulas.pdf | https://people.stat.sc.edu/Hitchcock/may2011solnpt1.pdf | https://people.stat.sc.edu/Hitchcock/may2011solnpt2.pdf,https://people.stat.sc.edu/Hitchcock/May2014QualsSolution.pdf | https://people.stat.sc.edu/Hitchcock/may2013_qual_solutions_1.pdf | https://people.stat.sc.edu/Hitchcock/may2013_qual_solutions_2.pdf | https://people.stat.sc.edu/Hitchcock/May2017fullsolutions.pdf | https://people.stat.sc.edu/Hitchcock/May2015fullsolutions.pdf | https://people.stat.sc.edu/Hitchcock/QualsSolutions_Jan2015.pdf,https://people.stat.sc.edu/Hitchcock/previousPhDexams.html
Statistics & Probability,Probability Theory,downloaded,https://www-math.umd.edu/quals.html | https://www-math.umd.edu/images/pdfs/quals/Algebra/Algebra-January-2026.pdf | https://www-math.umd.edu/images/pdfs/quals/Algebra/Algebra-August-2025.pdf | https://www-math.umd.edu/images/pdfs/quals/Algebra/Algebra-January-2025.pdf | https://www-math.umd.edu/images/pdfs/quals/Algebra/Algebra-August-2024.pdf | https://www-math.umd.edu/images/pdfs/quals/Algebra/Algebra-January-2024.pdf | https://www-math.umd.edu/images/pdfs/quals/Algebra/Algebra-August-2023.pdf | https://www-math.umd.edu/images/pdfs/quals/Algebra/Algebra-January-2023.pdf | https://www-math.umd.edu/images/pdfs/quals/Algebra/Algebra-January-2022.pdf | https://www-math.umd.edu/images/pdfs/quals/Algebra/Algebra-August-2022.pdf | https://www-math.umd.edu/images/pdfs/quals/Algebra/Algebra-August-2021.pdf | https://www-math.umd.edu/images/pdfs/quals/Algebra/Algebra-January-2017.pdf | https://www-math.umd.edu/images/pdfs/quals/Algebra/Algebra-January-2020.pdf | https://www-math.umd.edu/images/pdfs/quals/Algebra/Algebra-OlderExams.pdf | https://www-math.umd.edu/images/pdfs/quals/Algebra/Algebra-January-2021.pdf | https://www-math.umd.edu/images/pdfs/quals/Algebra/Algebra-January-2019.pdf | https://www-math.umd.edu/images/pdfs/quals/Algebra/Algebra-January-2018.pdf | https://www-math.umd.edu/images/pdfs/quals/Algebra/Algebra-January-2016.pdf | https://www-math.umd.edu/images/pdfs/quals/Algebra/Algebra-January-2015.pdf | https://www-math.umd.edu/images/pdfs/quals/Algebra/Algebra-January-2014.pdf | https://www-math.umd.edu/images/pdfs/quals/Algebra/Algebra-January-2013.pdf | https://www-math.umd.edu/images/pdfs/quals/Algebra/Algebra-January-2012.pdf | https://www-math.umd.edu/images/pdfs/quals/Algebra/Algebra-January-2011.pdf | https://www-math.umd.edu/images/pdfs/quals/Algebra/Algebra-August-2020.pdf | https://www-math.umd.edu/images/pdfs/quals/Algebra/Algebra-August-2019.pdf | https://www-math.umd.edu/images/pdfs/quals/Algebra/Algebra-August-2018.pdf | https://www-math.umd.edu/images/pdfs/quals/Algebra/Algebra-August-2017.pdf | https://www-math.umd.edu/images/pdfs/quals/Algebra/Algebra-August-2016.pdf | https://www-math.umd.edu/images/pdfs/quals/Algebra/Algebra-August-2015.pdf | https://www-math.umd.edu/images/pdfs/quals/Algebra/Algebra-August-2014.pdf | https://www-math.umd.edu/images/pdfs/quals/Algebra/Algebra-August-2013.pdf | https://www-math.umd.edu/images/SetupHybridSeminar.pdf,,https://www-math.umd.edu/quals.html
Statistics & Probability,Spatial & Environmental Statistics,downloaded,https://www.artsci.uc.edu/natural-sciences/math/academic-programs/phd-stats/statistics-phd-qualifying-preliminary-exams.html | https://uc.edu/content/dam/refresh/artsandsciences-62/departments/math/graduate-programs/statistics-qualifying-and-preliminary-exams/old-stat-prelims/Syllabus%20Stats%20Qualifying%20Exam.pdf | https://uc.edu/content/dam/refresh/artsandsciences-62/departments/math/graduate-programs/statistics-qualifying-and-preliminary-exams/may-2026-qual-and-prelim-stat/statqual-may2026-questions.pdf | https://uc.edu/content/dam/refresh/artsandsciences-62/departments/math/graduate-programs/statistics-qualifying-and-preliminary-exams/aug-2025-stat-qual-and-prelim/statqual-aug2025-questions.pdf | https://uc.edu/content/dam/refresh/artsandsciences-62/departments/math/graduate-programs/statistics-qualifying-and-preliminary-exams/may-2025-qual-prelim-stat/statqual-may2025-questions.pdf | https://uc.edu/content/dam/refresh/artsandsciences-62/departments/math/graduate-programs/statistics-qualifying-and-preliminary-exams/aug-2024-qual-and-prelim-stat/statqual-aug2024_questions.pdf | https://uc.edu/content/dam/refresh/artsandsciences-62/departments/math/graduate-programs/statistics-qualifying-and-preliminary-exams/may-2024-qual-and-prelim-stat/statqual-may2024_questions.pdf | https://uc.edu/content/dam/refresh/artsandsciences-62/departments/math/graduate-programs/mathematics-qualifying-and-preliminary-exams/august-2023-qualifying-and-prelim-exams/STAT_Qualifying-082023%20(1).pdf | https://uc.edu/content/dam/refresh/artsandsciences-62/departments/math/graduate-programs/mathematics-qualifying-and-preliminary-exams/qualifying-and-prelims-spring-2023/STAT_Quali-052023.pdf | https://uc.edu/content/dam/refresh/artsandsciences-62/departments/math/graduate-programs/old-grad-files/qp-exams/qp-2022-aug/QE%20Stat_Stat_Qual_final_version.pdf | https://uc.edu/content/dam/refresh/artsandsciences-62/departments/math/graduate-programs/old-grad-files/qp-exams/qp-2022-may/QEstat-qualifying-052022.pdf | https://uc.edu/content/dam/refresh/artsandsciences-62/departments/math/graduate-programs/old-grad-files/qp-exams/qp-2021-aug/QE%20Stat_STAT_Quali-082021_WEBSITE.pdf | https://uc.edu/content/dam/refresh/artsandsciences-62/departments/math/graduate-programs/old-grad-files/qp-exams/qp-2021-may/QE%20Stat_STAT_Quali-052021.pdf | https://uc.edu/content/dam/refresh/artsandsciences-62/departments/math/graduate-programs/old-grad-files/qp-exams/qp-2021-jan/QE-STAT_Quali-012021.pdf | https://uc.edu/content/dam/refresh/artsandsciences-62/departments/math/graduate-programs/old-grad-files/qp-exams/qp-2020-aug/QE%20Stat-STAT_Quali_Aug2020.pdf | https://uc.edu/content/dam/refresh/artsandsciences-62/departments/math/graduate-programs/old-grad-files/qp-exams/qp-2019-aug/QE-Stat-Quali_August_2019.pdf | https://uc.edu/content/dam/refresh/artsandsciences-62/departments/math/graduate-programs/old-grad-files/qp-exams/QP_19SS_QEStat_accessible.pdf | https://uc.edu/content/dam/refresh/artsandsciences-62/departments/math/graduate-programs/statistics-qualifying-and-preliminary-exams/Qualifying%20Exam_Stat_Aug%202018.pdf | https://uc.edu/content/dam/refresh/artsandsciences-62/departments/math/graduate-programs/statistics-qualifying-and-preliminary-exams/QE_Stat_Quali_May_2018_Version05012018.pdf | https://uc.edu/content/dam/refresh/artsandsciences-62/departments/math/graduate-programs/statistics-qualifying-and-preliminary-exams/Statistics%20-%20Qualifying%20Exam%20Aug%202017.pdf | https://uc.edu/content/dam/refresh/artsandsciences-62/departments/math/graduate-programs/statistics-qualifying-and-preliminary-exams/old-stat-prelims/Statistics%20-%20Qualifying%20Exam%20May%202017.pdf | https://uc.edu/content/dam/refresh/artsandsciences-62/departments/math/graduate-programs/statistics-qualifying-and-preliminary-exams/old-stat-prelims/Stats_Qualifying_Exam_Aug_2016.pdf | https://uc.edu/content/dam/refresh/artsandsciences-62/departments/math/graduate-programs/statistics-qualifying-and-preliminary-exams/Stats_Qualifying_Exam_May_2016.pdf | https://uc.edu/content/dam/refresh/artsandsciences-62/departments/math/graduate-programs/statistics-qualifying-and-preliminary-exams/old-stat-prelims/Statistics%20-%20Qualifying%20Exam%20Feb%202016.pdf | https://uc.edu/content/dam/refresh/artsandsciences-62/departments/math/graduate-programs/statistics-qualifying-and-preliminary-exams/old-stat-prelims/Stats_Qualifying_Exam_Aug_2015.pdf | https://uc.edu/content/dam/refresh/artsandsciences-62/departments/math/graduate-programs/statistics-qualifying-and-preliminary-exams/old-stat-prelims/Stats_Qualifying_Exam_April_2015.pdf | https://uc.edu/content/dam/refresh/artsandsciences-62/departments/math/graduate-programs/statistics-qualifying-and-preliminary-exams/old-stat-prelims/Stats_Qualifying_Exam_August_2014.pdf | https://uc.edu/content/dam/refresh/artsandsciences-62/departments/math/graduate-programs/statistics-qualifying-and-preliminary-exams/old-stat-prelims/Stats_Qualifying_Exam_April_2014.pdf | https://uc.edu/content/dam/refresh/artsandsciences-62/departments/math/graduate-programs/statistics-qualifying-and-preliminary-exams/old-stat-prelims/statistics_qualifying_exam_081913.pdf | https://uc.edu/content/dam/refresh/artsandsciences-62/departments/math/graduate-programs/statistics-qualifying-and-preliminary-exams/old-stat-prelims/statistics_qualifying_exam_061112.pdf | https://uc.edu/content/dam/refresh/artsandsciences-62/departments/math/graduate-programs/statistics-qualifying-and-preliminary-exams/old-stat-prelims/statistics_qualifying_exam_091411.pdf | https://uc.edu/content/dam/refresh/artsandsciences-62/departments/math/graduate-programs/old-grad-files/qual-math-syllabus.pdf | https://uc.edu/content/dam/refresh/artsandsciences-62/departments/math/graduate-programs/mathematics-qualifying-and-preliminary-exams/old-math-prelims/math-quals/QEXpp1.pdf | https://uc.edu/content/dam/refresh/artsandsciences-62/departments/math/graduate-programs/mathematics-qualifying-and-preliminary-exams/may-2026-math-prelim-and-quals/advcalc-may2026-questions.pdf | https://uc.edu/content/dam/refresh/artsandsciences-62/departments/math/graduate-programs/mathematics-qualifying-and-preliminary-exams/august-2025-math-prelim-and-quals/advcalc-aug2025-questions.pdf | https://uc.edu/content/dam/refresh/artsandsciences-62/departments/math/graduate-programs/mathematics-qualifying-and-preliminary-exams/may-2025-qual-prelim-math/advcalc-may2025-questions.pdf | https://uc.edu/content/dam/refresh/artsandsciences-62/departments/math/graduate-programs/mathematics-qualifying-and-preliminary-exams/august-2024-math-prelim-and-quals/advcalc-aug2024-questions.pdf | https://uc.edu/content/dam/refresh/artsandsciences-62/departments/math/graduate-programs/mathematics-qualifying-and-preliminary-exams/may-2024-qual-and-prelims-math/corrected-advcalc_may2024_questions.pdf | https://uc.edu/content/dam/refresh/artsandsciences-62/departments/math/graduate-programs/mathematics-qualifying-and-preliminary-exams/may-2026-math-prelim-and-quals/linalg-may2026-questions.pdf | https://uc.edu/content/dam/refresh/artsandsciences-62/departments/math/graduate-programs/mathematics-qualifying-and-preliminary-exams/august-2025-math-prelim-and-quals/linalg-aug2025-questions.pdf | https://uc.edu/content/dam/refresh/artsandsciences-62/departments/math/graduate-programs/mathematics-qualifying-and-preliminary-exams/may-2025-qual-prelim-math/linalg-may2025-questions.pdf | https://uc.edu/content/dam/refresh/artsandsciences-62/departments/math/graduate-programs/mathematics-qualifying-and-preliminary-exams/august-2024-math-prelim-and-quals/linalg-aug2024_questions.pdf | https://uc.edu/content/dam/refresh/artsandsciences-62/departments/math/graduate-programs/mathematics-qualifying-and-preliminary-exams/may-2024-qual-and-prelims-math/linalgebra-may2024_questions.pdf | https://uc.edu/content/dam/refresh/artsandsciences-62/departments/math/graduate-programs/mathematics-qualifying-and-preliminary-exams/august-2023-qualifying-and-prelim-exams/qe_aug2023%20(1).pdf | https://uc.edu/content/dam/refresh/artsandsciences-62/departments/math/graduate-programs/old-grad-files/qp-exams/qp-2022-aug/QE%20Math_2022-August-QEXv1.pdf | https://uc.edu/content/dam/refresh/artsandsciences-62/departments/math/graduate-programs/old-grad-files/qp-exams/qp-2022-may/QEmath_2022-May-QEXv2.pdf | https://uc.edu/content/dam/refresh/artsandsciences-62/departments/math/graduate-programs/old-grad-files/qp-exams/qp-2021-aug/QE%20Math_2021-Aug--QEXv3-REVISED%20FOR%20WEB-USE%20THIS.pdf | https://uc.edu/content/dam/refresh/artsandsciences-62/departments/math/graduate-programs/old-grad-files/qp-exams/qp-2021-may/QE%20Math_2021-May--QEXv2.pdf | https://uc.edu/content/dam/refresh/artsandsciences-62/departments/math/graduate-programs/old-grad-files/qp-exams/qp-2020-aug/QE%20Math-2020-Aug--QEXv6.pdf | https://uc.edu/content/dam/refresh/artsandsciences-62/departments/math/graduate-programs/old-grad-files/qp-exams/qp-2019-aug/QE-Math-2019-Aug--QEXv5.pdf | https://uc.edu/content/dam/refresh/artsandsciences-62/departments/math/graduate-programs/old-grad-files/qp-exams/QP_19SS_QEMath_accessible.pdf | https://uc.edu/content/dam/refresh/artsandsciences-62/departments/math/graduate-programs/mathematics-qualifying-and-preliminary-exams/old-math-prelims/math-quals/Qualifying%20Exam_Math_Aug%202018_QEXv5.pdf | https://uc.edu/content/dam/refresh/artsandsciences-62/departments/math/graduate-programs/mathematics-qualifying-and-preliminary-exams/old-math-prelims/math-quals/QE_2018-May--QEXv3.pdf | https://uc.edu/content/dam/refresh/artsandsciences-62/departments/math/graduate-programs/mathematics-qualifying-and-preliminary-exams/old-math-prelims/math-quals/QE%20Math%20Aug%202017.pdf | https://uc.edu/content/dam/refresh/artsandsciences-62/departments/math/graduate-programs/mathematics-qualifying-and-preliminary-exams/old-math-prelims/math-quals/Math%20-%20Qualifying%20Exam%20May%202017.pdf | https://uc.edu/content/dam/refresh/artsandsciences-62/departments/math/graduate-programs/mathematics-qualifying-and-preliminary-exams/old-math-prelims/math-quals/Math_Qual_Exam_Aug_2016.pdf | https://uc.edu/content/dam/refresh/artsandsciences-62/departments/math/graduate-programs/mathematics-qualifying-and-preliminary-exams/old-math-prelims/math-quals/Math_Qual_Exam_May_2016.pdf | https://uc.edu/content/dam/refresh/artsandsciences-62/departments/math/graduate-programs/mathematics-qualifying-and-preliminary-exams/old-math-prelims/math-quals/Math_Qual_Exam_August_2015.pdf | https://uc.edu/content/dam/refresh/artsandsciences-62/departments/math/graduate-programs/mathematics-qualifying-and-preliminary-exams/old-math-prelims/math-quals/PhD_Math_Qual_Exam_May_2015.pdf | https://uc.edu/content/dam/refresh/artsandsciences-62/departments/math/graduate-programs/mathematics-qualifying-and-preliminary-exams/old-math-prelims/math-quals/PhD_Math_Qual_Exam_Aug_2014.pdf | https://uc.edu/content/dam/refresh/artsandsciences-62/departments/math/graduate-programs/mathematics-qualifying-and-preliminary-exams/old-math-prelims/math-quals/PhD_Qual_Exam_Adv_Calc_Linear_Alg_April_2014.pdf,,https://www.artsci.uc.edu/natural-sciences/math/academic-programs/phd-stats/statistics-phd-qualifying-preliminary-exams.html
Statistics & Probability,Statistical Computing & MCMC,downloaded,https://math.uiowa.edu/graduate/phd-qualifying-ms-comprehensive-exam-archives | https://math.uiowa.edu/sites/math.uiowa.edu/files/2026-04/Spring-2026_2.pdf | https://math.uiowa.edu/sites/math.uiowa.edu/files/2026-04/Fall-2025.pdf | https://math.uiowa.edu/sites/math.uiowa.edu/files/2026-04/Spring-2025.pdf | https://math.uiowa.edu/sites/math.uiowa.edu/files/2026-04/Fall-2024.pdf | https://math.uiowa.edu/sites/math.uiowa.edu/files/2026-04/Spring-2024.pdf | https://math.uiowa.edu/sites/math.uiowa.edu/files/2026-04/Fall-2023.pdf | https://math.uiowa.edu/sites/math.uiowa.edu/files/2026-04/Fall-2025_0.pdf | https://math.uiowa.edu/sites/math.uiowa.edu/files/2026-04/Spring-2025_0.pdf | https://math.uiowa.edu/sites/math.uiowa.edu/files/2026-04/Fall-2024_0.pdf | https://math.uiowa.edu/sites/math.uiowa.edu/files/2026-04/Spring-2024_0.pdf | https://math.uiowa.edu/sites/math.uiowa.edu/files/2026-04/Fall-2023_0.pdf | https://math.uiowa.edu/sites/math.uiowa.edu/files/2026-04/Spring-2026_0.pdf | https://math.uiowa.edu/sites/math.uiowa.edu/files/2026-04/Fall-2025_1.pdf | https://math.uiowa.edu/sites/math.uiowa.edu/files/2026-04/Spring-2025_2.pdf | https://math.uiowa.edu/sites/math.uiowa.edu/files/2026-04/Fall-2024_2.pdf | https://math.uiowa.edu/sites/math.uiowa.edu/files/2026-04/Spring-2024_1.pdf | https://math.uiowa.edu/sites/math.uiowa.edu/files/2026-04/Fall-2023_1.pdf | https://math.uiowa.edu/sites/math.uiowa.edu/files/2026-04/Spring-2026_ODE.pdf | https://math.uiowa.edu/sites/math.uiowa.edu/files/2026-04/Fall-2025_ODE.pdf | https://math.uiowa.edu/sites/math.uiowa.edu/files/2026-04/Spring-2024_ODE.pdf | https://math.uiowa.edu/sites/math.uiowa.edu/files/2026-04/Fall-2023_ODE.pdf | https://math.uiowa.edu/sites/math.uiowa.edu/files/2026-04/Spring-2026_PDE.pdf | https://math.uiowa.edu/sites/math.uiowa.edu/files/2026-04/Fall-2025_PDE.pdf | https://math.uiowa.edu/sites/math.uiowa.edu/files/2026-04/Spring-2025_PDE.pdf | https://math.uiowa.edu/sites/math.uiowa.edu/files/2026-04/Fall-2024_PDE.pdf | https://math.uiowa.edu/sites/math.uiowa.edu/files/2026-04/Spring-2024_PDE.pdf | https://math.uiowa.edu/sites/math.uiowa.edu/files/2026-04/Spring-2026_1.pdf | https://math.uiowa.edu/sites/math.uiowa.edu/files/2026-04/Fall-2025_2.pdf | https://math.uiowa.edu/sites/math.uiowa.edu/files/2026-04/Spring-2025_1.pdf | https://math.uiowa.edu/sites/math.uiowa.edu/files/2026-04/Fall-2024_1.pdf,,https://math.uiowa.edu/graduate/phd-qualifying-ms-comprehensive-exam-archives
Statistics & Probability,Statistical Learning Theory,downloaded,https://people.stat.sc.edu/Hitchcock/previousPhDexams.html | https://people.stat.sc.edu/Hitchcock/QE2025.pdf | https://people.stat.sc.edu/Hitchcock/QualsProblems_Aug2024.pdf | https://people.stat.sc.edu/Hitchcock/R_code_output_Aug2024.pdf | https://people.stat.sc.edu/Hitchcock/2023_August_Qualifying_Exam_Day2.pdf | https://people.stat.sc.edu/Hitchcock/2023_August_Qualifying_Exam_Day1.pdf | https://people.stat.sc.edu/Hitchcock/PhD_Quals_Questions_August2022_Part2.pdf | https://people.stat.sc.edu/Hitchcock/PhD_Quals_Questions_August2022_Part1.pdf | https://people.stat.sc.edu/Hitchcock/PhD_Quals_Questions_May2021_Part2.pdf | https://people.stat.sc.edu/Hitchcock/PhD_Quals_Questions_May2021_Part1.pdf | https://people.stat.sc.edu/Hitchcock/PhD_Quals_Questions_August2020_Part2.pdf | https://people.stat.sc.edu/Hitchcock/PhD_Quals_Questions_August2020_Part1.pdf | https://people.stat.sc.edu/Hitchcock/PhD_Quals_Questions_May2019.pdf | https://people.stat.sc.edu/Hitchcock/PhD_Quals_Questions_May2018.pdf | https://people.stat.sc.edu/Hitchcock/QualsMay2017.pdf | https://people.stat.sc.edu/Hitchcock/QualMay2015.pdf | https://people.stat.sc.edu/Hitchcock/QualsProblems_Jan2015.pdf | https://people.stat.sc.edu/Hitchcock/QualsProblems_May2014cr.pdf | https://people.stat.sc.edu/Hitchcock/QualsProblems_May2013.pdf | https://people.stat.sc.edu/Hitchcock/jan2013exam.pdf | https://people.stat.sc.edu/Hitchcock/jan2013soln.pdf | https://people.stat.sc.edu/Hitchcock/may2011exam.pdf | https://people.stat.sc.edu/Hitchcock/may2011formulas.pdf | https://people.stat.sc.edu/Hitchcock/may2011solnpt1.pdf | https://people.stat.sc.edu/Hitchcock/may2011solnpt2.pdf,https://people.stat.sc.edu/Hitchcock/May2014QualsSolution.pdf | https://people.stat.sc.edu/Hitchcock/may2013_qual_solutions_1.pdf | https://people.stat.sc.edu/Hitchcock/may2013_qual_solutions_2.pdf | https://people.stat.sc.edu/Hitchcock/May2017fullsolutions.pdf | https://people.stat.sc.edu/Hitchcock/May2015fullsolutions.pdf | https://people.stat.sc.edu/Hitchcock/QualsSolutions_Jan2015.pdf,https://people.stat.sc.edu/Hitchcock/previousPhDexams.html
Statistics & Probability,Stochastic Processes,downloaded,https://blogs.uoregon.edu/mathresources/qualifying-exam-archives/ | https://blogs.uoregon.edu/mathresources/files/2024/10/AppliedQualFall2024.pdf | https://blogs.uoregon.edu/mathresources/files/2023/06/AppliedMathQualF20.pdf | https://blogs.uoregon.edu/mathresources/files/2025/10/AlgebraFall2025.pdf | https://blogs.uoregon.edu/mathresources/files/2024/10/AlgebraQualFall2024.pdf | https://blogs.uoregon.edu/mathresources/files/2024/04/2024-Winterq-d186a5340dad5181.pdf | https://blogs.uoregon.edu/mathresources/files/2024/04/2024-Wintera-b88a6775970f8073.pdf | https://blogs.uoregon.edu/mathresources/files/2024/04/2023-Fallq-cac75a742242d424.pdf | https://blogs.uoregon.edu/mathresources/files/2024/04/2023-Falla-966d042b6abdd771.pdf | https://blogs.uoregon.edu/mathresources/files/2024/08/AlgebraQual_F22.pdf | https://blogs.uoregon.edu/mathresources/files/2023/06/AlgebraQual_F21.pdf | https://blogs.uoregon.edu/mathresources/files/2023/06/AlgebraQualW21_20200917.pdf | https://blogs.uoregon.edu/mathresources/files/2023/06/AlgebraF20.pdf | https://blogs.uoregon.edu/mathresources/files/2023/06/AlgebraSept2019Exam.pdf | https://blogs.uoregon.edu/mathresources/files/2023/06/qual18winter.pdf | https://blogs.uoregon.edu/mathresources/files/2023/06/qual18fall.pdf | https://blogs.uoregon.edu/mathresources/files/2023/06/Algebra17_Qual_Winter.pdf | https://blogs.uoregon.edu/mathresources/files/2023/06/Algebra17_Qual_Fall.pdf | https://blogs.uoregon.edu/mathresources/files/2023/06/alg_qual_16F.pdf,https://blogs.uoregon.edu/mathresources/files/2025/10/AlgebraFall2025Sols.pdf | https://blogs.uoregon.edu/mathresources/files/2023/06/AlgebraSept2019solutions.pdf | https://blogs.uoregon.edu/mathresources/files/2023/06/qual18wintersol.pdf | https://blogs.uoregon.edu/mathresources/files/2023/06/qual18fallsol.pdf | https://blogs.uoregon.edu/mathresources/files/2023/06/Algebra17_Qual_Winter_Solutions.pdf | https://blogs.uoregon.edu/mathresources/files/2023/06/Algebra17_Qual_Fall_Solutions.pdf | https://blogs.uoregon.edu/mathresources/files/2024/10/AppliedQualFall2024Solutions.pdf | https://blogs.uoregon.edu/mathresources/files/2024/10/AlgebraQualFall2024Solutions.pdf | https://blogs.uoregon.edu/mathresources/files/2023/06/SolutionsAlgebraQual_F22.pdf | https://blogs.uoregon.edu/mathresources/files/2023/06/SolutionsAlgebraQual_F21.pdf | https://blogs.uoregon.edu/mathresources/files/2023/06/AlgebraWinterSolutions_20200917.pdf | https://blogs.uoregon.edu/mathresources/files/2023/06/AlgebraFallSolutions_20200925.pdf,https://blogs.uoregon.edu/mathresources/qualifying-exam-archives/
Statistics & Probability,Survival Analysis,downloaded,https://people.stat.sc.edu/Hitchcock/previousPhDexams.html | https://people.stat.sc.edu/Hitchcock/QE2025.pdf | https://people.stat.sc.edu/Hitchcock/QualsProblems_Aug2024.pdf | https://people.stat.sc.edu/Hitchcock/R_code_output_Aug2024.pdf | https://people.stat.sc.edu/Hitchcock/2023_August_Qualifying_Exam_Day2.pdf | https://people.stat.sc.edu/Hitchcock/2023_August_Qualifying_Exam_Day1.pdf | https://people.stat.sc.edu/Hitchcock/PhD_Quals_Questions_August2022_Part2.pdf | https://people.stat.sc.edu/Hitchcock/PhD_Quals_Questions_August2022_Part1.pdf | https://people.stat.sc.edu/Hitchcock/PhD_Quals_Questions_May2021_Part2.pdf | https://people.stat.sc.edu/Hitchcock/PhD_Quals_Questions_May2021_Part1.pdf | https://people.stat.sc.edu/Hitchcock/PhD_Quals_Questions_August2020_Part2.pdf | https://people.stat.sc.edu/Hitchcock/PhD_Quals_Questions_August2020_Part1.pdf | https://people.stat.sc.edu/Hitchcock/PhD_Quals_Questions_May2019.pdf | https://people.stat.sc.edu/Hitchcock/PhD_Quals_Questions_May2018.pdf | https://people.stat.sc.edu/Hitchcock/QualsMay2017.pdf | https://people.stat.sc.edu/Hitchcock/QualMay2015.pdf | https://people.stat.sc.edu/Hitchcock/QualsProblems_Jan2015.pdf | https://people.stat.sc.edu/Hitchcock/QualsProblems_May2014cr.pdf | https://people.stat.sc.edu/Hitchcock/QualsProblems_May2013.pdf | https://people.stat.sc.edu/Hitchcock/jan2013exam.pdf | https://people.stat.sc.edu/Hitchcock/jan2013soln.pdf | https://people.stat.sc.edu/Hitchcock/may2011exam.pdf | https://people.stat.sc.edu/Hitchcock/may2011formulas.pdf | https://people.stat.sc.edu/Hitchcock/may2011solnpt1.pdf | https://people.stat.sc.edu/Hitchcock/may2011solnpt2.pdf,https://people.stat.sc.edu/Hitchcock/May2014QualsSolution.pdf | https://people.stat.sc.edu/Hitchcock/may2013_qual_solutions_1.pdf | https://people.stat.sc.edu/Hitchcock/may2013_qual_solutions_2.pdf | https://people.stat.sc.edu/Hitchcock/May2017fullsolutions.pdf | https://people.stat.sc.edu/Hitchcock/May2015fullsolutions.pdf | https://people.stat.sc.edu/Hitchcock/QualsSolutions_Jan2015.pdf,https://people.stat.sc.edu/Hitchcock/previousPhDexams.html
Statistics & Probability,Time Series Analysis,downloaded,https://people.stat.sc.edu/Hitchcock/previousPhDexams.html | https://people.stat.sc.edu/Hitchcock/QE2025.pdf | https://people.stat.sc.edu/Hitchcock/QualsProblems_Aug2024.pdf | https://people.stat.sc.edu/Hitchcock/R_code_output_Aug2024.pdf | https://people.stat.sc.edu/Hitchcock/2023_August_Qualifying_Exam_Day2.pdf | https://people.stat.sc.edu/Hitchcock/2023_August_Qualifying_Exam_Day1.pdf | https://people.stat.sc.edu/Hitchcock/PhD_Quals_Questions_August2022_Part2.pdf | https://people.stat.sc.edu/Hitchcock/PhD_Quals_Questions_August2022_Part1.pdf | https://people.stat.sc.edu/Hitchcock/PhD_Quals_Questions_May2021_Part2.pdf | https://people.stat.sc.edu/Hitchcock/PhD_Quals_Questions_May2021_Part1.pdf | https://people.stat.sc.edu/Hitchcock/PhD_Quals_Questions_August2020_Part2.pdf | https://people.stat.sc.edu/Hitchcock/PhD_Quals_Questions_August2020_Part1.pdf | https://people.stat.sc.edu/Hitchcock/PhD_Quals_Questions_May2019.pdf | https://people.stat.sc.edu/Hitchcock/PhD_Quals_Questions_May2018.pdf | https://people.stat.sc.edu/Hitchcock/QualsMay2017.pdf | https://people.stat.sc.edu/Hitchcock/QualMay2015.pdf | https://people.stat.sc.edu/Hitchcock/QualsProblems_Jan2015.pdf | https://people.stat.sc.edu/Hitchcock/QualsProblems_May2014cr.pdf | https://people.stat.sc.edu/Hitchcock/QualsProblems_May2013.pdf | https://people.stat.sc.edu/Hitchcock/jan2013exam.pdf | https://people.stat.sc.edu/Hitchcock/jan2013soln.pdf | https://people.stat.sc.edu/Hitchcock/may2011exam.pdf | https://people.stat.sc.edu/Hitchcock/may2011formulas.pdf | https://people.stat.sc.edu/Hitchcock/may2011solnpt1.pdf | https://people.stat.sc.edu/Hitchcock/may2011solnpt2.pdf,https://people.stat.sc.edu/Hitchcock/May2014QualsSolution.pdf | https://people.stat.sc.edu/Hitchcock/may2013_qual_solutions_1.pdf | https://people.stat.sc.edu/Hitchcock/may2013_qual_solutions_2.pdf | https://people.stat.sc.edu/Hitchcock/May2017fullsolutions.pdf | https://people.stat.sc.edu/Hitchcock/May2015fullsolutions.pdf | https://people.stat.sc.edu/Hitchcock/QualsSolutions_Jan2015.pdf,https://people.stat.sc.edu/Hitchcock/previousPhDexams.html
Theoretical Computer Science,Algorithmic Game Theory,downloaded,https://publish.illinois.edu/theory-cs/resources/qualifying-exam/,,https://publish.illinois.edu/theory-cs/resources/qualifying-exam/
Theoretical Computer Science,Algorithms & Data Structures,downloaded,https://publish.illinois.edu/theory-cs/resources/qualifying-exam/,,https://publish.illinois.edu/theory-cs/resources/qualifying-exam/
Theoretical Computer Science,Approximation Algorithms,downloaded,https://publish.illinois.edu/theory-cs/resources/qualifying-exam/,,https://publish.illinois.edu/theory-cs/resources/qualifying-exam/
Theoretical Computer Science,Automata & Formal Languages,downloaded,https://computing.unl.edu/engineering/school-of-computing/sites/unl.edu.engineering.school-of-computing/files/media/file/Qualifying_Exam_Process_2024.pdf,,https://computing.unl.edu/engineering/school-of-computing/sites/unl.edu.engineering.school-of-computing/files/media/file/Qualifying_Exam_Process_2024.pdf
Theoretical Computer Science,Coding Theory,downloaded,https://publish.illinois.edu/theory-cs/resources/qualifying-exam/,,https://publish.illinois.edu/theory-cs/resources/qualifying-exam/
Theoretical Computer Science,Combinatorial Optimization,downloaded,https://publish.illinois.edu/theory-cs/resources/qualifying-exam/,,https://publish.illinois.edu/theory-cs/resources/qualifying-exam/
Theoretical Computer Science,Computability Theory,downloaded,https://publish.illinois.edu/theory-cs/resources/qualifying-exam/,,https://publish.illinois.edu/theory-cs/resources/qualifying-exam/
Theoretical Computer Science,Computational Complexity,downloaded,https://publish.illinois.edu/theory-cs/resources/qualifying-exam/,,https://publish.illinois.edu/theory-cs/resources/qualifying-exam/
Theoretical Computer Science,Computational Geometry,downloaded,https://publish.illinois.edu/theory-cs/resources/qualifying-exam/,,https://publish.illinois.edu/theory-cs/resources/qualifying-exam/
Theoretical Computer Science,Graph Algorithms,downloaded,https://publish.illinois.edu/theory-cs/resources/qualifying-exam/,,https://publish.illinois.edu/theory-cs/resources/qualifying-exam/
Theoretical Computer Science,Information Theory,downloaded,https://publish.illinois.edu/theory-cs/resources/qualifying-exam/,,https://publish.illinois.edu/theory-cs/resources/qualifying-exam/
Theoretical Computer Science,Online Algorithms & Competitive Analysis,downloaded,https://publish.illinois.edu/theory-cs/resources/qualifying-exam/,,https://publish.illinois.edu/theory-cs/resources/qualifying-exam/
Theoretical Computer Science,Parameterized Complexity,downloaded,https://publish.illinois.edu/theory-cs/resources/qualifying-exam/,,https://publish.illinois.edu/theory-cs/resources/qualifying-exam/
Theoretical Computer Science,Property Testing & Sublinear Algorithms,downloaded,https://publish.illinois.edu/theory-cs/resources/qualifying-exam/,,https://publish.illinois.edu/theory-cs/resources/qualifying-exam/
Theoretical Computer Science,Quantum Computing & Information,downloaded,https://eecs.berkeley.edu/book/phd/exam-prep/ | https://www2.eecs.berkeley.edu/Protected/Grads/qual-overview.pdf,,https://eecs.berkeley.edu/book/phd/exam-prep/
Theoretical Computer Science,Randomized Algorithms,downloaded,https://publish.illinois.edu/theory-cs/resources/qualifying-exam/,,https://publish.illinois.edu/theory-cs/resources/qualifying-exam/
Theoretical Computer Science,Theoretical Cryptography,downloaded,https://publish.illinois.edu/theory-cs/resources/qualifying-exam/,,https://publish.illinois.edu/theory-cs/resources/qualifying-exam/
Artificial Intelligence & Machine Learning,Active Learning,downloaded,https://www.cc.gatech.edu/phd-cs-past-qualifying-exams | https://prod-cc.cc.gatech.edu/sites/default/files/documents/2021/qual_2019_fall.pdf | https://prod-cc.cc.gatech.edu/sites/default/files/documents/2021/qual_2018_spring_1.pdf | https://prod-cc.cc.gatech.edu/sites/default/files/documents/2021/qual_2017_spring.pdf | https://prod-cc.cc.gatech.edu/sites/default/files/documents/2021/2017intelligent_systemsqualifyingexam.pdf | https://prod-cc.cc.gatech.edu/sites/default/files/documents/2021/mlqual17_.pdf | https://prod-cc.cc.gatech.edu/sites/default/files/documents/2021/qual_2016_spring_0.pdf | https://prod-cc.cc.gatech.edu/sites/default/files/documents/2021/csphd_hci_qualsp2016.pdf | https://prod-cc.cc.gatech.edu/sites/default/files/documents/2021/2016intelligent_systemsqualifying-exam.pdf | https://prod-cc.cc.gatech.edu/sites/default/files/documents/2021/qual_spring_2015_0.pdf | https://prod-cc.cc.gatech.edu/sites/default/files/documents/2021/qualifying-exams-is-2015spring-formatted.pdf | https://prod-cc.cc.gatech.edu/sites/default/files/documents/2021/graphics_qual_2014.pdf | https://prod-cc.cc.gatech.edu/sites/default/files/documents/2021/qualifying-exams-is-2014spring-formatted.pdf | https://prod-cc.cc.gatech.edu/sites/default/files/documents/2021/gv_quals_2013_j_k_g.pdf | https://prod-cc.cc.gatech.edu/sites/default/files/documents/2021/qualifying-exams-is-2013spring-formatted.pdf | https://prod-cc.cc.gatech.edu/sites/default/files/documents/2021/201202gv_quals.pdf | https://prod-cc.cc.gatech.edu/sites/default/files/documents/2021/is-qual-spring-2012.pdf | https://prod-cc.cc.gatech.edu/sites/default/files/documents/2021/201108_architecture_1.pdf | https://prod-cc.cc.gatech.edu/sites/default/files/documents/2021/201108_machine_learning.pdf | https://prod-cc.cc.gatech.edu/sites/default/files/documents/2021/201108_security_0.pdf | https://prod-cc.cc.gatech.edu/sites/default/files/documents/2021/201102_is_0.pdf | https://prod-cc.cc.gatech.edu/sites/default/files/documents/2021/201102_networking_p1_0.pdf | https://prod-cc.cc.gatech.edu/sites/default/files/documents/2021/201102_plc_0.pdf | https://prod-cc.cc.gatech.edu/sites/default/files/documents/2021/201102_security.pdf | https://prod-cc.cc.gatech.edu/sites/default/files/documents/2021/201102_sweng.pdf | https://prod-cc.cc.gatech.edu/sites/default/files/documents/2021/201102_systems.pdf | https://www.cc.gatech.edu/sites/default/files/documents/2023/nace-career-readiness-competencies-revised-apr-2021.pdf,,https://www.cc.gatech.edu/phd-cs-past-qualifying-exams
Artificial Intelligence & Machine Learning,Adversarial ML & Robustness,downloaded,https://www.cc.gatech.edu/phd-cs-past-qualifying-exams | https://prod-cc.cc.gatech.edu/sites/default/files/documents/2021/qual_2019_fall.pdf | https://prod-cc.cc.gatech.edu/sites/default/files/documents/2021/qual_2018_spring_1.pdf | https://prod-cc.cc.gatech.edu/sites/default/files/documents/2021/qual_2017_spring.pdf | https://prod-cc.cc.gatech.edu/sites/default/files/documents/2021/2017intelligent_systemsqualifyingexam.pdf | https://prod-cc.cc.gatech.edu/sites/default/files/documents/2021/mlqual17_.pdf | https://prod-cc.cc.gatech.edu/sites/default/files/documents/2021/qual_2016_spring_0.pdf | https://prod-cc.cc.gatech.edu/sites/default/files/documents/2021/csphd_hci_qualsp2016.pdf | https://prod-cc.cc.gatech.edu/sites/default/files/documents/2021/2016intelligent_systemsqualifying-exam.pdf | https://prod-cc.cc.gatech.edu/sites/default/files/documents/2021/qual_spring_2015_0.pdf | https://prod-cc.cc.gatech.edu/sites/default/files/documents/2021/qualifying-exams-is-2015spring-formatted.pdf | https://prod-cc.cc.gatech.edu/sites/default/files/documents/2021/graphics_qual_2014.pdf | https://prod-cc.cc.gatech.edu/sites/default/files/documents/2021/qualifying-exams-is-2014spring-formatted.pdf | https://prod-cc.cc.gatech.edu/sites/default/files/documents/2021/gv_quals_2013_j_k_g.pdf | https://prod-cc.cc.gatech.edu/sites/default/files/documents/2021/qualifying-exams-is-2013spring-formatted.pdf | https://prod-cc.cc.gatech.edu/sites/default/files/documents/2021/201202gv_quals.pdf | https://prod-cc.cc.gatech.edu/sites/default/files/documents/2021/is-qual-spring-2012.pdf | https://prod-cc.cc.gatech.edu/sites/default/files/documents/2021/201108_architecture_1.pdf | https://prod-cc.cc.gatech.edu/sites/default/files/documents/2021/201108_machine_learning.pdf | https://prod-cc.cc.gatech.edu/sites/default/files/documents/2021/201108_security_0.pdf | https://prod-cc.cc.gatech.edu/sites/default/files/documents/2021/201102_is_0.pdf | https://prod-cc.cc.gatech.edu/sites/default/files/documents/2021/201102_networking_p1_0.pdf | https://prod-cc.cc.gatech.edu/sites/default/files/documents/2021/201102_plc_0.pdf | https://prod-cc.cc.gatech.edu/sites/default/files/documents/2021/201102_security.pdf | https://prod-cc.cc.gatech.edu/sites/default/files/documents/2021/201102_sweng.pdf | https://prod-cc.cc.gatech.edu/sites/default/files/documents/2021/201102_systems.pdf | https://www.cc.gatech.edu/sites/default/files/documents/2023/nace-career-readiness-competencies-revised-apr-2021.pdf,,https://www.cc.gatech.edu/phd-cs-past-qualifying-exams
Artificial Intelligence & Machine Learning,Anomaly & Novelty Detection,downloaded,https://www.cc.gatech.edu/phd-cs-past-qualifying-exams | https://prod-cc.cc.gatech.edu/sites/default/files/documents/2021/qual_2019_fall.pdf | https://prod-cc.cc.gatech.edu/sites/default/files/documents/2021/qual_2018_spring_1.pdf | https://prod-cc.cc.gatech.edu/sites/default/files/documents/2021/qual_2017_spring.pdf | https://prod-cc.cc.gatech.edu/sites/default/files/documents/2021/2017intelligent_systemsqualifyingexam.pdf | https://prod-cc.cc.gatech.edu/sites/default/files/documents/2021/mlqual17_.pdf | https://prod-cc.cc.gatech.edu/sites/default/files/documents/2021/qual_2016_spring_0.pdf | https://prod-cc.cc.gatech.edu/sites/default/files/documents/2021/csphd_hci_qualsp2016.pdf | https://prod-cc.cc.gatech.edu/sites/default/files/documents/2021/2016intelligent_systemsqualifying-exam.pdf | https://prod-cc.cc.gatech.edu/sites/default/files/documents/2021/qual_spring_2015_0.pdf | https://prod-cc.cc.gatech.edu/sites/default/files/documents/2021/qualifying-exams-is-2015spring-formatted.pdf | https://prod-cc.cc.gatech.edu/sites/default/files/documents/2021/graphics_qual_2014.pdf | https://prod-cc.cc.gatech.edu/sites/default/files/documents/2021/qualifying-exams-is-2014spring-formatted.pdf | https://prod-cc.cc.gatech.edu/sites/default/files/documents/2021/gv_quals_2013_j_k_g.pdf | https://prod-cc.cc.gatech.edu/sites/default/files/documents/2021/qualifying-exams-is-2013spring-formatted.pdf | https://prod-cc.cc.gatech.edu/sites/default/files/documents/2021/201202gv_quals.pdf | https://prod-cc.cc.gatech.edu/sites/default/files/documents/2021/is-qual-spring-2012.pdf | https://prod-cc.cc.gatech.edu/sites/default/files/documents/2021/201108_architecture_1.pdf | https://prod-cc.cc.gatech.edu/sites/default/files/documents/2021/201108_machine_learning.pdf | https://prod-cc.cc.gatech.edu/sites/default/files/documents/2021/201108_security_0.pdf | https://prod-cc.cc.gatech.edu/sites/default/files/documents/2021/201102_is_0.pdf | https://prod-cc.cc.gatech.edu/sites/default/files/documents/2021/201102_networking_p1_0.pdf | https://prod-cc.cc.gatech.edu/sites/default/files/documents/2021/201102_plc_0.pdf | https://prod-cc.cc.gatech.edu/sites/default/files/documents/2021/201102_security.pdf | https://prod-cc.cc.gatech.edu/sites/default/files/documents/2021/201102_sweng.pdf | https://prod-cc.cc.gatech.edu/sites/default/files/documents/2021/201102_systems.pdf | https://www.cc.gatech.edu/sites/default/files/documents/2023/nace-career-readiness-competencies-revised-apr-2021.pdf,,https://www.cc.gatech.edu/phd-cs-past-qualifying-exams
Artificial Intelligence & Machine Learning,Causal Machine Learning,downloaded,https://www.cs.stanford.edu/phd-program-requirements-qualifying-exams,,https://www.cs.stanford.edu/phd-program-requirements-qualifying-exams
Artificial Intelligence & Machine Learning,Continual & Online Learning,downloaded,https://www.cc.gatech.edu/phd-cs-past-qualifying-exams | https://prod-cc.cc.gatech.edu/sites/default/files/documents/2021/qual_2019_fall.pdf | https://prod-cc.cc.gatech.edu/sites/default/files/documents/2021/qual_2018_spring_1.pdf | https://prod-cc.cc.gatech.edu/sites/default/files/documents/2021/qual_2017_spring.pdf | https://prod-cc.cc.gatech.edu/sites/default/files/documents/2021/2017intelligent_systemsqualifyingexam.pdf | https://prod-cc.cc.gatech.edu/sites/default/files/documents/2021/mlqual17_.pdf | https://prod-cc.cc.gatech.edu/sites/default/files/documents/2021/qual_2016_spring_0.pdf | https://prod-cc.cc.gatech.edu/sites/default/files/documents/2021/csphd_hci_qualsp2016.pdf | https://prod-cc.cc.gatech.edu/sites/default/files/documents/2021/2016intelligent_systemsqualifying-exam.pdf | https://prod-cc.cc.gatech.edu/sites/default/files/documents/2021/qual_spring_2015_0.pdf | https://prod-cc.cc.gatech.edu/sites/default/files/documents/2021/qualifying-exams-is-2015spring-formatted.pdf | https://prod-cc.cc.gatech.edu/sites/default/files/documents/2021/graphics_qual_2014.pdf | https://prod-cc.cc.gatech.edu/sites/default/files/documents/2021/qualifying-exams-is-2014spring-formatted.pdf | https://prod-cc.cc.gatech.edu/sites/default/files/documents/2021/gv_quals_2013_j_k_g.pdf | https://prod-cc.cc.gatech.edu/sites/default/files/documents/2021/qualifying-exams-is-2013spring-formatted.pdf | https://prod-cc.cc.gatech.edu/sites/default/files/documents/2021/201202gv_quals.pdf | https://prod-cc.cc.gatech.edu/sites/default/files/documents/2021/is-qual-spring-2012.pdf | https://prod-cc.cc.gatech.edu/sites/default/files/documents/2021/201108_architecture_1.pdf | https://prod-cc.cc.gatech.edu/sites/default/files/documents/2021/201108_machine_learning.pdf | https://prod-cc.cc.gatech.edu/sites/default/files/documents/2021/201108_security_0.pdf | https://prod-cc.cc.gatech.edu/sites/default/files/documents/2021/201102_is_0.pdf | https://prod-cc.cc.gatech.edu/sites/default/files/documents/2021/201102_networking_p1_0.pdf | https://prod-cc.cc.gatech.edu/sites/default/files/documents/2021/201102_plc_0.pdf | https://prod-cc.cc.gatech.edu/sites/default/files/documents/2021/201102_security.pdf | https://prod-cc.cc.gatech.edu/sites/default/files/documents/2021/201102_sweng.pdf | https://prod-cc.cc.gatech.edu/sites/default/files/documents/2021/201102_systems.pdf | https://www.cc.gatech.edu/sites/default/files/documents/2023/nace-career-readiness-competencies-revised-apr-2021.pdf,,https://www.cc.gatech.edu/phd-cs-past-qualifying-exams
Artificial Intelligence & Machine Learning,Deep Learning Theory,downloaded,https://siebelschool.illinois.edu/academics/graduate/phd-program/qualifying-exam/ai,,https://siebelschool.illinois.edu/academics/graduate/phd-program/qualifying-exam/ai
Artificial Intelligence & Machine Learning,Diffusion Models,downloaded,https://www.cc.gatech.edu/phd-cs-past-qualifying-exams | https://prod-cc.cc.gatech.edu/sites/default/files/documents/2021/qual_2019_fall.pdf | https://prod-cc.cc.gatech.edu/sites/default/files/documents/2021/qual_2018_spring_1.pdf | https://prod-cc.cc.gatech.edu/sites/default/files/documents/2021/qual_2017_spring.pdf | https://prod-cc.cc.gatech.edu/sites/default/files/documents/2021/2017intelligent_systemsqualifyingexam.pdf | https://prod-cc.cc.gatech.edu/sites/default/files/documents/2021/mlqual17_.pdf | https://prod-cc.cc.gatech.edu/sites/default/files/documents/2021/qual_2016_spring_0.pdf | https://prod-cc.cc.gatech.edu/sites/default/files/documents/2021/csphd_hci_qualsp2016.pdf | https://prod-cc.cc.gatech.edu/sites/default/files/documents/2021/2016intelligent_systemsqualifying-exam.pdf | https://prod-cc.cc.gatech.edu/sites/default/files/documents/2021/qual_spring_2015_0.pdf | https://prod-cc.cc.gatech.edu/sites/default/files/documents/2021/qualifying-exams-is-2015spring-formatted.pdf | https://prod-cc.cc.gatech.edu/sites/default/files/documents/2021/graphics_qual_2014.pdf | https://prod-cc.cc.gatech.edu/sites/default/files/documents/2021/qualifying-exams-is-2014spring-formatted.pdf | https://prod-cc.cc.gatech.edu/sites/default/files/documents/2021/gv_quals_2013_j_k_g.pdf | https://prod-cc.cc.gatech.edu/sites/default/files/documents/2021/qualifying-exams-is-2013spring-formatted.pdf | https://prod-cc.cc.gatech.edu/sites/default/files/documents/2021/201202gv_quals.pdf | https://prod-cc.cc.gatech.edu/sites/default/files/documents/2021/is-qual-spring-2012.pdf | https://prod-cc.cc.gatech.edu/sites/default/files/documents/2021/201108_architecture_1.pdf | https://prod-cc.cc.gatech.edu/sites/default/files/documents/2021/201108_machine_learning.pdf | https://prod-cc.cc.gatech.edu/sites/default/files/documents/2021/201108_security_0.pdf | https://prod-cc.cc.gatech.edu/sites/default/files/documents/2021/201102_is_0.pdf | https://prod-cc.cc.gatech.edu/sites/default/files/documents/2021/201102_networking_p1_0.pdf | https://prod-cc.cc.gatech.edu/sites/default/files/documents/2021/201102_plc_0.pdf | https://prod-cc.cc.gatech.edu/sites/default/files/documents/2021/201102_security.pdf | https://prod-cc.cc.gatech.edu/sites/default/files/documents/2021/201102_sweng.pdf | https://prod-cc.cc.gatech.edu/sites/default/files/documents/2021/201102_systems.pdf | https://www.cc.gatech.edu/sites/default/files/documents/2023/nace-career-readiness-competencies-revised-apr-2021.pdf,,https://www.cc.gatech.edu/phd-cs-past-qualifying-exams
Artificial Intelligence & Machine Learning,Ensemble Methods & Gradient Boosting,downloaded,https://www.cc.gatech.edu/phd-cs-past-qualifying-exams | https://prod-cc.cc.gatech.edu/sites/default/files/documents/2021/qual_2019_fall.pdf | https://prod-cc.cc.gatech.edu/sites/default/files/documents/2021/qual_2018_spring_1.pdf | https://prod-cc.cc.gatech.edu/sites/default/files/documents/2021/qual_2017_spring.pdf | https://prod-cc.cc.gatech.edu/sites/default/files/documents/2021/2017intelligent_systemsqualifyingexam.pdf | https://prod-cc.cc.gatech.edu/sites/default/files/documents/2021/mlqual17_.pdf | https://prod-cc.cc.gatech.edu/sites/default/files/documents/2021/qual_2016_spring_0.pdf | https://prod-cc.cc.gatech.edu/sites/default/files/documents/2021/csphd_hci_qualsp2016.pdf | https://prod-cc.cc.gatech.edu/sites/default/files/documents/2021/2016intelligent_systemsqualifying-exam.pdf | https://prod-cc.cc.gatech.edu/sites/default/files/documents/2021/qual_spring_2015_0.pdf | https://prod-cc.cc.gatech.edu/sites/default/files/documents/2021/qualifying-exams-is-2015spring-formatted.pdf | https://prod-cc.cc.gatech.edu/sites/default/files/documents/2021/graphics_qual_2014.pdf | https://prod-cc.cc.gatech.edu/sites/default/files/documents/2021/qualifying-exams-is-2014spring-formatted.pdf | https://prod-cc.cc.gatech.edu/sites/default/files/documents/2021/gv_quals_2013_j_k_g.pdf | https://prod-cc.cc.gatech.edu/sites/default/files/documents/2021/qualifying-exams-is-2013spring-formatted.pdf | https://prod-cc.cc.gatech.edu/sites/default/files/documents/2021/201202gv_quals.pdf | https://prod-cc.cc.gatech.edu/sites/default/files/documents/2021/is-qual-spring-2012.pdf | https://prod-cc.cc.gatech.edu/sites/default/files/documents/2021/201108_architecture_1.pdf | https://prod-cc.cc.gatech.edu/sites/default/files/documents/2021/201108_machine_learning.pdf | https://prod-cc.cc.gatech.edu/sites/default/files/documents/2021/201108_security_0.pdf | https://prod-cc.cc.gatech.edu/sites/default/files/documents/2021/201102_is_0.pdf | https://prod-cc.cc.gatech.edu/sites/default/files/documents/2021/201102_networking_p1_0.pdf | https://prod-cc.cc.gatech.edu/sites/default/files/documents/2021/201102_plc_0.pdf | https://prod-cc.cc.gatech.edu/sites/default/files/documents/2021/201102_security.pdf | https://prod-cc.cc.gatech.edu/sites/default/files/documents/2021/201102_sweng.pdf | https://prod-cc.cc.gatech.edu/sites/default/files/documents/2021/201102_systems.pdf | https://www.cc.gatech.edu/sites/default/files/documents/2023/nace-career-readiness-competencies-revised-apr-2021.pdf,,https://www.cc.gatech.edu/phd-cs-past-qualifying-exams
Artificial Intelligence & Machine Learning,Federated Learning,downloaded,https://www.cc.gatech.edu/phd-cs-past-qualifying-exams | https://prod-cc.cc.gatech.edu/sites/default/files/documents/2021/qual_2019_fall.pdf | https://prod-cc.cc.gatech.edu/sites/default/files/documents/2021/qual_2018_spring_1.pdf | https://prod-cc.cc.gatech.edu/sites/default/files/documents/2021/qual_2017_spring.pdf | https://prod-cc.cc.gatech.edu/sites/default/files/documents/2021/2017intelligent_systemsqualifyingexam.pdf | https://prod-cc.cc.gatech.edu/sites/default/files/documents/2021/mlqual17_.pdf | https://prod-cc.cc.gatech.edu/sites/default/files/documents/2021/qual_2016_spring_0.pdf | https://prod-cc.cc.gatech.edu/sites/default/files/documents/2021/csphd_hci_qualsp2016.pdf | https://prod-cc.cc.gatech.edu/sites/default/files/documents/2021/2016intelligent_systemsqualifying-exam.pdf | https://prod-cc.cc.gatech.edu/sites/default/files/documents/2021/qual_spring_2015_0.pdf | https://prod-cc.cc.gatech.edu/sites/default/files/documents/2021/qualifying-exams-is-2015spring-formatted.pdf | https://prod-cc.cc.gatech.edu/sites/default/files/documents/2021/graphics_qual_2014.pdf | https://prod-cc.cc.gatech.edu/sites/default/files/documents/2021/qualifying-exams-is-2014spring-formatted.pdf | https://prod-cc.cc.gatech.edu/sites/default/files/documents/2021/gv_quals_2013_j_k_g.pdf | https://prod-cc.cc.gatech.edu/sites/default/files/documents/2021/qualifying-exams-is-2013spring-formatted.pdf | https://prod-cc.cc.gatech.edu/sites/default/files/documents/2021/201202gv_quals.pdf | https://prod-cc.cc.gatech.edu/sites/default/files/documents/2021/is-qual-spring-2012.pdf | https://prod-cc.cc.gatech.edu/sites/default/files/documents/2021/201108_architecture_1.pdf | https://prod-cc.cc.gatech.edu/sites/default/files/documents/2021/201108_machine_learning.pdf | https://prod-cc.cc.gatech.edu/sites/default/files/documents/2021/201108_security_0.pdf | https://prod-cc.cc.gatech.edu/sites/default/files/documents/2021/201102_is_0.pdf | https://prod-cc.cc.gatech.edu/sites/default/files/documents/2021/201102_networking_p1_0.pdf | https://prod-cc.cc.gatech.edu/sites/default/files/documents/2021/201102_plc_0.pdf | https://prod-cc.cc.gatech.edu/sites/default/files/documents/2021/201102_security.pdf | https://prod-cc.cc.gatech.edu/sites/default/files/documents/2021/201102_sweng.pdf | https://prod-cc.cc.gatech.edu/sites/default/files/documents/2021/201102_systems.pdf | https://www.cc.gatech.edu/sites/default/files/documents/2023/nace-career-readiness-competencies-revised-apr-2021.pdf,,https://www.cc.gatech.edu/phd-cs-past-qualifying-exams
Artificial Intelligence & Machine Learning,Gaussian Processes & Bayesian Optimization,downloaded,https://www.cc.gatech.edu/phd-cs-past-qualifying-exams | https://prod-cc.cc.gatech.edu/sites/default/files/documents/2021/qual_2019_fall.pdf | https://prod-cc.cc.gatech.edu/sites/default/files/documents/2021/qual_2018_spring_1.pdf | https://prod-cc.cc.gatech.edu/sites/default/files/documents/2021/qual_2017_spring.pdf | https://prod-cc.cc.gatech.edu/sites/default/files/documents/2021/2017intelligent_systemsqualifyingexam.pdf | https://prod-cc.cc.gatech.edu/sites/default/files/documents/2021/mlqual17_.pdf | https://prod-cc.cc.gatech.edu/sites/default/files/documents/2021/qual_2016_spring_0.pdf | https://prod-cc.cc.gatech.edu/sites/default/files/documents/2021/csphd_hci_qualsp2016.pdf | https://prod-cc.cc.gatech.edu/sites/default/files/documents/2021/2016intelligent_systemsqualifying-exam.pdf | https://prod-cc.cc.gatech.edu/sites/default/files/documents/2021/qual_spring_2015_0.pdf | https://prod-cc.cc.gatech.edu/sites/default/files/documents/2021/qualifying-exams-is-2015spring-formatted.pdf | https://prod-cc.cc.gatech.edu/sites/default/files/documents/2021/graphics_qual_2014.pdf | https://prod-cc.cc.gatech.edu/sites/default/files/documents/2021/qualifying-exams-is-2014spring-formatted.pdf | https://prod-cc.cc.gatech.edu/sites/default/files/documents/2021/gv_quals_2013_j_k_g.pdf | https://prod-cc.cc.gatech.edu/sites/default/files/documents/2021/qualifying-exams-is-2013spring-formatted.pdf | https://prod-cc.cc.gatech.edu/sites/default/files/documents/2021/201202gv_quals.pdf | https://prod-cc.cc.gatech.edu/sites/default/files/documents/2021/is-qual-spring-2012.pdf | https://prod-cc.cc.gatech.edu/sites/default/files/documents/2021/201108_architecture_1.pdf | https://prod-cc.cc.gatech.edu/sites/default/files/documents/2021/201108_machine_learning.pdf | https://prod-cc.cc.gatech.edu/sites/default/files/documents/2021/201108_security_0.pdf | https://prod-cc.cc.gatech.edu/sites/default/files/documents/2021/201102_is_0.pdf | https://prod-cc.cc.gatech.edu/sites/default/files/documents/2021/201102_networking_p1_0.pdf | https://prod-cc.cc.gatech.edu/sites/default/files/documents/2021/201102_plc_0.pdf | https://prod-cc.cc.gatech.edu/sites/default/files/documents/2021/201102_security.pdf | https://prod-cc.cc.gatech.edu/sites/default/files/documents/2021/201102_sweng.pdf | https://prod-cc.cc.gatech.edu/sites/default/files/documents/2021/201102_systems.pdf | https://www.cc.gatech.edu/sites/default/files/documents/2023/nace-career-readiness-competencies-revised-apr-2021.pdf,,https://www.cc.gatech.edu/phd-cs-past-qualifying-exams
Artificial Intelligence & Machine Learning,Generative Models (GANs & VAEs),downloaded,https://www.cc.gatech.edu/phd-cs-past-qualifying-exams | https://prod-cc.cc.gatech.edu/sites/default/files/documents/2021/qual_2019_fall.pdf | https://prod-cc.cc.gatech.edu/sites/default/files/documents/2021/qual_2018_spring_1.pdf | https://prod-cc.cc.gatech.edu/sites/default/files/documents/2021/qual_2017_spring.pdf | https://prod-cc.cc.gatech.edu/sites/default/files/documents/2021/2017intelligent_systemsqualifyingexam.pdf | https://prod-cc.cc.gatech.edu/sites/default/files/documents/2021/mlqual17_.pdf | https://prod-cc.cc.gatech.edu/sites/default/files/documents/2021/qual_2016_spring_0.pdf | https://prod-cc.cc.gatech.edu/sites/default/files/documents/2021/csphd_hci_qualsp2016.pdf | https://prod-cc.cc.gatech.edu/sites/default/files/documents/2021/2016intelligent_systemsqualifying-exam.pdf | https://prod-cc.cc.gatech.edu/sites/default/files/documents/2021/qual_spring_2015_0.pdf | https://prod-cc.cc.gatech.edu/sites/default/files/documents/2021/qualifying-exams-is-2015spring-formatted.pdf | https://prod-cc.cc.gatech.edu/sites/default/files/documents/2021/graphics_qual_2014.pdf | https://prod-cc.cc.gatech.edu/sites/default/files/documents/2021/qualifying-exams-is-2014spring-formatted.pdf | https://prod-cc.cc.gatech.edu/sites/default/files/documents/2021/gv_quals_2013_j_k_g.pdf | https://prod-cc.cc.gatech.edu/sites/default/files/documents/2021/qualifying-exams-is-2013spring-formatted.pdf | https://prod-cc.cc.gatech.edu/sites/default/files/documents/2021/201202gv_quals.pdf | https://prod-cc.cc.gatech.edu/sites/default/files/documents/2021/is-qual-spring-2012.pdf | https://prod-cc.cc.gatech.edu/sites/default/files/documents/2021/201108_architecture_1.pdf | https://prod-cc.cc.gatech.edu/sites/default/files/documents/2021/201108_machine_learning.pdf | https://prod-cc.cc.gatech.edu/sites/default/files/documents/2021/201108_security_0.pdf | https://prod-cc.cc.gatech.edu/sites/default/files/documents/2021/201102_is_0.pdf | https://prod-cc.cc.gatech.edu/sites/default/files/documents/2021/201102_networking_p1_0.pdf | https://prod-cc.cc.gatech.edu/sites/default/files/documents/2021/201102_plc_0.pdf | https://prod-cc.cc.gatech.edu/sites/default/files/documents/2021/201102_security.pdf | https://prod-cc.cc.gatech.edu/sites/default/files/documents/2021/201102_sweng.pdf | https://prod-cc.cc.gatech.edu/sites/default/files/documents/2021/201102_systems.pdf | https://www.cc.gatech.edu/sites/default/files/documents/2023/nace-career-readiness-competencies-revised-apr-2021.pdf,,https://www.cc.gatech.edu/phd-cs-past-qualifying-exams
Artificial Intelligence & Machine Learning,Graph Neural Networks,downloaded,https://www.cc.gatech.edu/phd-cs-past-qualifying-exams | https://prod-cc.cc.gatech.edu/sites/default/files/documents/2021/qual_2019_fall.pdf | https://prod-cc.cc.gatech.edu/sites/default/files/documents/2021/qual_2018_spring_1.pdf | https://prod-cc.cc.gatech.edu/sites/default/files/documents/2021/qual_2017_spring.pdf | https://prod-cc.cc.gatech.edu/sites/default/files/documents/2021/2017intelligent_systemsqualifyingexam.pdf | https://prod-cc.cc.gatech.edu/sites/default/files/documents/2021/mlqual17_.pdf | https://prod-cc.cc.gatech.edu/sites/default/files/documents/2021/qual_2016_spring_0.pdf | https://prod-cc.cc.gatech.edu/sites/default/files/documents/2021/csphd_hci_qualsp2016.pdf | https://prod-cc.cc.gatech.edu/sites/default/files/documents/2021/2016intelligent_systemsqualifying-exam.pdf | https://prod-cc.cc.gatech.edu/sites/default/files/documents/2021/qual_spring_2015_0.pdf | https://prod-cc.cc.gatech.edu/sites/default/files/documents/2021/qualifying-exams-is-2015spring-formatted.pdf | https://prod-cc.cc.gatech.edu/sites/default/files/documents/2021/graphics_qual_2014.pdf | https://prod-cc.cc.gatech.edu/sites/default/files/documents/2021/qualifying-exams-is-2014spring-formatted.pdf | https://prod-cc.cc.gatech.edu/sites/default/files/documents/2021/gv_quals_2013_j_k_g.pdf | https://prod-cc.cc.gatech.edu/sites/default/files/documents/2021/qualifying-exams-is-2013spring-formatted.pdf | https://prod-cc.cc.gatech.edu/sites/default/files/documents/2021/201202gv_quals.pdf | https://prod-cc.cc.gatech.edu/sites/default/files/documents/2021/is-qual-spring-2012.pdf | https://prod-cc.cc.gatech.edu/sites/default/files/documents/2021/201108_architecture_1.pdf | https://prod-cc.cc.gatech.edu/sites/default/files/documents/2021/201108_machine_learning.pdf | https://prod-cc.cc.gatech.edu/sites/default/files/documents/2021/201108_security_0.pdf | https://prod-cc.cc.gatech.edu/sites/default/files/documents/2021/201102_is_0.pdf | https://prod-cc.cc.gatech.edu/sites/default/files/documents/2021/201102_networking_p1_0.pdf | https://prod-cc.cc.gatech.edu/sites/default/files/documents/2021/201102_plc_0.pdf | https://prod-cc.cc.gatech.edu/sites/default/files/documents/2021/201102_security.pdf | https://prod-cc.cc.gatech.edu/sites/default/files/documents/2021/201102_sweng.pdf | https://prod-cc.cc.gatech.edu/sites/default/files/documents/2021/201102_systems.pdf | https://www.cc.gatech.edu/sites/default/files/documents/2023/nace-career-readiness-competencies-revised-apr-2021.pdf,,https://www.cc.gatech.edu/phd-cs-past-qualifying-exams
Artificial Intelligence & Machine Learning,Graphical Models & Probabilistic Inference,downloaded,https://www.cc.gatech.edu/phd-cs-past-qualifying-exams | https://prod-cc.cc.gatech.edu/sites/default/files/documents/2021/qual_2019_fall.pdf | https://prod-cc.cc.gatech.edu/sites/default/files/documents/2021/qual_2018_spring_1.pdf | https://prod-cc.cc.gatech.edu/sites/default/files/documents/2021/qual_2017_spring.pdf | https://prod-cc.cc.gatech.edu/sites/default/files/documents/2021/2017intelligent_systemsqualifyingexam.pdf | https://prod-cc.cc.gatech.edu/sites/default/files/documents/2021/mlqual17_.pdf | https://prod-cc.cc.gatech.edu/sites/default/files/documents/2021/qual_2016_spring_0.pdf | https://prod-cc.cc.gatech.edu/sites/default/files/documents/2021/csphd_hci_qualsp2016.pdf | https://prod-cc.cc.gatech.edu/sites/default/files/documents/2021/2016intelligent_systemsqualifying-exam.pdf | https://prod-cc.cc.gatech.edu/sites/default/files/documents/2021/qual_spring_2015_0.pdf | https://prod-cc.cc.gatech.edu/sites/default/files/documents/2021/qualifying-exams-is-2015spring-formatted.pdf | https://prod-cc.cc.gatech.edu/sites/default/files/documents/2021/graphics_qual_2014.pdf | https://prod-cc.cc.gatech.edu/sites/default/files/documents/2021/qualifying-exams-is-2014spring-formatted.pdf | https://prod-cc.cc.gatech.edu/sites/default/files/documents/2021/gv_quals_2013_j_k_g.pdf | https://prod-cc.cc.gatech.edu/sites/default/files/documents/2021/qualifying-exams-is-2013spring-formatted.pdf | https://prod-cc.cc.gatech.edu/sites/default/files/documents/2021/201202gv_quals.pdf | https://prod-cc.cc.gatech.edu/sites/default/files/documents/2021/is-qual-spring-2012.pdf | https://prod-cc.cc.gatech.edu/sites/default/files/documents/2021/201108_architecture_1.pdf | https://prod-cc.cc.gatech.edu/sites/default/files/documents/2021/201108_machine_learning.pdf | https://prod-cc.cc.gatech.edu/sites/default/files/documents/2021/201108_security_0.pdf | https://prod-cc.cc.gatech.edu/sites/default/files/documents/2021/201102_is_0.pdf | https://prod-cc.cc.gatech.edu/sites/default/files/documents/2021/201102_networking_p1_0.pdf | https://prod-cc.cc.gatech.edu/sites/default/files/documents/2021/201102_plc_0.pdf | https://prod-cc.cc.gatech.edu/sites/default/files/documents/2021/201102_security.pdf | https://prod-cc.cc.gatech.edu/sites/default/files/documents/2021/201102_sweng.pdf | https://prod-cc.cc.gatech.edu/sites/default/files/documents/2021/201102_systems.pdf | https://www.cc.gatech.edu/sites/default/files/documents/2023/nace-career-readiness-competencies-revised-apr-2021.pdf,,https://www.cc.gatech.edu/phd-cs-past-qualifying-exams
Artificial Intelligence & Machine Learning,Imitation Learning & Inverse RL,downloaded,https://www.cc.gatech.edu/phd-cs-past-qualifying-exams | https://prod-cc.cc.gatech.edu/sites/default/files/documents/2021/qual_2019_fall.pdf | https://prod-cc.cc.gatech.edu/sites/default/files/documents/2021/qual_2018_spring_1.pdf | https://prod-cc.cc.gatech.edu/sites/default/files/documents/2021/qual_2017_spring.pdf | https://prod-cc.cc.gatech.edu/sites/default/files/documents/2021/2017intelligent_systemsqualifyingexam.pdf | https://prod-cc.cc.gatech.edu/sites/default/files/documents/2021/mlqual17_.pdf | https://prod-cc.cc.gatech.edu/sites/default/files/documents/2021/qual_2016_spring_0.pdf | https://prod-cc.cc.gatech.edu/sites/default/files/documents/2021/csphd_hci_qualsp2016.pdf | https://prod-cc.cc.gatech.edu/sites/default/files/documents/2021/2016intelligent_systemsqualifying-exam.pdf | https://prod-cc.cc.gatech.edu/sites/default/files/documents/2021/qual_spring_2015_0.pdf | https://prod-cc.cc.gatech.edu/sites/default/files/documents/2021/qualifying-exams-is-2015spring-formatted.pdf | https://prod-cc.cc.gatech.edu/sites/default/files/documents/2021/graphics_qual_2014.pdf | https://prod-cc.cc.gatech.edu/sites/default/files/documents/2021/qualifying-exams-is-2014spring-formatted.pdf | https://prod-cc.cc.gatech.edu/sites/default/files/documents/2021/gv_quals_2013_j_k_g.pdf | https://prod-cc.cc.gatech.edu/sites/default/files/documents/2021/qualifying-exams-is-2013spring-formatted.pdf | https://prod-cc.cc.gatech.edu/sites/default/files/documents/2021/201202gv_quals.pdf | https://prod-cc.cc.gatech.edu/sites/default/files/documents/2021/is-qual-spring-2012.pdf | https://prod-cc.cc.gatech.edu/sites/default/files/documents/2021/201108_architecture_1.pdf | https://prod-cc.cc.gatech.edu/sites/default/files/documents/2021/201108_machine_learning.pdf | https://prod-cc.cc.gatech.edu/sites/default/files/documents/2021/201108_security_0.pdf | https://prod-cc.cc.gatech.edu/sites/default/files/documents/2021/201102_is_0.pdf | https://prod-cc.cc.gatech.edu/sites/default/files/documents/2021/201102_networking_p1_0.pdf | https://prod-cc.cc.gatech.edu/sites/default/files/documents/2021/201102_plc_0.pdf | https://prod-cc.cc.gatech.edu/sites/default/files/documents/2021/201102_security.pdf | https://prod-cc.cc.gatech.edu/sites/default/files/documents/2021/201102_sweng.pdf | https://prod-cc.cc.gatech.edu/sites/default/files/documents/2021/201102_systems.pdf | https://www.cc.gatech.edu/sites/default/files/documents/2023/nace-career-readiness-competencies-revised-apr-2021.pdf,,https://www.cc.gatech.edu/phd-cs-past-qualifying-exams
Artificial Intelligence & Machine Learning,Interpretability & Explainable AI,downloaded,https://www.cc.gatech.edu/phd-cs-past-qualifying-exams | https://prod-cc.cc.gatech.edu/sites/default/files/documents/2021/qual_2019_fall.pdf | https://prod-cc.cc.gatech.edu/sites/default/files/documents/2021/qual_2018_spring_1.pdf | https://prod-cc.cc.gatech.edu/sites/default/files/documents/2021/qual_2017_spring.pdf | https://prod-cc.cc.gatech.edu/sites/default/files/documents/2021/2017intelligent_systemsqualifyingexam.pdf | https://prod-cc.cc.gatech.edu/sites/default/files/documents/2021/mlqual17_.pdf | https://prod-cc.cc.gatech.edu/sites/default/files/documents/2021/qual_2016_spring_0.pdf | https://prod-cc.cc.gatech.edu/sites/default/files/documents/2021/csphd_hci_qualsp2016.pdf | https://prod-cc.cc.gatech.edu/sites/default/files/documents/2021/2016intelligent_systemsqualifying-exam.pdf | https://prod-cc.cc.gatech.edu/sites/default/files/documents/2021/qual_spring_2015_0.pdf | https://prod-cc.cc.gatech.edu/sites/default/files/documents/2021/qualifying-exams-is-2015spring-formatted.pdf | https://prod-cc.cc.gatech.edu/sites/default/files/documents/2021/graphics_qual_2014.pdf | https://prod-cc.cc.gatech.edu/sites/default/files/documents/2021/qualifying-exams-is-2014spring-formatted.pdf | https://prod-cc.cc.gatech.edu/sites/default/files/documents/2021/gv_quals_2013_j_k_g.pdf | https://prod-cc.cc.gatech.edu/sites/default/files/documents/2021/qualifying-exams-is-2013spring-formatted.pdf | https://prod-cc.cc.gatech.edu/sites/default/files/documents/2021/201202gv_quals.pdf | https://prod-cc.cc.gatech.edu/sites/default/files/documents/2021/is-qual-spring-2012.pdf | https://prod-cc.cc.gatech.edu/sites/default/files/documents/2021/201108_architecture_1.pdf | https://prod-cc.cc.gatech.edu/sites/default/files/documents/2021/201108_machine_learning.pdf | https://prod-cc.cc.gatech.edu/sites/default/files/documents/2021/201108_security_0.pdf | https://prod-cc.cc.gatech.edu/sites/default/files/documents/2021/201102_is_0.pdf | https://prod-cc.cc.gatech.edu/sites/default/files/documents/2021/201102_networking_p1_0.pdf | https://prod-cc.cc.gatech.edu/sites/default/files/documents/2021/201102_plc_0.pdf | https://prod-cc.cc.gatech.edu/sites/default/files/documents/2021/201102_security.pdf | https://prod-cc.cc.gatech.edu/sites/default/files/documents/2021/201102_sweng.pdf | https://prod-cc.cc.gatech.edu/sites/default/files/documents/2021/201102_systems.pdf | https://www.cc.gatech.edu/sites/default/files/documents/2023/nace-career-readiness-competencies-revised-apr-2021.pdf,,https://www.cc.gatech.edu/phd-cs-past-qualifying-exams
Artificial Intelligence & Machine Learning,Kernel Methods & SVMs,downloaded,https://www.cc.gatech.edu/phd-cs-past-qualifying-exams | https://prod-cc.cc.gatech.edu/sites/default/files/documents/2021/qual_2019_fall.pdf | https://prod-cc.cc.gatech.edu/sites/default/files/documents/2021/qual_2018_spring_1.pdf | https://prod-cc.cc.gatech.edu/sites/default/files/documents/2021/qual_2017_spring.pdf | https://prod-cc.cc.gatech.edu/sites/default/files/documents/2021/2017intelligent_systemsqualifyingexam.pdf | https://prod-cc.cc.gatech.edu/sites/default/files/documents/2021/mlqual17_.pdf | https://prod-cc.cc.gatech.edu/sites/default/files/documents/2021/qual_2016_spring_0.pdf | https://prod-cc.cc.gatech.edu/sites/default/files/documents/2021/csphd_hci_qualsp2016.pdf | https://prod-cc.cc.gatech.edu/sites/default/files/documents/2021/2016intelligent_systemsqualifying-exam.pdf | https://prod-cc.cc.gatech.edu/sites/default/files/documents/2021/qual_spring_2015_0.pdf | https://prod-cc.cc.gatech.edu/sites/default/files/documents/2021/qualifying-exams-is-2015spring-formatted.pdf | https://prod-cc.cc.gatech.edu/sites/default/files/documents/2021/graphics_qual_2014.pdf | https://prod-cc.cc.gatech.edu/sites/default/files/documents/2021/qualifying-exams-is-2014spring-formatted.pdf | https://prod-cc.cc.gatech.edu/sites/default/files/documents/2021/gv_quals_2013_j_k_g.pdf | https://prod-cc.cc.gatech.edu/sites/default/files/documents/2021/qualifying-exams-is-2013spring-formatted.pdf | https://prod-cc.cc.gatech.edu/sites/default/files/documents/2021/201202gv_quals.pdf | https://prod-cc.cc.gatech.edu/sites/default/files/documents/2021/is-qual-spring-2012.pdf | https://prod-cc.cc.gatech.edu/sites/default/files/documents/2021/201108_architecture_1.pdf | https://prod-cc.cc.gatech.edu/sites/default/files/documents/2021/201108_machine_learning.pdf | https://prod-cc.cc.gatech.edu/sites/default/files/documents/2021/201108_security_0.pdf | https://prod-cc.cc.gatech.edu/sites/default/files/documents/2021/201102_is_0.pdf | https://prod-cc.cc.gatech.edu/sites/default/files/documents/2021/201102_networking_p1_0.pdf | https://prod-cc.cc.gatech.edu/sites/default/files/documents/2021/201102_plc_0.pdf | https://prod-cc.cc.gatech.edu/sites/default/files/documents/2021/201102_security.pdf | https://prod-cc.cc.gatech.edu/sites/default/files/documents/2021/201102_sweng.pdf | https://prod-cc.cc.gatech.edu/sites/default/files/documents/2021/201102_systems.pdf | https://www.cc.gatech.edu/sites/default/files/documents/2023/nace-career-readiness-competencies-revised-apr-2021.pdf,,https://www.cc.gatech.edu/phd-cs-past-qualifying-exams
Artificial Intelligence & Machine Learning,Metric & Representation Learning,downloaded,https://www.cc.gatech.edu/phd-cs-past-qualifying-exams | https://prod-cc.cc.gatech.edu/sites/default/files/documents/2021/qual_2019_fall.pdf | https://prod-cc.cc.gatech.edu/sites/default/files/documents/2021/qual_2018_spring_1.pdf | https://prod-cc.cc.gatech.edu/sites/default/files/documents/2021/qual_2017_spring.pdf | https://prod-cc.cc.gatech.edu/sites/default/files/documents/2021/2017intelligent_systemsqualifyingexam.pdf | https://prod-cc.cc.gatech.edu/sites/default/files/documents/2021/mlqual17_.pdf | https://prod-cc.cc.gatech.edu/sites/default/files/documents/2021/qual_2016_spring_0.pdf | https://prod-cc.cc.gatech.edu/sites/default/files/documents/2021/csphd_hci_qualsp2016.pdf | https://prod-cc.cc.gatech.edu/sites/default/files/documents/2021/2016intelligent_systemsqualifying-exam.pdf | https://prod-cc.cc.gatech.edu/sites/default/files/documents/2021/qual_spring_2015_0.pdf | https://prod-cc.cc.gatech.edu/sites/default/files/documents/2021/qualifying-exams-is-2015spring-formatted.pdf | https://prod-cc.cc.gatech.edu/sites/default/files/documents/2021/graphics_qual_2014.pdf | https://prod-cc.cc.gatech.edu/sites/default/files/documents/2021/qualifying-exams-is-2014spring-formatted.pdf | https://prod-cc.cc.gatech.edu/sites/default/files/documents/2021/gv_quals_2013_j_k_g.pdf | https://prod-cc.cc.gatech.edu/sites/default/files/documents/2021/qualifying-exams-is-2013spring-formatted.pdf | https://prod-cc.cc.gatech.edu/sites/default/files/documents/2021/201202gv_quals.pdf | https://prod-cc.cc.gatech.edu/sites/default/files/documents/2021/is-qual-spring-2012.pdf | https://prod-cc.cc.gatech.edu/sites/default/files/documents/2021/201108_architecture_1.pdf | https://prod-cc.cc.gatech.edu/sites/default/files/documents/2021/201108_machine_learning.pdf | https://prod-cc.cc.gatech.edu/sites/default/files/documents/2021/201108_security_0.pdf | https://prod-cc.cc.gatech.edu/sites/default/files/documents/2021/201102_is_0.pdf | https://prod-cc.cc.gatech.edu/sites/default/files/documents/2021/201102_networking_p1_0.pdf | https://prod-cc.cc.gatech.edu/sites/default/files/documents/2021/201102_plc_0.pdf | https://prod-cc.cc.gatech.edu/sites/default/files/documents/2021/201102_security.pdf | https://prod-cc.cc.gatech.edu/sites/default/files/documents/2021/201102_sweng.pdf | https://prod-cc.cc.gatech.edu/sites/default/files/documents/2021/201102_systems.pdf | https://www.cc.gatech.edu/sites/default/files/documents/2023/nace-career-readiness-competencies-revised-apr-2021.pdf,,https://www.cc.gatech.edu/phd-cs-past-qualifying-exams
Artificial Intelligence & Machine Learning,Model Compression & Distillation,downloaded,https://www.cc.gatech.edu/phd-cs-past-qualifying-exams | https://prod-cc.cc.gatech.edu/sites/default/files/documents/2021/qual_2019_fall.pdf | https://prod-cc.cc.gatech.edu/sites/default/files/documents/2021/qual_2018_spring_1.pdf | https://prod-cc.cc.gatech.edu/sites/default/files/documents/2021/qual_2017_spring.pdf | https://prod-cc.cc.gatech.edu/sites/default/files/documents/2021/2017intelligent_systemsqualifyingexam.pdf | https://prod-cc.cc.gatech.edu/sites/default/files/documents/2021/mlqual17_.pdf | https://prod-cc.cc.gatech.edu/sites/default/files/documents/2021/qual_2016_spring_0.pdf | https://prod-cc.cc.gatech.edu/sites/default/files/documents/2021/csphd_hci_qualsp2016.pdf | https://prod-cc.cc.gatech.edu/sites/default/files/documents/2021/2016intelligent_systemsqualifying-exam.pdf | https://prod-cc.cc.gatech.edu/sites/default/files/documents/2021/qual_spring_2015_0.pdf | https://prod-cc.cc.gatech.edu/sites/default/files/documents/2021/qualifying-exams-is-2015spring-formatted.pdf | https://prod-cc.cc.gatech.edu/sites/default/files/documents/2021/graphics_qual_2014.pdf | https://prod-cc.cc.gatech.edu/sites/default/files/documents/2021/qualifying-exams-is-2014spring-formatted.pdf | https://prod-cc.cc.gatech.edu/sites/default/files/documents/2021/gv_quals_2013_j_k_g.pdf | https://prod-cc.cc.gatech.edu/sites/default/files/documents/2021/qualifying-exams-is-2013spring-formatted.pdf | https://prod-cc.cc.gatech.edu/sites/default/files/documents/2021/201202gv_quals.pdf | https://prod-cc.cc.gatech.edu/sites/default/files/documents/2021/is-qual-spring-2012.pdf | https://prod-cc.cc.gatech.edu/sites/default/files/documents/2021/201108_architecture_1.pdf | https://prod-cc.cc.gatech.edu/sites/default/files/documents/2021/201108_machine_learning.pdf | https://prod-cc.cc.gatech.edu/sites/default/files/documents/2021/201108_security_0.pdf | https://prod-cc.cc.gatech.edu/sites/default/files/documents/2021/201102_is_0.pdf | https://prod-cc.cc.gatech.edu/sites/default/files/documents/2021/201102_networking_p1_0.pdf | https://prod-cc.cc.gatech.edu/sites/default/files/documents/2021/201102_plc_0.pdf | https://prod-cc.cc.gatech.edu/sites/default/files/documents/2021/201102_security.pdf | https://prod-cc.cc.gatech.edu/sites/default/files/documents/2021/201102_sweng.pdf | https://prod-cc.cc.gatech.edu/sites/default/files/documents/2021/201102_systems.pdf | https://www.cc.gatech.edu/sites/default/files/documents/2023/nace-career-readiness-competencies-revised-apr-2021.pdf,,https://www.cc.gatech.edu/phd-cs-past-qualifying-exams
Artificial Intelligence & Machine Learning,Multi-Agent Reinforcement Learning,downloaded,https://www.cc.gatech.edu/phd-cs-past-qualifying-exams | https://prod-cc.cc.gatech.edu/sites/default/files/documents/2021/qual_2019_fall.pdf | https://prod-cc.cc.gatech.edu/sites/default/files/documents/2021/qual_2018_spring_1.pdf | https://prod-cc.cc.gatech.edu/sites/default/files/documents/2021/qual_2017_spring.pdf | https://prod-cc.cc.gatech.edu/sites/default/files/documents/2021/2017intelligent_systemsqualifyingexam.pdf | https://prod-cc.cc.gatech.edu/sites/default/files/documents/2021/mlqual17_.pdf | https://prod-cc.cc.gatech.edu/sites/default/files/documents/2021/qual_2016_spring_0.pdf | https://prod-cc.cc.gatech.edu/sites/default/files/documents/2021/csphd_hci_qualsp2016.pdf | https://prod-cc.cc.gatech.edu/sites/default/files/documents/2021/2016intelligent_systemsqualifying-exam.pdf | https://prod-cc.cc.gatech.edu/sites/default/files/documents/2021/qual_spring_2015_0.pdf | https://prod-cc.cc.gatech.edu/sites/default/files/documents/2021/qualifying-exams-is-2015spring-formatted.pdf | https://prod-cc.cc.gatech.edu/sites/default/files/documents/2021/graphics_qual_2014.pdf | https://prod-cc.cc.gatech.edu/sites/default/files/documents/2021/qualifying-exams-is-2014spring-formatted.pdf | https://prod-cc.cc.gatech.edu/sites/default/files/documents/2021/gv_quals_2013_j_k_g.pdf | https://prod-cc.cc.gatech.edu/sites/default/files/documents/2021/qualifying-exams-is-2013spring-formatted.pdf | https://prod-cc.cc.gatech.edu/sites/default/files/documents/2021/201202gv_quals.pdf | https://prod-cc.cc.gatech.edu/sites/default/files/documents/2021/is-qual-spring-2012.pdf | https://prod-cc.cc.gatech.edu/sites/default/files/documents/2021/201108_architecture_1.pdf | https://prod-cc.cc.gatech.edu/sites/default/files/documents/2021/201108_machine_learning.pdf | https://prod-cc.cc.gatech.edu/sites/default/files/documents/2021/201108_security_0.pdf | https://prod-cc.cc.gatech.edu/sites/default/files/documents/2021/201102_is_0.pdf | https://prod-cc.cc.gatech.edu/sites/default/files/documents/2021/201102_networking_p1_0.pdf | https://prod-cc.cc.gatech.edu/sites/default/files/documents/2021/201102_plc_0.pdf | https://prod-cc.cc.gatech.edu/sites/default/files/documents/2021/201102_security.pdf | https://prod-cc.cc.gatech.edu/sites/default/files/documents/2021/201102_sweng.pdf | https://prod-cc.cc.gatech.edu/sites/default/files/documents/2021/201102_systems.pdf | https://www.cc.gatech.edu/sites/default/files/documents/2023/nace-career-readiness-competencies-revised-apr-2021.pdf,,https://www.cc.gatech.edu/phd-cs-past-qualifying-exams
Artificial Intelligence & Machine Learning,Neural Architecture Search & AutoML,downloaded,https://www.cc.gatech.edu/phd-cs-past-qualifying-exams | https://prod-cc.cc.gatech.edu/sites/default/files/documents/2021/qual_2019_fall.pdf | https://prod-cc.cc.gatech.edu/sites/default/files/documents/2021/qual_2018_spring_1.pdf | https://prod-cc.cc.gatech.edu/sites/default/files/documents/2021/qual_2017_spring.pdf | https://prod-cc.cc.gatech.edu/sites/default/files/documents/2021/2017intelligent_systemsqualifyingexam.pdf | https://prod-cc.cc.gatech.edu/sites/default/files/documents/2021/mlqual17_.pdf | https://prod-cc.cc.gatech.edu/sites/default/files/documents/2021/qual_2016_spring_0.pdf | https://prod-cc.cc.gatech.edu/sites/default/files/documents/2021/csphd_hci_qualsp2016.pdf | https://prod-cc.cc.gatech.edu/sites/default/files/documents/2021/2016intelligent_systemsqualifying-exam.pdf | https://prod-cc.cc.gatech.edu/sites/default/files/documents/2021/qual_spring_2015_0.pdf | https://prod-cc.cc.gatech.edu/sites/default/files/documents/2021/qualifying-exams-is-2015spring-formatted.pdf | https://prod-cc.cc.gatech.edu/sites/default/files/documents/2021/graphics_qual_2014.pdf | https://prod-cc.cc.gatech.edu/sites/default/files/documents/2021/qualifying-exams-is-2014spring-formatted.pdf | https://prod-cc.cc.gatech.edu/sites/default/files/documents/2021/gv_quals_2013_j_k_g.pdf | https://prod-cc.cc.gatech.edu/sites/default/files/documents/2021/qualifying-exams-is-2013spring-formatted.pdf | https://prod-cc.cc.gatech.edu/sites/default/files/documents/2021/201202gv_quals.pdf | https://prod-cc.cc.gatech.edu/sites/default/files/documents/2021/is-qual-spring-2012.pdf | https://prod-cc.cc.gatech.edu/sites/default/files/documents/2021/201108_architecture_1.pdf | https://prod-cc.cc.gatech.edu/sites/default/files/documents/2021/201108_machine_learning.pdf | https://prod-cc.cc.gatech.edu/sites/default/files/documents/2021/201108_security_0.pdf | https://prod-cc.cc.gatech.edu/sites/default/files/documents/2021/201102_is_0.pdf | https://prod-cc.cc.gatech.edu/sites/default/files/documents/2021/201102_networking_p1_0.pdf | https://prod-cc.cc.gatech.edu/sites/default/files/documents/2021/201102_plc_0.pdf | https://prod-cc.cc.gatech.edu/sites/default/files/documents/2021/201102_security.pdf | https://prod-cc.cc.gatech.edu/sites/default/files/documents/2021/201102_sweng.pdf | https://prod-cc.cc.gatech.edu/sites/default/files/documents/2021/201102_systems.pdf | https://www.cc.gatech.edu/sites/default/files/documents/2023/nace-career-readiness-competencies-revised-apr-2021.pdf,,https://www.cc.gatech.edu/phd-cs-past-qualifying-exams
Artificial Intelligence & Machine Learning,Optimization for Deep Learning,downloaded,https://www.cc.gatech.edu/phd-cs-past-qualifying-exams | https://prod-cc.cc.gatech.edu/sites/default/files/documents/2021/qual_2019_fall.pdf | https://prod-cc.cc.gatech.edu/sites/default/files/documents/2021/qual_2018_spring_1.pdf | https://prod-cc.cc.gatech.edu/sites/default/files/documents/2021/qual_2017_spring.pdf | https://prod-cc.cc.gatech.edu/sites/default/files/documents/2021/2017intelligent_systemsqualifyingexam.pdf | https://prod-cc.cc.gatech.edu/sites/default/files/documents/2021/mlqual17_.pdf | https://prod-cc.cc.gatech.edu/sites/default/files/documents/2021/qual_2016_spring_0.pdf | https://prod-cc.cc.gatech.edu/sites/default/files/documents/2021/csphd_hci_qualsp2016.pdf | https://prod-cc.cc.gatech.edu/sites/default/files/documents/2021/2016intelligent_systemsqualifying-exam.pdf | https://prod-cc.cc.gatech.edu/sites/default/files/documents/2021/qual_spring_2015_0.pdf | https://prod-cc.cc.gatech.edu/sites/default/files/documents/2021/qualifying-exams-is-2015spring-formatted.pdf | https://prod-cc.cc.gatech.edu/sites/default/files/documents/2021/graphics_qual_2014.pdf | https://prod-cc.cc.gatech.edu/sites/default/files/documents/2021/qualifying-exams-is-2014spring-formatted.pdf | https://prod-cc.cc.gatech.edu/sites/default/files/documents/2021/gv_quals_2013_j_k_g.pdf | https://prod-cc.cc.gatech.edu/sites/default/files/documents/2021/qualifying-exams-is-2013spring-formatted.pdf | https://prod-cc.cc.gatech.edu/sites/default/files/documents/2021/201202gv_quals.pdf | https://prod-cc.cc.gatech.edu/sites/default/files/documents/2021/is-qual-spring-2012.pdf | https://prod-cc.cc.gatech.edu/sites/default/files/documents/2021/201108_architecture_1.pdf | https://prod-cc.cc.gatech.edu/sites/default/files/documents/2021/201108_machine_learning.pdf | https://prod-cc.cc.gatech.edu/sites/default/files/documents/2021/201108_security_0.pdf | https://prod-cc.cc.gatech.edu/sites/default/files/documents/2021/201102_is_0.pdf | https://prod-cc.cc.gatech.edu/sites/default/files/documents/2021/201102_networking_p1_0.pdf | https://prod-cc.cc.gatech.edu/sites/default/files/documents/2021/201102_plc_0.pdf | https://prod-cc.cc.gatech.edu/sites/default/files/documents/2021/201102_security.pdf | https://prod-cc.cc.gatech.edu/sites/default/files/documents/2021/201102_sweng.pdf | https://prod-cc.cc.gatech.edu/sites/default/files/documents/2021/201102_systems.pdf | https://www.cc.gatech.edu/sites/default/files/documents/2023/nace-career-readiness-competencies-revised-apr-2021.pdf,,https://www.cc.gatech.edu/phd-cs-past-qualifying-exams
Artificial Intelligence & Machine Learning,Probabilistic Machine Learning,downloaded,https://www.cc.gatech.edu/phd-cs-past-qualifying-exams | https://prod-cc.cc.gatech.edu/sites/default/files/documents/2021/qual_2019_fall.pdf | https://prod-cc.cc.gatech.edu/sites/default/files/documents/2021/qual_2018_spring_1.pdf | https://prod-cc.cc.gatech.edu/sites/default/files/documents/2021/qual_2017_spring.pdf | https://prod-cc.cc.gatech.edu/sites/default/files/documents/2021/2017intelligent_systemsqualifyingexam.pdf | https://prod-cc.cc.gatech.edu/sites/default/files/documents/2021/mlqual17_.pdf | https://prod-cc.cc.gatech.edu/sites/default/files/documents/2021/qual_2016_spring_0.pdf | https://prod-cc.cc.gatech.edu/sites/default/files/documents/2021/csphd_hci_qualsp2016.pdf | https://prod-cc.cc.gatech.edu/sites/default/files/documents/2021/2016intelligent_systemsqualifying-exam.pdf | https://prod-cc.cc.gatech.edu/sites/default/files/documents/2021/qual_spring_2015_0.pdf | https://prod-cc.cc.gatech.edu/sites/default/files/documents/2021/qualifying-exams-is-2015spring-formatted.pdf | https://prod-cc.cc.gatech.edu/sites/default/files/documents/2021/graphics_qual_2014.pdf | https://prod-cc.cc.gatech.edu/sites/default/files/documents/2021/qualifying-exams-is-2014spring-formatted.pdf | https://prod-cc.cc.gatech.edu/sites/default/files/documents/2021/gv_quals_2013_j_k_g.pdf | https://prod-cc.cc.gatech.edu/sites/default/files/documents/2021/qualifying-exams-is-2013spring-formatted.pdf | https://prod-cc.cc.gatech.edu/sites/default/files/documents/2021/201202gv_quals.pdf | https://prod-cc.cc.gatech.edu/sites/default/files/documents/2021/is-qual-spring-2012.pdf | https://prod-cc.cc.gatech.edu/sites/default/files/documents/2021/201108_architecture_1.pdf | https://prod-cc.cc.gatech.edu/sites/default/files/documents/2021/201108_machine_learning.pdf | https://prod-cc.cc.gatech.edu/sites/default/files/documents/2021/201108_security_0.pdf | https://prod-cc.cc.gatech.edu/sites/default/files/documents/2021/201102_is_0.pdf | https://prod-cc.cc.gatech.edu/sites/default/files/documents/2021/201102_networking_p1_0.pdf | https://prod-cc.cc.gatech.edu/sites/default/files/documents/2021/201102_plc_0.pdf | https://prod-cc.cc.gatech.edu/sites/default/files/documents/2021/201102_security.pdf | https://prod-cc.cc.gatech.edu/sites/default/files/documents/2021/201102_sweng.pdf | https://prod-cc.cc.gatech.edu/sites/default/files/documents/2021/201102_systems.pdf | https://www.cc.gatech.edu/sites/default/files/documents/2023/nace-career-readiness-competencies-revised-apr-2021.pdf,,https://www.cc.gatech.edu/phd-cs-past-qualifying-exams
Artificial Intelligence & Machine Learning,Recommender Systems,downloaded,https://www.cc.gatech.edu/phd-cs-past-qualifying-exams | https://prod-cc.cc.gatech.edu/sites/default/files/documents/2021/qual_2019_fall.pdf | https://prod-cc.cc.gatech.edu/sites/default/files/documents/2021/qual_2018_spring_1.pdf | https://prod-cc.cc.gatech.edu/sites/default/files/documents/2021/qual_2017_spring.pdf | https://prod-cc.cc.gatech.edu/sites/default/files/documents/2021/2017intelligent_systemsqualifyingexam.pdf | https://prod-cc.cc.gatech.edu/sites/default/files/documents/2021/mlqual17_.pdf | https://prod-cc.cc.gatech.edu/sites/default/files/documents/2021/qual_2016_spring_0.pdf | https://prod-cc.cc.gatech.edu/sites/default/files/documents/2021/csphd_hci_qualsp2016.pdf | https://prod-cc.cc.gatech.edu/sites/default/files/documents/2021/2016intelligent_systemsqualifying-exam.pdf | https://prod-cc.cc.gatech.edu/sites/default/files/documents/2021/qual_spring_2015_0.pdf | https://prod-cc.cc.gatech.edu/sites/default/files/documents/2021/qualifying-exams-is-2015spring-formatted.pdf | https://prod-cc.cc.gatech.edu/sites/default/files/documents/2021/graphics_qual_2014.pdf | https://prod-cc.cc.gatech.edu/sites/default/files/documents/2021/qualifying-exams-is-2014spring-formatted.pdf | https://prod-cc.cc.gatech.edu/sites/default/files/documents/2021/gv_quals_2013_j_k_g.pdf | https://prod-cc.cc.gatech.edu/sites/default/files/documents/2021/qualifying-exams-is-2013spring-formatted.pdf | https://prod-cc.cc.gatech.edu/sites/default/files/documents/2021/201202gv_quals.pdf | https://prod-cc.cc.gatech.edu/sites/default/files/documents/2021/is-qual-spring-2012.pdf | https://prod-cc.cc.gatech.edu/sites/default/files/documents/2021/201108_architecture_1.pdf | https://prod-cc.cc.gatech.edu/sites/default/files/documents/2021/201108_machine_learning.pdf | https://prod-cc.cc.gatech.edu/sites/default/files/documents/2021/201108_security_0.pdf | https://prod-cc.cc.gatech.edu/sites/default/files/documents/2021/201102_is_0.pdf | https://prod-cc.cc.gatech.edu/sites/default/files/documents/2021/201102_networking_p1_0.pdf | https://prod-cc.cc.gatech.edu/sites/default/files/documents/2021/201102_plc_0.pdf | https://prod-cc.cc.gatech.edu/sites/default/files/documents/2021/201102_security.pdf | https://prod-cc.cc.gatech.edu/sites/default/files/documents/2021/201102_sweng.pdf | https://prod-cc.cc.gatech.edu/sites/default/files/documents/2021/201102_systems.pdf | https://www.cc.gatech.edu/sites/default/files/documents/2023/nace-career-readiness-competencies-revised-apr-2021.pdf,,https://www.cc.gatech.edu/phd-cs-past-qualifying-exams
Artificial Intelligence & Machine Learning,Reinforcement Learning,downloaded,https://www.cs.stanford.edu/phd-program-requirements-qualifying-exams,,https://www.cs.stanford.edu/phd-program-requirements-qualifying-exams
Artificial Intelligence & Machine Learning,Self-Supervised Learning,downloaded,https://www.cc.gatech.edu/phd-cs-past-qualifying-exams | https://prod-cc.cc.gatech.edu/sites/default/files/documents/2021/qual_2019_fall.pdf | https://prod-cc.cc.gatech.edu/sites/default/files/documents/2021/qual_2018_spring_1.pdf | https://prod-cc.cc.gatech.edu/sites/default/files/documents/2021/qual_2017_spring.pdf | https://prod-cc.cc.gatech.edu/sites/default/files/documents/2021/2017intelligent_systemsqualifyingexam.pdf | https://prod-cc.cc.gatech.edu/sites/default/files/documents/2021/mlqual17_.pdf | https://prod-cc.cc.gatech.edu/sites/default/files/documents/2021/qual_2016_spring_0.pdf | https://prod-cc.cc.gatech.edu/sites/default/files/documents/2021/csphd_hci_qualsp2016.pdf | https://prod-cc.cc.gatech.edu/sites/default/files/documents/2021/2016intelligent_systemsqualifying-exam.pdf | https://prod-cc.cc.gatech.edu/sites/default/files/documents/2021/qual_spring_2015_0.pdf | https://prod-cc.cc.gatech.edu/sites/default/files/documents/2021/qualifying-exams-is-2015spring-formatted.pdf | https://prod-cc.cc.gatech.edu/sites/default/files/documents/2021/graphics_qual_2014.pdf | https://prod-cc.cc.gatech.edu/sites/default/files/documents/2021/qualifying-exams-is-2014spring-formatted.pdf | https://prod-cc.cc.gatech.edu/sites/default/files/documents/2021/gv_quals_2013_j_k_g.pdf | https://prod-cc.cc.gatech.edu/sites/default/files/documents/2021/qualifying-exams-is-2013spring-formatted.pdf | https://prod-cc.cc.gatech.edu/sites/default/files/documents/2021/201202gv_quals.pdf | https://prod-cc.cc.gatech.edu/sites/default/files/documents/2021/is-qual-spring-2012.pdf | https://prod-cc.cc.gatech.edu/sites/default/files/documents/2021/201108_architecture_1.pdf | https://prod-cc.cc.gatech.edu/sites/default/files/documents/2021/201108_machine_learning.pdf | https://prod-cc.cc.gatech.edu/sites/default/files/documents/2021/201108_security_0.pdf | https://prod-cc.cc.gatech.edu/sites/default/files/documents/2021/201102_is_0.pdf | https://prod-cc.cc.gatech.edu/sites/default/files/documents/2021/201102_networking_p1_0.pdf | https://prod-cc.cc.gatech.edu/sites/default/files/documents/2021/201102_plc_0.pdf | https://prod-cc.cc.gatech.edu/sites/default/files/documents/2021/201102_security.pdf | https://prod-cc.cc.gatech.edu/sites/default/files/documents/2021/201102_sweng.pdf | https://prod-cc.cc.gatech.edu/sites/default/files/documents/2021/201102_systems.pdf | https://www.cc.gatech.edu/sites/default/files/documents/2023/nace-career-readiness-competencies-revised-apr-2021.pdf,,https://www.cc.gatech.edu/phd-cs-past-qualifying-exams
Artificial Intelligence & Machine Learning,Time Series Forecasting,downloaded,https://www.cc.gatech.edu/phd-cs-past-qualifying-exams | https://prod-cc.cc.gatech.edu/sites/default/files/documents/2021/qual_2019_fall.pdf | https://prod-cc.cc.gatech.edu/sites/default/files/documents/2021/qual_2018_spring_1.pdf | https://prod-cc.cc.gatech.edu/sites/default/files/documents/2021/qual_2017_spring.pdf | https://prod-cc.cc.gatech.edu/sites/default/files/documents/2021/2017intelligent_systemsqualifyingexam.pdf | https://prod-cc.cc.gatech.edu/sites/default/files/documents/2021/mlqual17_.pdf | https://prod-cc.cc.gatech.edu/sites/default/files/documents/2021/qual_2016_spring_0.pdf | https://prod-cc.cc.gatech.edu/sites/default/files/documents/2021/csphd_hci_qualsp2016.pdf | https://prod-cc.cc.gatech.edu/sites/default/files/documents/2021/2016intelligent_systemsqualifying-exam.pdf | https://prod-cc.cc.gatech.edu/sites/default/files/documents/2021/qual_spring_2015_0.pdf | https://prod-cc.cc.gatech.edu/sites/default/files/documents/2021/qualifying-exams-is-2015spring-formatted.pdf | https://prod-cc.cc.gatech.edu/sites/default/files/documents/2021/graphics_qual_2014.pdf | https://prod-cc.cc.gatech.edu/sites/default/files/documents/2021/qualifying-exams-is-2014spring-formatted.pdf | https://prod-cc.cc.gatech.edu/sites/default/files/documents/2021/gv_quals_2013_j_k_g.pdf | https://prod-cc.cc.gatech.edu/sites/default/files/documents/2021/qualifying-exams-is-2013spring-formatted.pdf | https://prod-cc.cc.gatech.edu/sites/default/files/documents/2021/201202gv_quals.pdf | https://prod-cc.cc.gatech.edu/sites/default/files/documents/2021/is-qual-spring-2012.pdf | https://prod-cc.cc.gatech.edu/sites/default/files/documents/2021/201108_architecture_1.pdf | https://prod-cc.cc.gatech.edu/sites/default/files/documents/2021/201108_machine_learning.pdf | https://prod-cc.cc.gatech.edu/sites/default/files/documents/2021/201108_security_0.pdf | https://prod-cc.cc.gatech.edu/sites/default/files/documents/2021/201102_is_0.pdf | https://prod-cc.cc.gatech.edu/sites/default/files/documents/2021/201102_networking_p1_0.pdf | https://prod-cc.cc.gatech.edu/sites/default/files/documents/2021/201102_plc_0.pdf | https://prod-cc.cc.gatech.edu/sites/default/files/documents/2021/201102_security.pdf | https://prod-cc.cc.gatech.edu/sites/default/files/documents/2021/201102_sweng.pdf | https://prod-cc.cc.gatech.edu/sites/default/files/documents/2021/201102_systems.pdf | https://www.cc.gatech.edu/sites/default/files/documents/2023/nace-career-readiness-competencies-revised-apr-2021.pdf,,https://www.cc.gatech.edu/phd-cs-past-qualifying-exams
Artificial Intelligence & Machine Learning,Transfer & Meta-Learning,downloaded,https://www.cc.gatech.edu/phd-cs-past-qualifying-exams | https://prod-cc.cc.gatech.edu/sites/default/files/documents/2021/qual_2019_fall.pdf | https://prod-cc.cc.gatech.edu/sites/default/files/documents/2021/qual_2018_spring_1.pdf | https://prod-cc.cc.gatech.edu/sites/default/files/documents/2021/qual_2017_spring.pdf | https://prod-cc.cc.gatech.edu/sites/default/files/documents/2021/2017intelligent_systemsqualifyingexam.pdf | https://prod-cc.cc.gatech.edu/sites/default/files/documents/2021/mlqual17_.pdf | https://prod-cc.cc.gatech.edu/sites/default/files/documents/2021/qual_2016_spring_0.pdf | https://prod-cc.cc.gatech.edu/sites/default/files/documents/2021/csphd_hci_qualsp2016.pdf | https://prod-cc.cc.gatech.edu/sites/default/files/documents/2021/2016intelligent_systemsqualifying-exam.pdf | https://prod-cc.cc.gatech.edu/sites/default/files/documents/2021/qual_spring_2015_0.pdf | https://prod-cc.cc.gatech.edu/sites/default/files/documents/2021/qualifying-exams-is-2015spring-formatted.pdf | https://prod-cc.cc.gatech.edu/sites/default/files/documents/2021/graphics_qual_2014.pdf | https://prod-cc.cc.gatech.edu/sites/default/files/documents/2021/qualifying-exams-is-2014spring-formatted.pdf | https://prod-cc.cc.gatech.edu/sites/default/files/documents/2021/gv_quals_2013_j_k_g.pdf | https://prod-cc.cc.gatech.edu/sites/default/files/documents/2021/qualifying-exams-is-2013spring-formatted.pdf | https://prod-cc.cc.gatech.edu/sites/default/files/documents/2021/201202gv_quals.pdf | https://prod-cc.cc.gatech.edu/sites/default/files/documents/2021/is-qual-spring-2012.pdf | https://prod-cc.cc.gatech.edu/sites/default/files/documents/2021/201108_architecture_1.pdf | https://prod-cc.cc.gatech.edu/sites/default/files/documents/2021/201108_machine_learning.pdf | https://prod-cc.cc.gatech.edu/sites/default/files/documents/2021/201108_security_0.pdf | https://prod-cc.cc.gatech.edu/sites/default/files/documents/2021/201102_is_0.pdf | https://prod-cc.cc.gatech.edu/sites/default/files/documents/2021/201102_networking_p1_0.pdf | https://prod-cc.cc.gatech.edu/sites/default/files/documents/2021/201102_plc_0.pdf | https://prod-cc.cc.gatech.edu/sites/default/files/documents/2021/201102_security.pdf | https://prod-cc.cc.gatech.edu/sites/default/files/documents/2021/201102_sweng.pdf | https://prod-cc.cc.gatech.edu/sites/default/files/documents/2021/201102_systems.pdf | https://www.cc.gatech.edu/sites/default/files/documents/2023/nace-career-readiness-competencies-revised-apr-2021.pdf,,https://www.cc.gatech.edu/phd-cs-past-qualifying-exams
Artificial Intelligence & Machine Learning,Transformer & Attention Architectures,downloaded,https://www.cc.gatech.edu/phd-cs-past-qualifying-exams | https://prod-cc.cc.gatech.edu/sites/default/files/documents/2021/qual_2019_fall.pdf | https://prod-cc.cc.gatech.edu/sites/default/files/documents/2021/qual_2018_spring_1.pdf | https://prod-cc.cc.gatech.edu/sites/default/files/documents/2021/qual_2017_spring.pdf | https://prod-cc.cc.gatech.edu/sites/default/files/documents/2021/2017intelligent_systemsqualifyingexam.pdf | https://prod-cc.cc.gatech.edu/sites/default/files/documents/2021/mlqual17_.pdf | https://prod-cc.cc.gatech.edu/sites/default/files/documents/2021/qual_2016_spring_0.pdf | https://prod-cc.cc.gatech.edu/sites/default/files/documents/2021/csphd_hci_qualsp2016.pdf | https://prod-cc.cc.gatech.edu/sites/default/files/documents/2021/2016intelligent_systemsqualifying-exam.pdf | https://prod-cc.cc.gatech.edu/sites/default/files/documents/2021/qual_spring_2015_0.pdf | https://prod-cc.cc.gatech.edu/sites/default/files/documents/2021/qualifying-exams-is-2015spring-formatted.pdf | https://prod-cc.cc.gatech.edu/sites/default/files/documents/2021/graphics_qual_2014.pdf | https://prod-cc.cc.gatech.edu/sites/default/files/documents/2021/qualifying-exams-is-2014spring-formatted.pdf | https://prod-cc.cc.gatech.edu/sites/default/files/documents/2021/gv_quals_2013_j_k_g.pdf | https://prod-cc.cc.gatech.edu/sites/default/files/documents/2021/qualifying-exams-is-2013spring-formatted.pdf | https://prod-cc.cc.gatech.edu/sites/default/files/documents/2021/201202gv_quals.pdf | https://prod-cc.cc.gatech.edu/sites/default/files/documents/2021/is-qual-spring-2012.pdf | https://prod-cc.cc.gatech.edu/sites/default/files/documents/2021/201108_architecture_1.pdf | https://prod-cc.cc.gatech.edu/sites/default/files/documents/2021/201108_machine_learning.pdf | https://prod-cc.cc.gatech.edu/sites/default/files/documents/2021/201108_security_0.pdf | https://prod-cc.cc.gatech.edu/sites/default/files/documents/2021/201102_is_0.pdf | https://prod-cc.cc.gatech.edu/sites/default/files/documents/2021/201102_networking_p1_0.pdf | https://prod-cc.cc.gatech.edu/sites/default/files/documents/2021/201102_plc_0.pdf | https://prod-cc.cc.gatech.edu/sites/default/files/documents/2021/201102_security.pdf | https://prod-cc.cc.gatech.edu/sites/default/files/documents/2021/201102_sweng.pdf | https://prod-cc.cc.gatech.edu/sites/default/files/documents/2021/201102_systems.pdf | https://www.cc.gatech.edu/sites/default/files/documents/2023/nace-career-readiness-competencies-revised-apr-2021.pdf,,https://www.cc.gatech.edu/phd-cs-past-qualifying-exams
Computer Vision & Graphics,3D Vision & Reconstruction,downloaded,https://www.cc.gatech.edu/phd-cs-past-qualifying-exams | https://prod-cc.cc.gatech.edu/sites/default/files/documents/2021/qual_2019_fall.pdf | https://prod-cc.cc.gatech.edu/sites/default/files/documents/2021/qual_2018_spring_1.pdf | https://prod-cc.cc.gatech.edu/sites/default/files/documents/2021/qual_2017_spring.pdf | https://prod-cc.cc.gatech.edu/sites/default/files/documents/2021/2017intelligent_systemsqualifyingexam.pdf | https://prod-cc.cc.gatech.edu/sites/default/files/documents/2021/mlqual17_.pdf | https://prod-cc.cc.gatech.edu/sites/default/files/documents/2021/qual_2016_spring_0.pdf | https://prod-cc.cc.gatech.edu/sites/default/files/documents/2021/csphd_hci_qualsp2016.pdf | https://prod-cc.cc.gatech.edu/sites/default/files/documents/2021/2016intelligent_systemsqualifying-exam.pdf | https://prod-cc.cc.gatech.edu/sites/default/files/documents/2021/qual_spring_2015_0.pdf | https://prod-cc.cc.gatech.edu/sites/default/files/documents/2021/qualifying-exams-is-2015spring-formatted.pdf | https://prod-cc.cc.gatech.edu/sites/default/files/documents/2021/graphics_qual_2014.pdf | https://prod-cc.cc.gatech.edu/sites/default/files/documents/2021/qualifying-exams-is-2014spring-formatted.pdf | https://prod-cc.cc.gatech.edu/sites/default/files/documents/2021/gv_quals_2013_j_k_g.pdf | https://prod-cc.cc.gatech.edu/sites/default/files/documents/2021/qualifying-exams-is-2013spring-formatted.pdf | https://prod-cc.cc.gatech.edu/sites/default/files/documents/2021/201202gv_quals.pdf | https://prod-cc.cc.gatech.edu/sites/default/files/documents/2021/is-qual-spring-2012.pdf | https://prod-cc.cc.gatech.edu/sites/default/files/documents/2021/201108_architecture_1.pdf | https://prod-cc.cc.gatech.edu/sites/default/files/documents/2021/201108_machine_learning.pdf | https://prod-cc.cc.gatech.edu/sites/default/files/documents/2021/201108_security_0.pdf | https://prod-cc.cc.gatech.edu/sites/default/files/documents/2021/201102_is_0.pdf | https://prod-cc.cc.gatech.edu/sites/default/files/documents/2021/201102_networking_p1_0.pdf | https://prod-cc.cc.gatech.edu/sites/default/files/documents/2021/201102_plc_0.pdf | https://prod-cc.cc.gatech.edu/sites/default/files/documents/2021/201102_security.pdf | https://prod-cc.cc.gatech.edu/sites/default/files/documents/2021/201102_sweng.pdf | https://prod-cc.cc.gatech.edu/sites/default/files/documents/2021/201102_systems.pdf | https://www.cc.gatech.edu/sites/default/files/documents/2023/nace-career-readiness-competencies-revised-apr-2021.pdf,,https://www.cc.gatech.edu/phd-cs-past-qualifying-exams
Computer Vision & Graphics,Computational Photography,downloaded,https://www.cc.gatech.edu/phd-cs-past-qualifying-exams | https://prod-cc.cc.gatech.edu/sites/default/files/documents/2021/qual_2019_fall.pdf | https://prod-cc.cc.gatech.edu/sites/default/files/documents/2021/qual_2018_spring_1.pdf | https://prod-cc.cc.gatech.edu/sites/default/files/documents/2021/qual_2017_spring.pdf | https://prod-cc.cc.gatech.edu/sites/default/files/documents/2021/2017intelligent_systemsqualifyingexam.pdf | https://prod-cc.cc.gatech.edu/sites/default/files/documents/2021/mlqual17_.pdf | https://prod-cc.cc.gatech.edu/sites/default/files/documents/2021/qual_2016_spring_0.pdf | https://prod-cc.cc.gatech.edu/sites/default/files/documents/2021/csphd_hci_qualsp2016.pdf | https://prod-cc.cc.gatech.edu/sites/default/files/documents/2021/2016intelligent_systemsqualifying-exam.pdf | https://prod-cc.cc.gatech.edu/sites/default/files/documents/2021/qual_spring_2015_0.pdf | https://prod-cc.cc.gatech.edu/sites/default/files/documents/2021/qualifying-exams-is-2015spring-formatted.pdf | https://prod-cc.cc.gatech.edu/sites/default/files/documents/2021/graphics_qual_2014.pdf | https://prod-cc.cc.gatech.edu/sites/default/files/documents/2021/qualifying-exams-is-2014spring-formatted.pdf | https://prod-cc.cc.gatech.edu/sites/default/files/documents/2021/gv_quals_2013_j_k_g.pdf | https://prod-cc.cc.gatech.edu/sites/default/files/documents/2021/qualifying-exams-is-2013spring-formatted.pdf | https://prod-cc.cc.gatech.edu/sites/default/files/documents/2021/201202gv_quals.pdf | https://prod-cc.cc.gatech.edu/sites/default/files/documents/2021/is-qual-spring-2012.pdf | https://prod-cc.cc.gatech.edu/sites/default/files/documents/2021/201108_architecture_1.pdf | https://prod-cc.cc.gatech.edu/sites/default/files/documents/2021/201108_machine_learning.pdf | https://prod-cc.cc.gatech.edu/sites/default/files/documents/2021/201108_security_0.pdf | https://prod-cc.cc.gatech.edu/sites/default/files/documents/2021/201102_is_0.pdf | https://prod-cc.cc.gatech.edu/sites/default/files/documents/2021/201102_networking_p1_0.pdf | https://prod-cc.cc.gatech.edu/sites/default/files/documents/2021/201102_plc_0.pdf | https://prod-cc.cc.gatech.edu/sites/default/files/documents/2021/201102_security.pdf | https://prod-cc.cc.gatech.edu/sites/default/files/documents/2021/201102_sweng.pdf | https://prod-cc.cc.gatech.edu/sites/default/files/documents/2021/201102_systems.pdf | https://www.cc.gatech.edu/sites/default/files/documents/2023/nace-career-readiness-competencies-revised-apr-2021.pdf,,https://www.cc.gatech.edu/phd-cs-past-qualifying-exams
Computer Vision & Graphics,Computer Graphics Rendering,downloaded,https://www.cc.gatech.edu/phd-cs-past-qualifying-exams | https://prod-cc.cc.gatech.edu/sites/default/files/documents/2021/qual_2019_fall.pdf | https://prod-cc.cc.gatech.edu/sites/default/files/documents/2021/qual_2018_spring_1.pdf | https://prod-cc.cc.gatech.edu/sites/default/files/documents/2021/qual_2017_spring.pdf | https://prod-cc.cc.gatech.edu/sites/default/files/documents/2021/2017intelligent_systemsqualifyingexam.pdf | https://prod-cc.cc.gatech.edu/sites/default/files/documents/2021/mlqual17_.pdf | https://prod-cc.cc.gatech.edu/sites/default/files/documents/2021/qual_2016_spring_0.pdf | https://prod-cc.cc.gatech.edu/sites/default/files/documents/2021/csphd_hci_qualsp2016.pdf | https://prod-cc.cc.gatech.edu/sites/default/files/documents/2021/2016intelligent_systemsqualifying-exam.pdf | https://prod-cc.cc.gatech.edu/sites/default/files/documents/2021/qual_spring_2015_0.pdf | https://prod-cc.cc.gatech.edu/sites/default/files/documents/2021/qualifying-exams-is-2015spring-formatted.pdf | https://prod-cc.cc.gatech.edu/sites/default/files/documents/2021/graphics_qual_2014.pdf | https://prod-cc.cc.gatech.edu/sites/default/files/documents/2021/qualifying-exams-is-2014spring-formatted.pdf | https://prod-cc.cc.gatech.edu/sites/default/files/documents/2021/gv_quals_2013_j_k_g.pdf | https://prod-cc.cc.gatech.edu/sites/default/files/documents/2021/qualifying-exams-is-2013spring-formatted.pdf | https://prod-cc.cc.gatech.edu/sites/default/files/documents/2021/201202gv_quals.pdf | https://prod-cc.cc.gatech.edu/sites/default/files/documents/2021/is-qual-spring-2012.pdf | https://prod-cc.cc.gatech.edu/sites/default/files/documents/2021/201108_architecture_1.pdf | https://prod-cc.cc.gatech.edu/sites/default/files/documents/2021/201108_machine_learning.pdf | https://prod-cc.cc.gatech.edu/sites/default/files/documents/2021/201108_security_0.pdf | https://prod-cc.cc.gatech.edu/sites/default/files/documents/2021/201102_is_0.pdf | https://prod-cc.cc.gatech.edu/sites/default/files/documents/2021/201102_networking_p1_0.pdf | https://prod-cc.cc.gatech.edu/sites/default/files/documents/2021/201102_plc_0.pdf | https://prod-cc.cc.gatech.edu/sites/default/files/documents/2021/201102_security.pdf | https://prod-cc.cc.gatech.edu/sites/default/files/documents/2021/201102_sweng.pdf | https://prod-cc.cc.gatech.edu/sites/default/files/documents/2021/201102_systems.pdf | https://www.cc.gatech.edu/sites/default/files/documents/2023/nace-career-readiness-competencies-revised-apr-2021.pdf,,https://www.cc.gatech.edu/phd-cs-past-qualifying-exams
Computer Vision & Graphics,Face & Biometric Analysis,downloaded,https://www.cc.gatech.edu/phd-cs-past-qualifying-exams | https://prod-cc.cc.gatech.edu/sites/default/files/documents/2021/qual_2019_fall.pdf | https://prod-cc.cc.gatech.edu/sites/default/files/documents/2021/qual_2018_spring_1.pdf | https://prod-cc.cc.gatech.edu/sites/default/files/documents/2021/qual_2017_spring.pdf | https://prod-cc.cc.gatech.edu/sites/default/files/documents/2021/2017intelligent_systemsqualifyingexam.pdf | https://prod-cc.cc.gatech.edu/sites/default/files/documents/2021/mlqual17_.pdf | https://prod-cc.cc.gatech.edu/sites/default/files/documents/2021/qual_2016_spring_0.pdf | https://prod-cc.cc.gatech.edu/sites/default/files/documents/2021/csphd_hci_qualsp2016.pdf | https://prod-cc.cc.gatech.edu/sites/default/files/documents/2021/2016intelligent_systemsqualifying-exam.pdf | https://prod-cc.cc.gatech.edu/sites/default/files/documents/2021/qual_spring_2015_0.pdf | https://prod-cc.cc.gatech.edu/sites/default/files/documents/2021/qualifying-exams-is-2015spring-formatted.pdf | https://prod-cc.cc.gatech.edu/sites/default/files/documents/2021/graphics_qual_2014.pdf | https://prod-cc.cc.gatech.edu/sites/default/files/documents/2021/qualifying-exams-is-2014spring-formatted.pdf | https://prod-cc.cc.gatech.edu/sites/default/files/documents/2021/gv_quals_2013_j_k_g.pdf | https://prod-cc.cc.gatech.edu/sites/default/files/documents/2021/qualifying-exams-is-2013spring-formatted.pdf | https://prod-cc.cc.gatech.edu/sites/default/files/documents/2021/201202gv_quals.pdf | https://prod-cc.cc.gatech.edu/sites/default/files/documents/2021/is-qual-spring-2012.pdf | https://prod-cc.cc.gatech.edu/sites/default/files/documents/2021/201108_architecture_1.pdf | https://prod-cc.cc.gatech.edu/sites/default/files/documents/2021/201108_machine_learning.pdf | https://prod-cc.cc.gatech.edu/sites/default/files/documents/2021/201108_security_0.pdf | https://prod-cc.cc.gatech.edu/sites/default/files/documents/2021/201102_is_0.pdf | https://prod-cc.cc.gatech.edu/sites/default/files/documents/2021/201102_networking_p1_0.pdf | https://prod-cc.cc.gatech.edu/sites/default/files/documents/2021/201102_plc_0.pdf | https://prod-cc.cc.gatech.edu/sites/default/files/documents/2021/201102_security.pdf | https://prod-cc.cc.gatech.edu/sites/default/files/documents/2021/201102_sweng.pdf | https://prod-cc.cc.gatech.edu/sites/default/files/documents/2021/201102_systems.pdf | https://www.cc.gatech.edu/sites/default/files/documents/2023/nace-career-readiness-competencies-revised-apr-2021.pdf,,https://www.cc.gatech.edu/phd-cs-past-qualifying-exams
Computer Vision & Graphics,Geometric Modeling & Animation,downloaded,https://www.cc.gatech.edu/phd-cs-past-qualifying-exams | https://prod-cc.cc.gatech.edu/sites/default/files/documents/2021/qual_2019_fall.pdf | https://prod-cc.cc.gatech.edu/sites/default/files/documents/2021/qual_2018_spring_1.pdf | https://prod-cc.cc.gatech.edu/sites/default/files/documents/2021/qual_2017_spring.pdf | https://prod-cc.cc.gatech.edu/sites/default/files/documents/2021/2017intelligent_systemsqualifyingexam.pdf | https://prod-cc.cc.gatech.edu/sites/default/files/documents/2021/mlqual17_.pdf | https://prod-cc.cc.gatech.edu/sites/default/files/documents/2021/qual_2016_spring_0.pdf | https://prod-cc.cc.gatech.edu/sites/default/files/documents/2021/csphd_hci_qualsp2016.pdf | https://prod-cc.cc.gatech.edu/sites/default/files/documents/2021/2016intelligent_systemsqualifying-exam.pdf | https://prod-cc.cc.gatech.edu/sites/default/files/documents/2021/qual_spring_2015_0.pdf | https://prod-cc.cc.gatech.edu/sites/default/files/documents/2021/qualifying-exams-is-2015spring-formatted.pdf | https://prod-cc.cc.gatech.edu/sites/default/files/documents/2021/graphics_qual_2014.pdf | https://prod-cc.cc.gatech.edu/sites/default/files/documents/2021/qualifying-exams-is-2014spring-formatted.pdf | https://prod-cc.cc.gatech.edu/sites/default/files/documents/2021/gv_quals_2013_j_k_g.pdf | https://prod-cc.cc.gatech.edu/sites/default/files/documents/2021/qualifying-exams-is-2013spring-formatted.pdf | https://prod-cc.cc.gatech.edu/sites/default/files/documents/2021/201202gv_quals.pdf | https://prod-cc.cc.gatech.edu/sites/default/files/documents/2021/is-qual-spring-2012.pdf | https://prod-cc.cc.gatech.edu/sites/default/files/documents/2021/201108_architecture_1.pdf | https://prod-cc.cc.gatech.edu/sites/default/files/documents/2021/201108_machine_learning.pdf | https://prod-cc.cc.gatech.edu/sites/default/files/documents/2021/201108_security_0.pdf | https://prod-cc.cc.gatech.edu/sites/default/files/documents/2021/201102_is_0.pdf | https://prod-cc.cc.gatech.edu/sites/default/files/documents/2021/201102_networking_p1_0.pdf | https://prod-cc.cc.gatech.edu/sites/default/files/documents/2021/201102_plc_0.pdf | https://prod-cc.cc.gatech.edu/sites/default/files/documents/2021/201102_security.pdf | https://prod-cc.cc.gatech.edu/sites/default/files/documents/2021/201102_sweng.pdf | https://prod-cc.cc.gatech.edu/sites/default/files/documents/2021/201102_systems.pdf | https://www.cc.gatech.edu/sites/default/files/documents/2023/nace-career-readiness-competencies-revised-apr-2021.pdf,,https://www.cc.gatech.edu/phd-cs-past-qualifying-exams
Computer Vision & Graphics,Image Classification & Recognition,downloaded,https://www.cc.gatech.edu/phd-cs-past-qualifying-exams | https://prod-cc.cc.gatech.edu/sites/default/files/documents/2021/qual_2019_fall.pdf | https://prod-cc.cc.gatech.edu/sites/default/files/documents/2021/qual_2018_spring_1.pdf | https://prod-cc.cc.gatech.edu/sites/default/files/documents/2021/qual_2017_spring.pdf | https://prod-cc.cc.gatech.edu/sites/default/files/documents/2021/2017intelligent_systemsqualifyingexam.pdf | https://prod-cc.cc.gatech.edu/sites/default/files/documents/2021/mlqual17_.pdf | https://prod-cc.cc.gatech.edu/sites/default/files/documents/2021/qual_2016_spring_0.pdf | https://prod-cc.cc.gatech.edu/sites/default/files/documents/2021/csphd_hci_qualsp2016.pdf | https://prod-cc.cc.gatech.edu/sites/default/files/documents/2021/2016intelligent_systemsqualifying-exam.pdf | https://prod-cc.cc.gatech.edu/sites/default/files/documents/2021/qual_spring_2015_0.pdf | https://prod-cc.cc.gatech.edu/sites/default/files/documents/2021/qualifying-exams-is-2015spring-formatted.pdf | https://prod-cc.cc.gatech.edu/sites/default/files/documents/2021/graphics_qual_2014.pdf | https://prod-cc.cc.gatech.edu/sites/default/files/documents/2021/qualifying-exams-is-2014spring-formatted.pdf | https://prod-cc.cc.gatech.edu/sites/default/files/documents/2021/gv_quals_2013_j_k_g.pdf | https://prod-cc.cc.gatech.edu/sites/default/files/documents/2021/qualifying-exams-is-2013spring-formatted.pdf | https://prod-cc.cc.gatech.edu/sites/default/files/documents/2021/201202gv_quals.pdf | https://prod-cc.cc.gatech.edu/sites/default/files/documents/2021/is-qual-spring-2012.pdf | https://prod-cc.cc.gatech.edu/sites/default/files/documents/2021/201108_architecture_1.pdf | https://prod-cc.cc.gatech.edu/sites/default/files/documents/2021/201108_machine_learning.pdf | https://prod-cc.cc.gatech.edu/sites/default/files/documents/2021/201108_security_0.pdf | https://prod-cc.cc.gatech.edu/sites/default/files/documents/2021/201102_is_0.pdf | https://prod-cc.cc.gatech.edu/sites/default/files/documents/2021/201102_networking_p1_0.pdf | https://prod-cc.cc.gatech.edu/sites/default/files/documents/2021/201102_plc_0.pdf | https://prod-cc.cc.gatech.edu/sites/default/files/documents/2021/201102_security.pdf | https://prod-cc.cc.gatech.edu/sites/default/files/documents/2021/201102_sweng.pdf | https://prod-cc.cc.gatech.edu/sites/default/files/documents/2021/201102_systems.pdf | https://www.cc.gatech.edu/sites/default/files/documents/2023/nace-career-readiness-competencies-revised-apr-2021.pdf,,https://www.cc.gatech.edu/phd-cs-past-qualifying-exams
Computer Vision & Graphics,Image Generation & Editing,downloaded,https://www.cc.gatech.edu/phd-cs-past-qualifying-exams | https://prod-cc.cc.gatech.edu/sites/default/files/documents/2021/qual_2019_fall.pdf | https://prod-cc.cc.gatech.edu/sites/default/files/documents/2021/qual_2018_spring_1.pdf | https://prod-cc.cc.gatech.edu/sites/default/files/documents/2021/qual_2017_spring.pdf | https://prod-cc.cc.gatech.edu/sites/default/files/documents/2021/2017intelligent_systemsqualifyingexam.pdf | https://prod-cc.cc.gatech.edu/sites/default/files/documents/2021/mlqual17_.pdf | https://prod-cc.cc.gatech.edu/sites/default/files/documents/2021/qual_2016_spring_0.pdf | https://prod-cc.cc.gatech.edu/sites/default/files/documents/2021/csphd_hci_qualsp2016.pdf | https://prod-cc.cc.gatech.edu/sites/default/files/documents/2021/2016intelligent_systemsqualifying-exam.pdf | https://prod-cc.cc.gatech.edu/sites/default/files/documents/2021/qual_spring_2015_0.pdf | https://prod-cc.cc.gatech.edu/sites/default/files/documents/2021/qualifying-exams-is-2015spring-formatted.pdf | https://prod-cc.cc.gatech.edu/sites/default/files/documents/2021/graphics_qual_2014.pdf | https://prod-cc.cc.gatech.edu/sites/default/files/documents/2021/qualifying-exams-is-2014spring-formatted.pdf | https://prod-cc.cc.gatech.edu/sites/default/files/documents/2021/gv_quals_2013_j_k_g.pdf | https://prod-cc.cc.gatech.edu/sites/default/files/documents/2021/qualifying-exams-is-2013spring-formatted.pdf | https://prod-cc.cc.gatech.edu/sites/default/files/documents/2021/201202gv_quals.pdf | https://prod-cc.cc.gatech.edu/sites/default/files/documents/2021/is-qual-spring-2012.pdf | https://prod-cc.cc.gatech.edu/sites/default/files/documents/2021/201108_architecture_1.pdf | https://prod-cc.cc.gatech.edu/sites/default/files/documents/2021/201108_machine_learning.pdf | https://prod-cc.cc.gatech.edu/sites/default/files/documents/2021/201108_security_0.pdf | https://prod-cc.cc.gatech.edu/sites/default/files/documents/2021/201102_is_0.pdf | https://prod-cc.cc.gatech.edu/sites/default/files/documents/2021/201102_networking_p1_0.pdf | https://prod-cc.cc.gatech.edu/sites/default/files/documents/2021/201102_plc_0.pdf | https://prod-cc.cc.gatech.edu/sites/default/files/documents/2021/201102_security.pdf | https://prod-cc.cc.gatech.edu/sites/default/files/documents/2021/201102_sweng.pdf | https://prod-cc.cc.gatech.edu/sites/default/files/documents/2021/201102_systems.pdf | https://www.cc.gatech.edu/sites/default/files/documents/2023/nace-career-readiness-competencies-revised-apr-2021.pdf,,https://www.cc.gatech.edu/phd-cs-past-qualifying-exams
Computer Vision & Graphics,Medical Image Analysis,downloaded,https://www.cc.gatech.edu/phd-cs-past-qualifying-exams | https://prod-cc.cc.gatech.edu/sites/default/files/documents/2021/qual_2019_fall.pdf | https://prod-cc.cc.gatech.edu/sites/default/files/documents/2021/qual_2018_spring_1.pdf | https://prod-cc.cc.gatech.edu/sites/default/files/documents/2021/qual_2017_spring.pdf | https://prod-cc.cc.gatech.edu/sites/default/files/documents/2021/2017intelligent_systemsqualifyingexam.pdf | https://prod-cc.cc.gatech.edu/sites/default/files/documents/2021/mlqual17_.pdf | https://prod-cc.cc.gatech.edu/sites/default/files/documents/2021/qual_2016_spring_0.pdf | https://prod-cc.cc.gatech.edu/sites/default/files/documents/2021/csphd_hci_qualsp2016.pdf | https://prod-cc.cc.gatech.edu/sites/default/files/documents/2021/2016intelligent_systemsqualifying-exam.pdf | https://prod-cc.cc.gatech.edu/sites/default/files/documents/2021/qual_spring_2015_0.pdf | https://prod-cc.cc.gatech.edu/sites/default/files/documents/2021/qualifying-exams-is-2015spring-formatted.pdf | https://prod-cc.cc.gatech.edu/sites/default/files/documents/2021/graphics_qual_2014.pdf | https://prod-cc.cc.gatech.edu/sites/default/files/documents/2021/qualifying-exams-is-2014spring-formatted.pdf | https://prod-cc.cc.gatech.edu/sites/default/files/documents/2021/gv_quals_2013_j_k_g.pdf | https://prod-cc.cc.gatech.edu/sites/default/files/documents/2021/qualifying-exams-is-2013spring-formatted.pdf | https://prod-cc.cc.gatech.edu/sites/default/files/documents/2021/201202gv_quals.pdf | https://prod-cc.cc.gatech.edu/sites/default/files/documents/2021/is-qual-spring-2012.pdf | https://prod-cc.cc.gatech.edu/sites/default/files/documents/2021/201108_architecture_1.pdf | https://prod-cc.cc.gatech.edu/sites/default/files/documents/2021/201108_machine_learning.pdf | https://prod-cc.cc.gatech.edu/sites/default/files/documents/2021/201108_security_0.pdf | https://prod-cc.cc.gatech.edu/sites/default/files/documents/2021/201102_is_0.pdf | https://prod-cc.cc.gatech.edu/sites/default/files/documents/2021/201102_networking_p1_0.pdf | https://prod-cc.cc.gatech.edu/sites/default/files/documents/2021/201102_plc_0.pdf | https://prod-cc.cc.gatech.edu/sites/default/files/documents/2021/201102_security.pdf | https://prod-cc.cc.gatech.edu/sites/default/files/documents/2021/201102_sweng.pdf | https://prod-cc.cc.gatech.edu/sites/default/files/documents/2021/201102_systems.pdf | https://www.cc.gatech.edu/sites/default/files/documents/2023/nace-career-readiness-competencies-revised-apr-2021.pdf,,https://www.cc.gatech.edu/phd-cs-past-qualifying-exams
Computer Vision & Graphics,Neural Rendering & Radiance Fields,downloaded,https://www.cc.gatech.edu/phd-cs-past-qualifying-exams | https://prod-cc.cc.gatech.edu/sites/default/files/documents/2021/qual_2019_fall.pdf | https://prod-cc.cc.gatech.edu/sites/default/files/documents/2021/qual_2018_spring_1.pdf | https://prod-cc.cc.gatech.edu/sites/default/files/documents/2021/qual_2017_spring.pdf | https://prod-cc.cc.gatech.edu/sites/default/files/documents/2021/2017intelligent_systemsqualifyingexam.pdf | https://prod-cc.cc.gatech.edu/sites/default/files/documents/2021/mlqual17_.pdf | https://prod-cc.cc.gatech.edu/sites/default/files/documents/2021/qual_2016_spring_0.pdf | https://prod-cc.cc.gatech.edu/sites/default/files/documents/2021/csphd_hci_qualsp2016.pdf | https://prod-cc.cc.gatech.edu/sites/default/files/documents/2021/2016intelligent_systemsqualifying-exam.pdf | https://prod-cc.cc.gatech.edu/sites/default/files/documents/2021/qual_spring_2015_0.pdf | https://prod-cc.cc.gatech.edu/sites/default/files/documents/2021/qualifying-exams-is-2015spring-formatted.pdf | https://prod-cc.cc.gatech.edu/sites/default/files/documents/2021/graphics_qual_2014.pdf | https://prod-cc.cc.gatech.edu/sites/default/files/documents/2021/qualifying-exams-is-2014spring-formatted.pdf | https://prod-cc.cc.gatech.edu/sites/default/files/documents/2021/gv_quals_2013_j_k_g.pdf | https://prod-cc.cc.gatech.edu/sites/default/files/documents/2021/qualifying-exams-is-2013spring-formatted.pdf | https://prod-cc.cc.gatech.edu/sites/default/files/documents/2021/201202gv_quals.pdf | https://prod-cc.cc.gatech.edu/sites/default/files/documents/2021/is-qual-spring-2012.pdf | https://prod-cc.cc.gatech.edu/sites/default/files/documents/2021/201108_architecture_1.pdf | https://prod-cc.cc.gatech.edu/sites/default/files/documents/2021/201108_machine_learning.pdf | https://prod-cc.cc.gatech.edu/sites/default/files/documents/2021/201108_security_0.pdf | https://prod-cc.cc.gatech.edu/sites/default/files/documents/2021/201102_is_0.pdf | https://prod-cc.cc.gatech.edu/sites/default/files/documents/2021/201102_networking_p1_0.pdf | https://prod-cc.cc.gatech.edu/sites/default/files/documents/2021/201102_plc_0.pdf | https://prod-cc.cc.gatech.edu/sites/default/files/documents/2021/201102_security.pdf | https://prod-cc.cc.gatech.edu/sites/default/files/documents/2021/201102_sweng.pdf | https://prod-cc.cc.gatech.edu/sites/default/files/documents/2021/201102_systems.pdf | https://www.cc.gatech.edu/sites/default/files/documents/2023/nace-career-readiness-competencies-revised-apr-2021.pdf,,https://www.cc.gatech.edu/phd-cs-past-qualifying-exams
Computer Vision & Graphics,Object Detection & Segmentation,downloaded,https://www.cc.gatech.edu/phd-cs-past-qualifying-exams | https://prod-cc.cc.gatech.edu/sites/default/files/documents/2021/qual_2019_fall.pdf | https://prod-cc.cc.gatech.edu/sites/default/files/documents/2021/qual_2018_spring_1.pdf | https://prod-cc.cc.gatech.edu/sites/default/files/documents/2021/qual_2017_spring.pdf | https://prod-cc.cc.gatech.edu/sites/default/files/documents/2021/2017intelligent_systemsqualifyingexam.pdf | https://prod-cc.cc.gatech.edu/sites/default/files/documents/2021/mlqual17_.pdf | https://prod-cc.cc.gatech.edu/sites/default/files/documents/2021/qual_2016_spring_0.pdf | https://prod-cc.cc.gatech.edu/sites/default/files/documents/2021/csphd_hci_qualsp2016.pdf | https://prod-cc.cc.gatech.edu/sites/default/files/documents/2021/2016intelligent_systemsqualifying-exam.pdf | https://prod-cc.cc.gatech.edu/sites/default/files/documents/2021/qual_spring_2015_0.pdf | https://prod-cc.cc.gatech.edu/sites/default/files/documents/2021/qualifying-exams-is-2015spring-formatted.pdf | https://prod-cc.cc.gatech.edu/sites/default/files/documents/2021/graphics_qual_2014.pdf | https://prod-cc.cc.gatech.edu/sites/default/files/documents/2021/qualifying-exams-is-2014spring-formatted.pdf | https://prod-cc.cc.gatech.edu/sites/default/files/documents/2021/gv_quals_2013_j_k_g.pdf | https://prod-cc.cc.gatech.edu/sites/default/files/documents/2021/qualifying-exams-is-2013spring-formatted.pdf | https://prod-cc.cc.gatech.edu/sites/default/files/documents/2021/201202gv_quals.pdf | https://prod-cc.cc.gatech.edu/sites/default/files/documents/2021/is-qual-spring-2012.pdf | https://prod-cc.cc.gatech.edu/sites/default/files/documents/2021/201108_architecture_1.pdf | https://prod-cc.cc.gatech.edu/sites/default/files/documents/2021/201108_machine_learning.pdf | https://prod-cc.cc.gatech.edu/sites/default/files/documents/2021/201108_security_0.pdf | https://prod-cc.cc.gatech.edu/sites/default/files/documents/2021/201102_is_0.pdf | https://prod-cc.cc.gatech.edu/sites/default/files/documents/2021/201102_networking_p1_0.pdf | https://prod-cc.cc.gatech.edu/sites/default/files/documents/2021/201102_plc_0.pdf | https://prod-cc.cc.gatech.edu/sites/default/files/documents/2021/201102_security.pdf | https://prod-cc.cc.gatech.edu/sites/default/files/documents/2021/201102_sweng.pdf | https://prod-cc.cc.gatech.edu/sites/default/files/documents/2021/201102_systems.pdf | https://www.cc.gatech.edu/sites/default/files/documents/2023/nace-career-readiness-competencies-revised-apr-2021.pdf,,https://www.cc.gatech.edu/phd-cs-past-qualifying-exams
Computer Vision & Graphics,Remote Sensing & Satellite Imagery,downloaded,https://www.cc.gatech.edu/phd-cs-past-qualifying-exams | https://prod-cc.cc.gatech.edu/sites/default/files/documents/2021/qual_2019_fall.pdf | https://prod-cc.cc.gatech.edu/sites/default/files/documents/2021/qual_2018_spring_1.pdf | https://prod-cc.cc.gatech.edu/sites/default/files/documents/2021/qual_2017_spring.pdf | https://prod-cc.cc.gatech.edu/sites/default/files/documents/2021/2017intelligent_systemsqualifyingexam.pdf | https://prod-cc.cc.gatech.edu/sites/default/files/documents/2021/mlqual17_.pdf | https://prod-cc.cc.gatech.edu/sites/default/files/documents/2021/qual_2016_spring_0.pdf | https://prod-cc.cc.gatech.edu/sites/default/files/documents/2021/csphd_hci_qualsp2016.pdf | https://prod-cc.cc.gatech.edu/sites/default/files/documents/2021/2016intelligent_systemsqualifying-exam.pdf | https://prod-cc.cc.gatech.edu/sites/default/files/documents/2021/qual_spring_2015_0.pdf | https://prod-cc.cc.gatech.edu/sites/default/files/documents/2021/qualifying-exams-is-2015spring-formatted.pdf | https://prod-cc.cc.gatech.edu/sites/default/files/documents/2021/graphics_qual_2014.pdf | https://prod-cc.cc.gatech.edu/sites/default/files/documents/2021/qualifying-exams-is-2014spring-formatted.pdf | https://prod-cc.cc.gatech.edu/sites/default/files/documents/2021/gv_quals_2013_j_k_g.pdf | https://prod-cc.cc.gatech.edu/sites/default/files/documents/2021/qualifying-exams-is-2013spring-formatted.pdf | https://prod-cc.cc.gatech.edu/sites/default/files/documents/2021/201202gv_quals.pdf | https://prod-cc.cc.gatech.edu/sites/default/files/documents/2021/is-qual-spring-2012.pdf | https://prod-cc.cc.gatech.edu/sites/default/files/documents/2021/201108_architecture_1.pdf | https://prod-cc.cc.gatech.edu/sites/default/files/documents/2021/201108_machine_learning.pdf | https://prod-cc.cc.gatech.edu/sites/default/files/documents/2021/201108_security_0.pdf | https://prod-cc.cc.gatech.edu/sites/default/files/documents/2021/201102_is_0.pdf | https://prod-cc.cc.gatech.edu/sites/default/files/documents/2021/201102_networking_p1_0.pdf | https://prod-cc.cc.gatech.edu/sites/default/files/documents/2021/201102_plc_0.pdf | https://prod-cc.cc.gatech.edu/sites/default/files/documents/2021/201102_security.pdf | https://prod-cc.cc.gatech.edu/sites/default/files/documents/2021/201102_sweng.pdf | https://prod-cc.cc.gatech.edu/sites/default/files/documents/2021/201102_systems.pdf | https://www.cc.gatech.edu/sites/default/files/documents/2023/nace-career-readiness-competencies-revised-apr-2021.pdf,,https://www.cc.gatech.edu/phd-cs-past-qualifying-exams
Computer Vision & Graphics,Scene Understanding & Layout,downloaded,https://www.cc.gatech.edu/phd-cs-past-qualifying-exams | https://prod-cc.cc.gatech.edu/sites/default/files/documents/2021/qual_2019_fall.pdf | https://prod-cc.cc.gatech.edu/sites/default/files/documents/2021/qual_2018_spring_1.pdf | https://prod-cc.cc.gatech.edu/sites/default/files/documents/2021/qual_2017_spring.pdf | https://prod-cc.cc.gatech.edu/sites/default/files/documents/2021/2017intelligent_systemsqualifyingexam.pdf | https://prod-cc.cc.gatech.edu/sites/default/files/documents/2021/mlqual17_.pdf | https://prod-cc.cc.gatech.edu/sites/default/files/documents/2021/qual_2016_spring_0.pdf | https://prod-cc.cc.gatech.edu/sites/default/files/documents/2021/csphd_hci_qualsp2016.pdf | https://prod-cc.cc.gatech.edu/sites/default/files/documents/2021/2016intelligent_systemsqualifying-exam.pdf | https://prod-cc.cc.gatech.edu/sites/default/files/documents/2021/qual_spring_2015_0.pdf | https://prod-cc.cc.gatech.edu/sites/default/files/documents/2021/qualifying-exams-is-2015spring-formatted.pdf | https://prod-cc.cc.gatech.edu/sites/default/files/documents/2021/graphics_qual_2014.pdf | https://prod-cc.cc.gatech.edu/sites/default/files/documents/2021/qualifying-exams-is-2014spring-formatted.pdf | https://prod-cc.cc.gatech.edu/sites/default/files/documents/2021/gv_quals_2013_j_k_g.pdf | https://prod-cc.cc.gatech.edu/sites/default/files/documents/2021/qualifying-exams-is-2013spring-formatted.pdf | https://prod-cc.cc.gatech.edu/sites/default/files/documents/2021/201202gv_quals.pdf | https://prod-cc.cc.gatech.edu/sites/default/files/documents/2021/is-qual-spring-2012.pdf | https://prod-cc.cc.gatech.edu/sites/default/files/documents/2021/201108_architecture_1.pdf | https://prod-cc.cc.gatech.edu/sites/default/files/documents/2021/201108_machine_learning.pdf | https://prod-cc.cc.gatech.edu/sites/default/files/documents/2021/201108_security_0.pdf | https://prod-cc.cc.gatech.edu/sites/default/files/documents/2021/201102_is_0.pdf | https://prod-cc.cc.gatech.edu/sites/default/files/documents/2021/201102_networking_p1_0.pdf | https://prod-cc.cc.gatech.edu/sites/default/files/documents/2021/201102_plc_0.pdf | https://prod-cc.cc.gatech.edu/sites/default/files/documents/2021/201102_security.pdf | https://prod-cc.cc.gatech.edu/sites/default/files/documents/2021/201102_sweng.pdf | https://prod-cc.cc.gatech.edu/sites/default/files/documents/2021/201102_systems.pdf | https://www.cc.gatech.edu/sites/default/files/documents/2023/nace-career-readiness-competencies-revised-apr-2021.pdf,,https://www.cc.gatech.edu/phd-cs-past-qualifying-exams
Computer Vision & Graphics,Video Understanding & Action Recognition,downloaded,https://www.cc.gatech.edu/phd-cs-past-qualifying-exams | https://prod-cc.cc.gatech.edu/sites/default/files/documents/2021/qual_2019_fall.pdf | https://prod-cc.cc.gatech.edu/sites/default/files/documents/2021/qual_2018_spring_1.pdf | https://prod-cc.cc.gatech.edu/sites/default/files/documents/2021/qual_2017_spring.pdf | https://prod-cc.cc.gatech.edu/sites/default/files/documents/2021/2017intelligent_systemsqualifyingexam.pdf | https://prod-cc.cc.gatech.edu/sites/default/files/documents/2021/mlqual17_.pdf | https://prod-cc.cc.gatech.edu/sites/default/files/documents/2021/qual_2016_spring_0.pdf | https://prod-cc.cc.gatech.edu/sites/default/files/documents/2021/csphd_hci_qualsp2016.pdf | https://prod-cc.cc.gatech.edu/sites/default/files/documents/2021/2016intelligent_systemsqualifying-exam.pdf | https://prod-cc.cc.gatech.edu/sites/default/files/documents/2021/qual_spring_2015_0.pdf | https://prod-cc.cc.gatech.edu/sites/default/files/documents/2021/qualifying-exams-is-2015spring-formatted.pdf | https://prod-cc.cc.gatech.edu/sites/default/files/documents/2021/graphics_qual_2014.pdf | https://prod-cc.cc.gatech.edu/sites/default/files/documents/2021/qualifying-exams-is-2014spring-formatted.pdf | https://prod-cc.cc.gatech.edu/sites/default/files/documents/2021/gv_quals_2013_j_k_g.pdf | https://prod-cc.cc.gatech.edu/sites/default/files/documents/2021/qualifying-exams-is-2013spring-formatted.pdf | https://prod-cc.cc.gatech.edu/sites/default/files/documents/2021/201202gv_quals.pdf | https://prod-cc.cc.gatech.edu/sites/default/files/documents/2021/is-qual-spring-2012.pdf | https://prod-cc.cc.gatech.edu/sites/default/files/documents/2021/201108_architecture_1.pdf | https://prod-cc.cc.gatech.edu/sites/default/files/documents/2021/201108_machine_learning.pdf | https://prod-cc.cc.gatech.edu/sites/default/files/documents/2021/201108_security_0.pdf | https://prod-cc.cc.gatech.edu/sites/default/files/documents/2021/201102_is_0.pdf | https://prod-cc.cc.gatech.edu/sites/default/files/documents/2021/201102_networking_p1_0.pdf | https://prod-cc.cc.gatech.edu/sites/default/files/documents/2021/201102_plc_0.pdf | https://prod-cc.cc.gatech.edu/sites/default/files/documents/2021/201102_security.pdf | https://prod-cc.cc.gatech.edu/sites/default/files/documents/2021/201102_sweng.pdf | https://prod-cc.cc.gatech.edu/sites/default/files/documents/2021/201102_systems.pdf | https://www.cc.gatech.edu/sites/default/files/documents/2023/nace-career-readiness-competencies-revised-apr-2021.pdf,,https://www.cc.gatech.edu/phd-cs-past-qualifying-exams
Computer Vision & Graphics,Visual Representation Learning,downloaded,https://www.cc.gatech.edu/phd-cs-past-qualifying-exams | https://prod-cc.cc.gatech.edu/sites/default/files/documents/2021/qual_2019_fall.pdf | https://prod-cc.cc.gatech.edu/sites/default/files/documents/2021/qual_2018_spring_1.pdf | https://prod-cc.cc.gatech.edu/sites/default/files/documents/2021/qual_2017_spring.pdf | https://prod-cc.cc.gatech.edu/sites/default/files/documents/2021/2017intelligent_systemsqualifyingexam.pdf | https://prod-cc.cc.gatech.edu/sites/default/files/documents/2021/mlqual17_.pdf | https://prod-cc.cc.gatech.edu/sites/default/files/documents/2021/qual_2016_spring_0.pdf | https://prod-cc.cc.gatech.edu/sites/default/files/documents/2021/csphd_hci_qualsp2016.pdf | https://prod-cc.cc.gatech.edu/sites/default/files/documents/2021/2016intelligent_systemsqualifying-exam.pdf | https://prod-cc.cc.gatech.edu/sites/default/files/documents/2021/qual_spring_2015_0.pdf | https://prod-cc.cc.gatech.edu/sites/default/files/documents/2021/qualifying-exams-is-2015spring-formatted.pdf | https://prod-cc.cc.gatech.edu/sites/default/files/documents/2021/graphics_qual_2014.pdf | https://prod-cc.cc.gatech.edu/sites/default/files/documents/2021/qualifying-exams-is-2014spring-formatted.pdf | https://prod-cc.cc.gatech.edu/sites/default/files/documents/2021/gv_quals_2013_j_k_g.pdf | https://prod-cc.cc.gatech.edu/sites/default/files/documents/2021/qualifying-exams-is-2013spring-formatted.pdf | https://prod-cc.cc.gatech.edu/sites/default/files/documents/2021/201202gv_quals.pdf | https://prod-cc.cc.gatech.edu/sites/default/files/documents/2021/is-qual-spring-2012.pdf | https://prod-cc.cc.gatech.edu/sites/default/files/documents/2021/201108_architecture_1.pdf | https://prod-cc.cc.gatech.edu/sites/default/files/documents/2021/201108_machine_learning.pdf | https://prod-cc.cc.gatech.edu/sites/default/files/documents/2021/201108_security_0.pdf | https://prod-cc.cc.gatech.edu/sites/default/files/documents/2021/201102_is_0.pdf | https://prod-cc.cc.gatech.edu/sites/default/files/documents/2021/201102_networking_p1_0.pdf | https://prod-cc.cc.gatech.edu/sites/default/files/documents/2021/201102_plc_0.pdf | https://prod-cc.cc.gatech.edu/sites/default/files/documents/2021/201102_security.pdf | https://prod-cc.cc.gatech.edu/sites/default/files/documents/2021/201102_sweng.pdf | https://prod-cc.cc.gatech.edu/sites/default/files/documents/2021/201102_systems.pdf | https://www.cc.gatech.edu/sites/default/files/documents/2023/nace-career-readiness-competencies-revised-apr-2021.pdf,,https://www.cc.gatech.edu/phd-cs-past-qualifying-exams
Computer Vision & Graphics,Visual Tracking & MOT,downloaded,https://www.cc.gatech.edu/phd-cs-past-qualifying-exams | https://prod-cc.cc.gatech.edu/sites/default/files/documents/2021/qual_2019_fall.pdf | https://prod-cc.cc.gatech.edu/sites/default/files/documents/2021/qual_2018_spring_1.pdf | https://prod-cc.cc.gatech.edu/sites/default/files/documents/2021/qual_2017_spring.pdf | https://prod-cc.cc.gatech.edu/sites/default/files/documents/2021/2017intelligent_systemsqualifyingexam.pdf | https://prod-cc.cc.gatech.edu/sites/default/files/documents/2021/mlqual17_.pdf | https://prod-cc.cc.gatech.edu/sites/default/files/documents/2021/qual_2016_spring_0.pdf | https://prod-cc.cc.gatech.edu/sites/default/files/documents/2021/csphd_hci_qualsp2016.pdf | https://prod-cc.cc.gatech.edu/sites/default/files/documents/2021/2016intelligent_systemsqualifying-exam.pdf | https://prod-cc.cc.gatech.edu/sites/default/files/documents/2021/qual_spring_2015_0.pdf | https://prod-cc.cc.gatech.edu/sites/default/files/documents/2021/qualifying-exams-is-2015spring-formatted.pdf | https://prod-cc.cc.gatech.edu/sites/default/files/documents/2021/graphics_qual_2014.pdf | https://prod-cc.cc.gatech.edu/sites/default/files/documents/2021/qualifying-exams-is-2014spring-formatted.pdf | https://prod-cc.cc.gatech.edu/sites/default/files/documents/2021/gv_quals_2013_j_k_g.pdf | https://prod-cc.cc.gatech.edu/sites/default/files/documents/2021/qualifying-exams-is-2013spring-formatted.pdf | https://prod-cc.cc.gatech.edu/sites/default/files/documents/2021/201202gv_quals.pdf | https://prod-cc.cc.gatech.edu/sites/default/files/documents/2021/is-qual-spring-2012.pdf | https://prod-cc.cc.gatech.edu/sites/default/files/documents/2021/201108_architecture_1.pdf | https://prod-cc.cc.gatech.edu/sites/default/files/documents/2021/201108_machine_learning.pdf | https://prod-cc.cc.gatech.edu/sites/default/files/documents/2021/201108_security_0.pdf | https://prod-cc.cc.gatech.edu/sites/default/files/documents/2021/201102_is_0.pdf | https://prod-cc.cc.gatech.edu/sites/default/files/documents/2021/201102_networking_p1_0.pdf | https://prod-cc.cc.gatech.edu/sites/default/files/documents/2021/201102_plc_0.pdf | https://prod-cc.cc.gatech.edu/sites/default/files/documents/2021/201102_security.pdf | https://prod-cc.cc.gatech.edu/sites/default/files/documents/2021/201102_sweng.pdf | https://prod-cc.cc.gatech.edu/sites/default/files/documents/2021/201102_systems.pdf | https://www.cc.gatech.edu/sites/default/files/documents/2023/nace-career-readiness-competencies-revised-apr-2021.pdf,,https://www.cc.gatech.edu/phd-cs-past-qualifying-exams
Databases & Data Systems,Benchmarking & Workloads,downloaded,https://eecs.berkeley.edu/book/phd/exam-prep/ | https://www2.eecs.berkeley.edu/Protected/Grads/qual-overview.pdf,,https://eecs.berkeley.edu/book/phd/exam-prep/
Databases & Data Systems,Cloud-Native Data Systems,downloaded,https://eecs.berkeley.edu/book/phd/exam-prep/ | https://www2.eecs.berkeley.edu/Protected/Grads/qual-overview.pdf,,https://eecs.berkeley.edu/book/phd/exam-prep/
Databases & Data Systems,Data Integration & Cleaning,downloaded,https://eecs.berkeley.edu/book/phd/exam-prep/ | https://www2.eecs.berkeley.edu/Protected/Grads/qual-overview.pdf,,https://eecs.berkeley.edu/book/phd/exam-prep/
Databases & Data Systems,Data Provenance & Lineage,downloaded,https://eecs.berkeley.edu/book/phd/exam-prep/ | https://www2.eecs.berkeley.edu/Protected/Grads/qual-overview.pdf,,https://eecs.berkeley.edu/book/phd/exam-prep/
Databases & Data Systems,Data Warehousing & OLAP,downloaded,https://eecs.berkeley.edu/book/phd/exam-prep/ | https://www2.eecs.berkeley.edu/Protected/Grads/qual-overview.pdf,,https://eecs.berkeley.edu/book/phd/exam-prep/
Databases & Data Systems,Database Theory,downloaded,https://eecs.berkeley.edu/book/phd/exam-prep/ | https://www2.eecs.berkeley.edu/Protected/Grads/qual-overview.pdf,,https://eecs.berkeley.edu/book/phd/exam-prep/
Databases & Data Systems,Graph & Vector Databases,downloaded,https://eecs.berkeley.edu/book/phd/exam-prep/ | https://www2.eecs.berkeley.edu/Protected/Grads/qual-overview.pdf,,https://eecs.berkeley.edu/book/phd/exam-prep/
Databases & Data Systems,Information Retrieval & Search Engines,downloaded,https://eecs.berkeley.edu/book/phd/exam-prep/ | https://www2.eecs.berkeley.edu/Protected/Grads/qual-overview.pdf,,https://eecs.berkeley.edu/book/phd/exam-prep/
Databases & Data Systems,Query Processing & Optimization,downloaded,https://eecs.berkeley.edu/book/phd/exam-prep/ | https://www2.eecs.berkeley.edu/Protected/Grads/qual-overview.pdf,,https://eecs.berkeley.edu/book/phd/exam-prep/
Databases & Data Systems,Streaming Data Systems,downloaded,https://eecs.berkeley.edu/book/phd/exam-prep/ | https://www2.eecs.berkeley.edu/Protected/Grads/qual-overview.pdf,,https://eecs.berkeley.edu/book/phd/exam-prep/
Databases & Data Systems,Transactions & Concurrency Control,downloaded,https://eecs.berkeley.edu/book/phd/exam-prep/ | https://www2.eecs.berkeley.edu/Protected/Grads/qual-overview.pdf,,https://eecs.berkeley.edu/book/phd/exam-prep/
Astrophysics & Cosmology,Astrobiology,downloaded,http://www.astrobetter.com/wiki/Qualifying%2BExams%2Bin%2BPhysics%2Band%2BAstronomy%2BGraduate%2BPrograms | https://astronomy.yale.edu/sites/default/files/files/Advising%20Document%20-%20updated%202023.pdf | https://www.bu.edu/physics/files/2022/11/Fall-2022-Physics-PhD-Degree-Requirements.pdf | https://pa.msu.edu/sites/_pa/assets/File/GradHandbook-062322(1).pdf | https://www.brown.edu/academics/physics/sites/physics/files/2022%20PhD%20Student%20Handbook.pdf | https://www.physastro.iastate.edu/files/inline-files/RULES-QualifyingExam.pdf | https://www.as.arizona.edu/sites/default/files/2022-2023_Graduate_Manual.pdf | https://www.artsci.uc.edu/content/dam/refresh/artsandsciences-62/departments/physics/docs/Handbook_2015_08112015.pdf | https://physics.montana.edu/grad/documents/manual/GradManual%202022.pdf,,http://www.astrobetter.com/wiki/Qualifying%2BExams%2Bin%2BPhysics%2Band%2BAstronomy%2BGraduate%2BPrograms
Astrophysics & Cosmology,Astronomical Instrumentation,downloaded,http://www.astrobetter.com/wiki/Qualifying%2BExams%2Bin%2BPhysics%2Band%2BAstronomy%2BGraduate%2BPrograms | https://astronomy.yale.edu/sites/default/files/files/Advising%20Document%20-%20updated%202023.pdf | https://www.bu.edu/physics/files/2022/11/Fall-2022-Physics-PhD-Degree-Requirements.pdf | https://pa.msu.edu/sites/_pa/assets/File/GradHandbook-062322(1).pdf | https://www.brown.edu/academics/physics/sites/physics/files/2022%20PhD%20Student%20Handbook.pdf | https://www.physastro.iastate.edu/files/inline-files/RULES-QualifyingExam.pdf | https://www.as.arizona.edu/sites/default/files/2022-2023_Graduate_Manual.pdf | https://www.artsci.uc.edu/content/dam/refresh/artsandsciences-62/departments/physics/docs/Handbook_2015_08112015.pdf | https://physics.montana.edu/grad/documents/manual/GradManual%202022.pdf,,http://www.astrobetter.com/wiki/Qualifying%2BExams%2Bin%2BPhysics%2Band%2BAstronomy%2BGraduate%2BPrograms
Astrophysics & Cosmology,Astrostatistics,downloaded,http://www.astrobetter.com/wiki/Qualifying%2BExams%2Bin%2BPhysics%2Band%2BAstronomy%2BGraduate%2BPrograms | https://astronomy.yale.edu/sites/default/files/files/Advising%20Document%20-%20updated%202023.pdf | https://www.bu.edu/physics/files/2022/11/Fall-2022-Physics-PhD-Degree-Requirements.pdf | https://pa.msu.edu/sites/_pa/assets/File/GradHandbook-062322(1).pdf | https://www.brown.edu/academics/physics/sites/physics/files/2022%20PhD%20Student%20Handbook.pdf | https://www.physastro.iastate.edu/files/inline-files/RULES-QualifyingExam.pdf | https://www.as.arizona.edu/sites/default/files/2022-2023_Graduate_Manual.pdf | https://www.artsci.uc.edu/content/dam/refresh/artsandsciences-62/departments/physics/docs/Handbook_2015_08112015.pdf | https://physics.montana.edu/grad/documents/manual/GradManual%202022.pdf,,http://www.astrobetter.com/wiki/Qualifying%2BExams%2Bin%2BPhysics%2Band%2BAstronomy%2BGraduate%2BPrograms
Astrophysics & Cosmology,Compact Objects (NS & BH),downloaded,http://www.astrobetter.com/wiki/Qualifying%2BExams%2Bin%2BPhysics%2Band%2BAstronomy%2BGraduate%2BPrograms | https://astronomy.yale.edu/sites/default/files/files/Advising%20Document%20-%20updated%202023.pdf | https://www.bu.edu/physics/files/2022/11/Fall-2022-Physics-PhD-Degree-Requirements.pdf | https://pa.msu.edu/sites/_pa/assets/File/GradHandbook-062322(1).pdf | https://www.brown.edu/academics/physics/sites/physics/files/2022%20PhD%20Student%20Handbook.pdf | https://www.physastro.iastate.edu/files/inline-files/RULES-QualifyingExam.pdf | https://www.as.arizona.edu/sites/default/files/2022-2023_Graduate_Manual.pdf | https://www.artsci.uc.edu/content/dam/refresh/artsandsciences-62/departments/physics/docs/Handbook_2015_08112015.pdf | https://physics.montana.edu/grad/documents/manual/GradManual%202022.pdf,,http://www.astrobetter.com/wiki/Qualifying%2BExams%2Bin%2BPhysics%2Band%2BAstronomy%2BGraduate%2BPrograms
Astrophysics & Cosmology,Cosmology & Large-Scale Structure,downloaded,http://www.astrobetter.com/wiki/Qualifying%2BExams%2Bin%2BPhysics%2Band%2BAstronomy%2BGraduate%2BPrograms | https://astronomy.yale.edu/sites/default/files/files/Advising%20Document%20-%20updated%202023.pdf | https://www.bu.edu/physics/files/2022/11/Fall-2022-Physics-PhD-Degree-Requirements.pdf | https://pa.msu.edu/sites/_pa/assets/File/GradHandbook-062322(1).pdf | https://www.brown.edu/academics/physics/sites/physics/files/2022%20PhD%20Student%20Handbook.pdf | https://www.physastro.iastate.edu/files/inline-files/RULES-QualifyingExam.pdf | https://www.as.arizona.edu/sites/default/files/2022-2023_Graduate_Manual.pdf | https://www.artsci.uc.edu/content/dam/refresh/artsandsciences-62/departments/physics/docs/Handbook_2015_08112015.pdf | https://physics.montana.edu/grad/documents/manual/GradManual%202022.pdf,,http://www.astrobetter.com/wiki/Qualifying%2BExams%2Bin%2BPhysics%2Band%2BAstronomy%2BGraduate%2BPrograms
Astrophysics & Cosmology,Dark Energy & Modified Gravity,downloaded,http://www.astrobetter.com/wiki/Qualifying%2BExams%2Bin%2BPhysics%2Band%2BAstronomy%2BGraduate%2BPrograms | https://astronomy.yale.edu/sites/default/files/files/Advising%20Document%20-%20updated%202023.pdf | https://www.bu.edu/physics/files/2022/11/Fall-2022-Physics-PhD-Degree-Requirements.pdf | https://pa.msu.edu/sites/_pa/assets/File/GradHandbook-062322(1).pdf | https://www.brown.edu/academics/physics/sites/physics/files/2022%20PhD%20Student%20Handbook.pdf | https://www.physastro.iastate.edu/files/inline-files/RULES-QualifyingExam.pdf | https://www.as.arizona.edu/sites/default/files/2022-2023_Graduate_Manual.pdf | https://www.artsci.uc.edu/content/dam/refresh/artsandsciences-62/departments/physics/docs/Handbook_2015_08112015.pdf | https://physics.montana.edu/grad/documents/manual/GradManual%202022.pdf,,http://www.astrobetter.com/wiki/Qualifying%2BExams%2Bin%2BPhysics%2Band%2BAstronomy%2BGraduate%2BPrograms
Astrophysics & Cosmology,Exoplanets & Planet Formation,downloaded,http://www.astrobetter.com/wiki/Qualifying%2BExams%2Bin%2BPhysics%2Band%2BAstronomy%2BGraduate%2BPrograms | https://astronomy.yale.edu/sites/default/files/files/Advising%20Document%20-%20updated%202023.pdf | https://www.bu.edu/physics/files/2022/11/Fall-2022-Physics-PhD-Degree-Requirements.pdf | https://pa.msu.edu/sites/_pa/assets/File/GradHandbook-062322(1).pdf | https://www.brown.edu/academics/physics/sites/physics/files/2022%20PhD%20Student%20Handbook.pdf | https://www.physastro.iastate.edu/files/inline-files/RULES-QualifyingExam.pdf | https://www.as.arizona.edu/sites/default/files/2022-2023_Graduate_Manual.pdf | https://www.artsci.uc.edu/content/dam/refresh/artsandsciences-62/departments/physics/docs/Handbook_2015_08112015.pdf | https://physics.montana.edu/grad/documents/manual/GradManual%202022.pdf,,http://www.astrobetter.com/wiki/Qualifying%2BExams%2Bin%2BPhysics%2Band%2BAstronomy%2BGraduate%2BPrograms
Astrophysics & Cosmology,Galaxy Formation & Evolution,downloaded,http://www.astrobetter.com/wiki/Qualifying%2BExams%2Bin%2BPhysics%2Band%2BAstronomy%2BGraduate%2BPrograms | https://astronomy.yale.edu/sites/default/files/files/Advising%20Document%20-%20updated%202023.pdf | https://www.bu.edu/physics/files/2022/11/Fall-2022-Physics-PhD-Degree-Requirements.pdf | https://pa.msu.edu/sites/_pa/assets/File/GradHandbook-062322(1).pdf | https://www.brown.edu/academics/physics/sites/physics/files/2022%20PhD%20Student%20Handbook.pdf | https://www.physastro.iastate.edu/files/inline-files/RULES-QualifyingExam.pdf | https://www.as.arizona.edu/sites/default/files/2022-2023_Graduate_Manual.pdf | https://www.artsci.uc.edu/content/dam/refresh/artsandsciences-62/departments/physics/docs/Handbook_2015_08112015.pdf | https://physics.montana.edu/grad/documents/manual/GradManual%202022.pdf,,http://www.astrobetter.com/wiki/Qualifying%2BExams%2Bin%2BPhysics%2Band%2BAstronomy%2BGraduate%2BPrograms
Astrophysics & Cosmology,Gravitational Lensing,downloaded,http://www.astrobetter.com/wiki/Qualifying%2BExams%2Bin%2BPhysics%2Band%2BAstronomy%2BGraduate%2BPrograms | https://astronomy.yale.edu/sites/default/files/files/Advising%20Document%20-%20updated%202023.pdf | https://www.bu.edu/physics/files/2022/11/Fall-2022-Physics-PhD-Degree-Requirements.pdf | https://pa.msu.edu/sites/_pa/assets/File/GradHandbook-062322(1).pdf | https://www.brown.edu/academics/physics/sites/physics/files/2022%20PhD%20Student%20Handbook.pdf | https://www.physastro.iastate.edu/files/inline-files/RULES-QualifyingExam.pdf | https://www.as.arizona.edu/sites/default/files/2022-2023_Graduate_Manual.pdf | https://www.artsci.uc.edu/content/dam/refresh/artsandsciences-62/departments/physics/docs/Handbook_2015_08112015.pdf | https://physics.montana.edu/grad/documents/manual/GradManual%202022.pdf,,http://www.astrobetter.com/wiki/Qualifying%2BExams%2Bin%2BPhysics%2Band%2BAstronomy%2BGraduate%2BPrograms
Astrophysics & Cosmology,High-Energy Astrophysics,downloaded,http://www.astrobetter.com/wiki/Qualifying%2BExams%2Bin%2BPhysics%2Band%2BAstronomy%2BGraduate%2BPrograms | https://astronomy.yale.edu/sites/default/files/files/Advising%20Document%20-%20updated%202023.pdf | https://www.bu.edu/physics/files/2022/11/Fall-2022-Physics-PhD-Degree-Requirements.pdf | https://pa.msu.edu/sites/_pa/assets/File/GradHandbook-062322(1).pdf | https://www.brown.edu/academics/physics/sites/physics/files/2022%20PhD%20Student%20Handbook.pdf | https://www.physastro.iastate.edu/files/inline-files/RULES-QualifyingExam.pdf | https://www.as.arizona.edu/sites/default/files/2022-2023_Graduate_Manual.pdf | https://www.artsci.uc.edu/content/dam/refresh/artsandsciences-62/departments/physics/docs/Handbook_2015_08112015.pdf | https://physics.montana.edu/grad/documents/manual/GradManual%202022.pdf,,http://www.astrobetter.com/wiki/Qualifying%2BExams%2Bin%2BPhysics%2Band%2BAstronomy%2BGraduate%2BPrograms
Astrophysics & Cosmology,Interstellar & Intergalactic Medium,downloaded,http://www.astrobetter.com/wiki/Qualifying%2BExams%2Bin%2BPhysics%2Band%2BAstronomy%2BGraduate%2BPrograms | https://astronomy.yale.edu/sites/default/files/files/Advising%20Document%20-%20updated%202023.pdf | https://www.bu.edu/physics/files/2022/11/Fall-2022-Physics-PhD-Degree-Requirements.pdf | https://pa.msu.edu/sites/_pa/assets/File/GradHandbook-062322(1).pdf | https://www.brown.edu/academics/physics/sites/physics/files/2022%20PhD%20Student%20Handbook.pdf | https://www.physastro.iastate.edu/files/inline-files/RULES-QualifyingExam.pdf | https://www.as.arizona.edu/sites/default/files/2022-2023_Graduate_Manual.pdf | https://www.artsci.uc.edu/content/dam/refresh/artsandsciences-62/departments/physics/docs/Handbook_2015_08112015.pdf | https://physics.montana.edu/grad/documents/manual/GradManual%202022.pdf,,http://www.astrobetter.com/wiki/Qualifying%2BExams%2Bin%2BPhysics%2Band%2BAstronomy%2BGraduate%2BPrograms
Astrophysics & Cosmology,Observational Astronomy & Surveys,downloaded,http://www.astrobetter.com/wiki/Qualifying%2BExams%2Bin%2BPhysics%2Band%2BAstronomy%2BGraduate%2BPrograms | https://astronomy.yale.edu/sites/default/files/files/Advising%20Document%20-%20updated%202023.pdf | https://www.bu.edu/physics/files/2022/11/Fall-2022-Physics-PhD-Degree-Requirements.pdf | https://pa.msu.edu/sites/_pa/assets/File/GradHandbook-062322(1).pdf | https://www.brown.edu/academics/physics/sites/physics/files/2022%20PhD%20Student%20Handbook.pdf | https://www.physastro.iastate.edu/files/inline-files/RULES-QualifyingExam.pdf | https://www.as.arizona.edu/sites/default/files/2022-2023_Graduate_Manual.pdf | https://www.artsci.uc.edu/content/dam/refresh/artsandsciences-62/departments/physics/docs/Handbook_2015_08112015.pdf | https://physics.montana.edu/grad/documents/manual/GradManual%202022.pdf,,http://www.astrobetter.com/wiki/Qualifying%2BExams%2Bin%2BPhysics%2Band%2BAstronomy%2BGraduate%2BPrograms
Astrophysics & Cosmology,Radio Astronomy & Interferometry,downloaded,http://www.astrobetter.com/wiki/Qualifying%2BExams%2Bin%2BPhysics%2Band%2BAstronomy%2BGraduate%2BPrograms | https://astronomy.yale.edu/sites/default/files/files/Advising%20Document%20-%20updated%202023.pdf | https://www.bu.edu/physics/files/2022/11/Fall-2022-Physics-PhD-Degree-Requirements.pdf | https://pa.msu.edu/sites/_pa/assets/File/GradHandbook-062322(1).pdf | https://www.brown.edu/academics/physics/sites/physics/files/2022%20PhD%20Student%20Handbook.pdf | https://www.physastro.iastate.edu/files/inline-files/RULES-QualifyingExam.pdf | https://www.as.arizona.edu/sites/default/files/2022-2023_Graduate_Manual.pdf | https://www.artsci.uc.edu/content/dam/refresh/artsandsciences-62/departments/physics/docs/Handbook_2015_08112015.pdf | https://physics.montana.edu/grad/documents/manual/GradManual%202022.pdf,,http://www.astrobetter.com/wiki/Qualifying%2BExams%2Bin%2BPhysics%2Band%2BAstronomy%2BGraduate%2BPrograms
Astrophysics & Cosmology,Solar Physics & Heliophysics,downloaded,http://www.astrobetter.com/wiki/Qualifying%2BExams%2Bin%2BPhysics%2Band%2BAstronomy%2BGraduate%2BPrograms | https://astronomy.yale.edu/sites/default/files/files/Advising%20Document%20-%20updated%202023.pdf | https://www.bu.edu/physics/files/2022/11/Fall-2022-Physics-PhD-Degree-Requirements.pdf | https://pa.msu.edu/sites/_pa/assets/File/GradHandbook-062322(1).pdf | https://www.brown.edu/academics/physics/sites/physics/files/2022%20PhD%20Student%20Handbook.pdf | https://www.physastro.iastate.edu/files/inline-files/RULES-QualifyingExam.pdf | https://www.as.arizona.edu/sites/default/files/2022-2023_Graduate_Manual.pdf | https://www.artsci.uc.edu/content/dam/refresh/artsandsciences-62/departments/physics/docs/Handbook_2015_08112015.pdf | https://physics.montana.edu/grad/documents/manual/GradManual%202022.pdf,,http://www.astrobetter.com/wiki/Qualifying%2BExams%2Bin%2BPhysics%2Band%2BAstronomy%2BGraduate%2BPrograms
Astrophysics & Cosmology,Stellar Astrophysics,downloaded,http://www.astrobetter.com/wiki/Qualifying%2BExams%2Bin%2BPhysics%2Band%2BAstronomy%2BGraduate%2BPrograms | https://astronomy.yale.edu/sites/default/files/files/Advising%20Document%20-%20updated%202023.pdf | https://www.bu.edu/physics/files/2022/11/Fall-2022-Physics-PhD-Degree-Requirements.pdf | https://pa.msu.edu/sites/_pa/assets/File/GradHandbook-062322(1).pdf | https://www.brown.edu/academics/physics/sites/physics/files/2022%20PhD%20Student%20Handbook.pdf | https://www.physastro.iastate.edu/files/inline-files/RULES-QualifyingExam.pdf | https://www.as.arizona.edu/sites/default/files/2022-2023_Graduate_Manual.pdf | https://www.artsci.uc.edu/content/dam/refresh/artsandsciences-62/departments/physics/docs/Handbook_2015_08112015.pdf | https://physics.montana.edu/grad/documents/manual/GradManual%202022.pdf,,http://www.astrobetter.com/wiki/Qualifying%2BExams%2Bin%2BPhysics%2Band%2BAstronomy%2BGraduate%2BPrograms
Chemistry,Analytical Chemistry & Spectroscopy,downloaded,https://chem.mst.edu/academic-programs/graduate-programs/examinations/,,https://chem.mst.edu/academic-programs/graduate-programs/examinations/
Chemistry,Chemical Biology,downloaded,,,https://chemistry.columbian.gwu.edu/exams-dissertation
Chemistry,Chemical Kinetics & Dynamics,downloaded,https://chem.mst.edu/academic-programs/graduate-programs/examinations/,,https://chem.mst.edu/academic-programs/graduate-programs/examinations/
Chemistry,Computational Chemistry & Modeling,downloaded,https://chem.mst.edu/academic-programs/graduate-programs/examinations/,,https://chem.mst.edu/academic-programs/graduate-programs/examinations/
Chemistry,Electrochemistry,downloaded,https://chem.mst.edu/academic-programs/graduate-programs/examinations/,,https://chem.mst.edu/academic-programs/graduate-programs/examinations/
Chemistry,Green & Sustainable Chemistry,downloaded,https://chem.mst.edu/academic-programs/graduate-programs/examinations/,,https://chem.mst.edu/academic-programs/graduate-programs/examinations/
Chemistry,Inorganic Chemistry,downloaded,https://chem.mst.edu/academic-programs/graduate-programs/examinations/,,https://chem.mst.edu/academic-programs/graduate-programs/examinations/
Chemistry,Materials Chemistry,downloaded,https://chem.mst.edu/academic-programs/graduate-programs/examinations/,,https://chem.mst.edu/academic-programs/graduate-programs/examinations/
Chemistry,Medicinal Chemistry,downloaded,https://www.k-state.edu/chem/student-success/graduate_students/courses/phd/,,https://www.k-state.edu/chem/student-success/graduate_students/courses/phd/
Chemistry,Organic Synthesis & Methods,downloaded,https://chem.mst.edu/academic-programs/graduate-programs/examinations/,,https://chem.mst.edu/academic-programs/graduate-programs/examinations/
Chemistry,Organometallic Chemistry & Catalysis,downloaded,https://chem.mst.edu/academic-programs/graduate-programs/examinations/,,https://chem.mst.edu/academic-programs/graduate-programs/examinations/
Chemistry,Photochemistry,downloaded,https://chem.mst.edu/academic-programs/graduate-programs/examinations/,,https://chem.mst.edu/academic-programs/graduate-programs/examinations/
Chemistry,Physical Chemistry & Thermodynamics,downloaded,https://chem.mst.edu/academic-programs/graduate-programs/examinations/,,https://chem.mst.edu/academic-programs/graduate-programs/examinations/
Chemistry,Physical Organic Chemistry,downloaded,https://chem.mst.edu/academic-programs/graduate-programs/examinations/,,https://chem.mst.edu/academic-programs/graduate-programs/examinations/
Chemistry,Polymer Chemistry,downloaded,https://gradprogram.chem.byu.edu/graduate-program/proficiency-exams,,https://gradprogram.chem.byu.edu/graduate-program/proficiency-exams
Chemistry,Quantum Chemistry,downloaded,https://chem.mst.edu/academic-programs/graduate-programs/examinations/,,https://chem.mst.edu/academic-programs/graduate-programs/examinations/
Chemistry,Supramolecular Chemistry,downloaded,https://chem.mst.edu/academic-programs/graduate-programs/examinations/,,https://chem.mst.edu/academic-programs/graduate-programs/examinations/
Chemistry,Surface Science & Heterogeneous Catalysis,downloaded,https://chem.mst.edu/academic-programs/graduate-programs/examinations/,,https://chem.mst.edu/academic-programs/graduate-programs/examinations/
Condensed Matter & Materials (physics),2D Materials & Heterostructures,downloaded,https://physics.yale.edu/sites/default/files/files/qualifier2019.pdf | https://physics.yale.edu/sites/default/files/files/qualifier2018.pdf | https://physics.yale.edu/academics/graduate-studies/graduate-student-handbook/qualifying-exam-past-exams | https://physics.yale.edu/sites/default/files/files/Grad%20Misc/QualExam_24_Combined.pdf | https://physics.yale.edu/sites/default/files/files/Grad%20Misc/2023%20Qualifying%20Exams%20Combined.pdf | https://physics.yale.edu/sites/default/files/files/Grad%20Misc/2022%20Qualifying%20Exams.pdf | https://physics.yale.edu/sites/default/files/files/Grad%20Misc/2021%20Qualifying%20Exams.pdf,https://physics.yale.edu/sites/default/files/files/qual_19_p1_sol.pdf | https://physics.yale.edu/sites/default/files/files/qual_19_p2_sol.pdf | https://physics.yale.edu/sites/default/files/files/qual_19_p3_sol.pdf | https://physics.yale.edu/sites/default/files/files/qual_19_p4_sol.pdf | https://physics.yale.edu/sites/default/files/files/qual_18_p1_sol.pdf | https://physics.yale.edu/sites/default/files/files/qual_18_p2_sol.pdf | https://physics.yale.edu/sites/default/files/files/qual_18_p3_sol.pdf | https://physics.yale.edu/sites/default/files/files/qual_18_p4_sol.pdf | https://physics.yale.edu/sites/default/files/files/Grad%20Misc/qual_24_p1_sol.pdf | https://physics.yale.edu/sites/default/files/files/Grad%20Misc/qual_24_p2_sol.pdf | https://physics.yale.edu/sites/default/files/files/Grad%20Misc/qual_24_p3_sol.pdf | https://physics.yale.edu/sites/default/files/files/Grad%20Misc/qual_24_p4_sol.pdf | https://physics.yale.edu/sites/default/files/files/Grad%20Misc/qual_23_p1_sol.pdf | https://physics.yale.edu/sites/default/files/files/Grad%20Misc/qual_23_p2_sol.pdf | https://physics.yale.edu/sites/default/files/files/Grad%20Misc/qual_23_p3_sol.pdf | https://physics.yale.edu/sites/default/files/files/Grad%20Misc/qual_23_p4_sol.pdf | https://physics.yale.edu/sites/default/files/files/Grad%20Misc/qual_22_p1_sol.pdf | https://physics.yale.edu/sites/default/files/files/Grad%20Misc/qual_22_p2_sol.pdf | https://physics.yale.edu/sites/default/files/files/Grad%20Misc/qual_22_p3_sol.pdf | https://physics.yale.edu/sites/default/files/files/Grad%20Misc/qual_22_p4_sol.pdf | https://physics.yale.edu/sites/default/files/files/Grad%20Misc/qual_21_p1_sol.pdf | https://physics.yale.edu/sites/default/files/files/Grad%20Misc/qual_21_p2_sol.pdf | https://physics.yale.edu/sites/default/files/files/Grad%20Misc/qual_21_p3_sol.pdf | https://physics.yale.edu/sites/default/files/files/Grad%20Misc/qual_21_p4_sol.pdf,https://physics.yale.edu/academics/graduate-studies/graduate-student-handbook/qualifying-exam-past-exams
Condensed Matter & Materials (physics),Computational Materials Science,downloaded,https://physics.yale.edu/sites/default/files/files/qualifier2019.pdf | https://physics.yale.edu/sites/default/files/files/qualifier2018.pdf | https://physics.yale.edu/academics/graduate-studies/graduate-student-handbook/qualifying-exam-past-exams | https://physics.yale.edu/sites/default/files/files/Grad%20Misc/QualExam_24_Combined.pdf | https://physics.yale.edu/sites/default/files/files/Grad%20Misc/2023%20Qualifying%20Exams%20Combined.pdf | https://physics.yale.edu/sites/default/files/files/Grad%20Misc/2022%20Qualifying%20Exams.pdf | https://physics.yale.edu/sites/default/files/files/Grad%20Misc/2021%20Qualifying%20Exams.pdf,https://physics.yale.edu/sites/default/files/files/qual_19_p1_sol.pdf | https://physics.yale.edu/sites/default/files/files/qual_19_p2_sol.pdf | https://physics.yale.edu/sites/default/files/files/qual_19_p3_sol.pdf | https://physics.yale.edu/sites/default/files/files/qual_19_p4_sol.pdf | https://physics.yale.edu/sites/default/files/files/qual_18_p1_sol.pdf | https://physics.yale.edu/sites/default/files/files/qual_18_p2_sol.pdf | https://physics.yale.edu/sites/default/files/files/qual_18_p3_sol.pdf | https://physics.yale.edu/sites/default/files/files/qual_18_p4_sol.pdf | https://physics.yale.edu/sites/default/files/files/Grad%20Misc/qual_24_p1_sol.pdf | https://physics.yale.edu/sites/default/files/files/Grad%20Misc/qual_24_p2_sol.pdf | https://physics.yale.edu/sites/default/files/files/Grad%20Misc/qual_24_p3_sol.pdf | https://physics.yale.edu/sites/default/files/files/Grad%20Misc/qual_24_p4_sol.pdf | https://physics.yale.edu/sites/default/files/files/Grad%20Misc/qual_23_p1_sol.pdf | https://physics.yale.edu/sites/default/files/files/Grad%20Misc/qual_23_p2_sol.pdf | https://physics.yale.edu/sites/default/files/files/Grad%20Misc/qual_23_p3_sol.pdf | https://physics.yale.edu/sites/default/files/files/Grad%20Misc/qual_23_p4_sol.pdf | https://physics.yale.edu/sites/default/files/files/Grad%20Misc/qual_22_p1_sol.pdf | https://physics.yale.edu/sites/default/files/files/Grad%20Misc/qual_22_p2_sol.pdf | https://physics.yale.edu/sites/default/files/files/Grad%20Misc/qual_22_p3_sol.pdf | https://physics.yale.edu/sites/default/files/files/Grad%20Misc/qual_22_p4_sol.pdf | https://physics.yale.edu/sites/default/files/files/Grad%20Misc/qual_21_p1_sol.pdf | https://physics.yale.edu/sites/default/files/files/Grad%20Misc/qual_21_p2_sol.pdf | https://physics.yale.edu/sites/default/files/files/Grad%20Misc/qual_21_p3_sol.pdf | https://physics.yale.edu/sites/default/files/files/Grad%20Misc/qual_21_p4_sol.pdf,https://physics.yale.edu/academics/graduate-studies/graduate-student-handbook/qualifying-exam-past-exams
Condensed Matter & Materials (physics),Electronic Structure Theory (DFT),downloaded,https://phy.princeton.edu/academics/graduate-program/degree-requirements/preliminary-exams | https://phy.princeton.edu/sites/phy2020/files/graduate-program/prelims/J98.pdf | https://phy.princeton.edu/sites/phy2020/files/graduate-program/prelims/M98.pdf | https://phy.princeton.edu/sites/phy2020/files/graduate-program/prelims/J99.pdf | https://phy.princeton.edu/sites/phy2020/files/graduate-program/prelims/M99.pdf | https://phy.princeton.edu/sites/phy2020/files/graduate-program/prelims/J00.pdf | https://phy.princeton.edu/sites/phy2020/files/graduate-program/prelims/M00.pdf | https://phy.princeton.edu/sites/phy2020/files/graduate-program/prelims/J01.pdf | https://phy.princeton.edu/sites/phy2020/files/graduate-program/prelims/M01.pdf | https://phy.princeton.edu/sites/phy2020/files/graduate-program/prelims/J02.pdf | https://phy.princeton.edu/sites/phy2020/files/graduate-program/prelims/M02.pdf | https://phy.princeton.edu/sites/phy2020/files/graduate-program/prelims/J03.pdf | https://phy.princeton.edu/sites/phy2020/files/graduate-program/prelims/M03.pdf | https://phy.princeton.edu/sites/phy2020/files/graduate-program/prelims/J04.pdf | https://phy.princeton.edu/sites/phy2020/files/graduate-program/prelims/M04.pdf | https://phy.princeton.edu/sites/phy2020/files/academics/graduate-program/prelims/PrelimJ05.pdf | https://phy.princeton.edu/sites/phy2020/files/graduate-program/prelims/PrelimM05.pdf | https://phy.princeton.edu/sites/phy2020/files/graduate-program/prelims/PrelimJ06.pdf | https://phy.princeton.edu/sites/phy2020/files/graduate-program/prelims/PrelimM06.pdf | https://phy.princeton.edu/sites/phy2020/files/graduate-program/prelims/PrelimJ07.pdf | https://phy.princeton.edu/sites/phy2020/files/graduate-program/prelims/PrelimM07.pdf | https://phy.princeton.edu/sites/phy2020/files/graduate-program/prelims/PrelimJ08.pdf | https://phy.princeton.edu/sites/phy2020/files/graduate-program/prelims/PrelimM08.pdf | https://phy.princeton.edu/sites/phy2020/files/graduate-program/prelims/PrelimJ09.pdf | https://phy.princeton.edu/sites/phy2020/files/graduate-program/prelims/PrelimM09.pdf | https://phy.princeton.edu/sites/phy2020/files/graduate-program/prelims/PrelimJ10.pdf | https://phy.princeton.edu/sites/phy2020/files/graduate-program/prelims/PrelimM10.pdf | https://phy.princeton.edu/sites/phy2020/files/graduate-program/prelims/PrelimJ11.pdf | https://phy.princeton.edu/sites/phy2020/files/graduate-program/prelims/January-2012.pdf | https://phy.princeton.edu/sites/phy2020/files/graduate-program/prelims/May-2012.pdf | https://phy.princeton.edu/sites/phy2020/files/graduate-program/prelims/Jan2013-Prelims.pdf,,https://phy.princeton.edu/academics/graduate-program/degree-requirements/preliminary-exams
Condensed Matter & Materials (physics),Nanomaterials & Nanotechnology,downloaded,https://physics.yale.edu/sites/default/files/files/qualifier2019.pdf | https://physics.yale.edu/sites/default/files/files/qualifier2018.pdf | https://physics.yale.edu/academics/graduate-studies/graduate-student-handbook/qualifying-exam-past-exams | https://physics.yale.edu/sites/default/files/files/Grad%20Misc/QualExam_24_Combined.pdf | https://physics.yale.edu/sites/default/files/files/Grad%20Misc/2023%20Qualifying%20Exams%20Combined.pdf | https://physics.yale.edu/sites/default/files/files/Grad%20Misc/2022%20Qualifying%20Exams.pdf | https://physics.yale.edu/sites/default/files/files/Grad%20Misc/2021%20Qualifying%20Exams.pdf,https://physics.yale.edu/sites/default/files/files/qual_19_p1_sol.pdf | https://physics.yale.edu/sites/default/files/files/qual_19_p2_sol.pdf | https://physics.yale.edu/sites/default/files/files/qual_19_p3_sol.pdf | https://physics.yale.edu/sites/default/files/files/qual_19_p4_sol.pdf | https://physics.yale.edu/sites/default/files/files/qual_18_p1_sol.pdf | https://physics.yale.edu/sites/default/files/files/qual_18_p2_sol.pdf | https://physics.yale.edu/sites/default/files/files/qual_18_p3_sol.pdf | https://physics.yale.edu/sites/default/files/files/qual_18_p4_sol.pdf | https://physics.yale.edu/sites/default/files/files/Grad%20Misc/qual_24_p1_sol.pdf | https://physics.yale.edu/sites/default/files/files/Grad%20Misc/qual_24_p2_sol.pdf | https://physics.yale.edu/sites/default/files/files/Grad%20Misc/qual_24_p3_sol.pdf | https://physics.yale.edu/sites/default/files/files/Grad%20Misc/qual_24_p4_sol.pdf | https://physics.yale.edu/sites/default/files/files/Grad%20Misc/qual_23_p1_sol.pdf | https://physics.yale.edu/sites/default/files/files/Grad%20Misc/qual_23_p2_sol.pdf | https://physics.yale.edu/sites/default/files/files/Grad%20Misc/qual_23_p3_sol.pdf | https://physics.yale.edu/sites/default/files/files/Grad%20Misc/qual_23_p4_sol.pdf | https://physics.yale.edu/sites/default/files/files/Grad%20Misc/qual_22_p1_sol.pdf | https://physics.yale.edu/sites/default/files/files/Grad%20Misc/qual_22_p2_sol.pdf | https://physics.yale.edu/sites/default/files/files/Grad%20Misc/qual_22_p3_sol.pdf | https://physics.yale.edu/sites/default/files/files/Grad%20Misc/qual_22_p4_sol.pdf | https://physics.yale.edu/sites/default/files/files/Grad%20Misc/qual_21_p1_sol.pdf | https://physics.yale.edu/sites/default/files/files/Grad%20Misc/qual_21_p2_sol.pdf | https://physics.yale.edu/sites/default/files/files/Grad%20Misc/qual_21_p3_sol.pdf | https://physics.yale.edu/sites/default/files/files/Grad%20Misc/qual_21_p4_sol.pdf,https://physics.yale.edu/academics/graduate-studies/graduate-student-handbook/qualifying-exam-past-exams
Condensed Matter & Materials (physics),Photonics & Optoelectronics,downloaded,https://physics.yale.edu/sites/default/files/files/qualifier2019.pdf | https://physics.yale.edu/sites/default/files/files/qualifier2018.pdf | https://physics.yale.edu/academics/graduate-studies/graduate-student-handbook/qualifying-exam-past-exams | https://physics.yale.edu/sites/default/files/files/Grad%20Misc/QualExam_24_Combined.pdf | https://physics.yale.edu/sites/default/files/files/Grad%20Misc/2023%20Qualifying%20Exams%20Combined.pdf | https://physics.yale.edu/sites/default/files/files/Grad%20Misc/2022%20Qualifying%20Exams.pdf | https://physics.yale.edu/sites/default/files/files/Grad%20Misc/2021%20Qualifying%20Exams.pdf,https://physics.yale.edu/sites/default/files/files/qual_19_p1_sol.pdf | https://physics.yale.edu/sites/default/files/files/qual_19_p2_sol.pdf | https://physics.yale.edu/sites/default/files/files/qual_19_p3_sol.pdf | https://physics.yale.edu/sites/default/files/files/qual_19_p4_sol.pdf | https://physics.yale.edu/sites/default/files/files/qual_18_p1_sol.pdf | https://physics.yale.edu/sites/default/files/files/qual_18_p2_sol.pdf | https://physics.yale.edu/sites/default/files/files/qual_18_p3_sol.pdf | https://physics.yale.edu/sites/default/files/files/qual_18_p4_sol.pdf | https://physics.yale.edu/sites/default/files/files/Grad%20Misc/qual_24_p1_sol.pdf | https://physics.yale.edu/sites/default/files/files/Grad%20Misc/qual_24_p2_sol.pdf | https://physics.yale.edu/sites/default/files/files/Grad%20Misc/qual_24_p3_sol.pdf | https://physics.yale.edu/sites/default/files/files/Grad%20Misc/qual_24_p4_sol.pdf | https://physics.yale.edu/sites/default/files/files/Grad%20Misc/qual_23_p1_sol.pdf | https://physics.yale.edu/sites/default/files/files/Grad%20Misc/qual_23_p2_sol.pdf | https://physics.yale.edu/sites/default/files/files/Grad%20Misc/qual_23_p3_sol.pdf | https://physics.yale.edu/sites/default/files/files/Grad%20Misc/qual_23_p4_sol.pdf | https://physics.yale.edu/sites/default/files/files/Grad%20Misc/qual_22_p1_sol.pdf | https://physics.yale.edu/sites/default/files/files/Grad%20Misc/qual_22_p2_sol.pdf | https://physics.yale.edu/sites/default/files/files/Grad%20Misc/qual_22_p3_sol.pdf | https://physics.yale.edu/sites/default/files/files/Grad%20Misc/qual_22_p4_sol.pdf | https://physics.yale.edu/sites/default/files/files/Grad%20Misc/qual_21_p1_sol.pdf | https://physics.yale.edu/sites/default/files/files/Grad%20Misc/qual_21_p2_sol.pdf | https://physics.yale.edu/sites/default/files/files/Grad%20Misc/qual_21_p3_sol.pdf | https://physics.yale.edu/sites/default/files/files/Grad%20Misc/qual_21_p4_sol.pdf,https://physics.yale.edu/academics/graduate-studies/graduate-student-handbook/qualifying-exam-past-exams
Condensed Matter & Materials (physics),Polymer Physics,downloaded,https://physics.yale.edu/sites/default/files/files/qualifier2019.pdf | https://physics.yale.edu/sites/default/files/files/qualifier2018.pdf | https://physics.yale.edu/academics/graduate-studies/graduate-student-handbook/qualifying-exam-past-exams | https://physics.yale.edu/sites/default/files/files/Grad%20Misc/QualExam_24_Combined.pdf | https://physics.yale.edu/sites/default/files/files/Grad%20Misc/2023%20Qualifying%20Exams%20Combined.pdf | https://physics.yale.edu/sites/default/files/files/Grad%20Misc/2022%20Qualifying%20Exams.pdf | https://physics.yale.edu/sites/default/files/files/Grad%20Misc/2021%20Qualifying%20Exams.pdf,https://physics.yale.edu/sites/default/files/files/qual_19_p1_sol.pdf | https://physics.yale.edu/sites/default/files/files/qual_19_p2_sol.pdf | https://physics.yale.edu/sites/default/files/files/qual_19_p3_sol.pdf | https://physics.yale.edu/sites/default/files/files/qual_19_p4_sol.pdf | https://physics.yale.edu/sites/default/files/files/qual_18_p1_sol.pdf | https://physics.yale.edu/sites/default/files/files/qual_18_p2_sol.pdf | https://physics.yale.edu/sites/default/files/files/qual_18_p3_sol.pdf | https://physics.yale.edu/sites/default/files/files/qual_18_p4_sol.pdf | https://physics.yale.edu/sites/default/files/files/Grad%20Misc/qual_24_p1_sol.pdf | https://physics.yale.edu/sites/default/files/files/Grad%20Misc/qual_24_p2_sol.pdf | https://physics.yale.edu/sites/default/files/files/Grad%20Misc/qual_24_p3_sol.pdf | https://physics.yale.edu/sites/default/files/files/Grad%20Misc/qual_24_p4_sol.pdf | https://physics.yale.edu/sites/default/files/files/Grad%20Misc/qual_23_p1_sol.pdf | https://physics.yale.edu/sites/default/files/files/Grad%20Misc/qual_23_p2_sol.pdf | https://physics.yale.edu/sites/default/files/files/Grad%20Misc/qual_23_p3_sol.pdf | https://physics.yale.edu/sites/default/files/files/Grad%20Misc/qual_23_p4_sol.pdf | https://physics.yale.edu/sites/default/files/files/Grad%20Misc/qual_22_p1_sol.pdf | https://physics.yale.edu/sites/default/files/files/Grad%20Misc/qual_22_p2_sol.pdf | https://physics.yale.edu/sites/default/files/files/Grad%20Misc/qual_22_p3_sol.pdf | https://physics.yale.edu/sites/default/files/files/Grad%20Misc/qual_22_p4_sol.pdf | https://physics.yale.edu/sites/default/files/files/Grad%20Misc/qual_21_p1_sol.pdf | https://physics.yale.edu/sites/default/files/files/Grad%20Misc/qual_21_p2_sol.pdf | https://physics.yale.edu/sites/default/files/files/Grad%20Misc/qual_21_p3_sol.pdf | https://physics.yale.edu/sites/default/files/files/Grad%20Misc/qual_21_p4_sol.pdf,https://physics.yale.edu/academics/graduate-studies/graduate-student-handbook/qualifying-exam-past-exams
Condensed Matter & Materials (physics),Quantum Many-Body Physics,downloaded,https://physics.yale.edu/sites/default/files/files/qualifier2019.pdf | https://physics.yale.edu/sites/default/files/files/qualifier2018.pdf | https://physics.yale.edu/academics/graduate-studies/graduate-student-handbook/qualifying-exam-past-exams | https://physics.yale.edu/sites/default/files/files/Grad%20Misc/QualExam_24_Combined.pdf | https://physics.yale.edu/sites/default/files/files/Grad%20Misc/2023%20Qualifying%20Exams%20Combined.pdf | https://physics.yale.edu/sites/default/files/files/Grad%20Misc/2022%20Qualifying%20Exams.pdf | https://physics.yale.edu/sites/default/files/files/Grad%20Misc/2021%20Qualifying%20Exams.pdf,https://physics.yale.edu/sites/default/files/files/qual_19_p1_sol.pdf | https://physics.yale.edu/sites/default/files/files/qual_19_p2_sol.pdf | https://physics.yale.edu/sites/default/files/files/qual_19_p3_sol.pdf | https://physics.yale.edu/sites/default/files/files/qual_19_p4_sol.pdf | https://physics.yale.edu/sites/default/files/files/qual_18_p1_sol.pdf | https://physics.yale.edu/sites/default/files/files/qual_18_p2_sol.pdf | https://physics.yale.edu/sites/default/files/files/qual_18_p3_sol.pdf | https://physics.yale.edu/sites/default/files/files/qual_18_p4_sol.pdf | https://physics.yale.edu/sites/default/files/files/Grad%20Misc/qual_24_p1_sol.pdf | https://physics.yale.edu/sites/default/files/files/Grad%20Misc/qual_24_p2_sol.pdf | https://physics.yale.edu/sites/default/files/files/Grad%20Misc/qual_24_p3_sol.pdf | https://physics.yale.edu/sites/default/files/files/Grad%20Misc/qual_24_p4_sol.pdf | https://physics.yale.edu/sites/default/files/files/Grad%20Misc/qual_23_p1_sol.pdf | https://physics.yale.edu/sites/default/files/files/Grad%20Misc/qual_23_p2_sol.pdf | https://physics.yale.edu/sites/default/files/files/Grad%20Misc/qual_23_p3_sol.pdf | https://physics.yale.edu/sites/default/files/files/Grad%20Misc/qual_23_p4_sol.pdf | https://physics.yale.edu/sites/default/files/files/Grad%20Misc/qual_22_p1_sol.pdf | https://physics.yale.edu/sites/default/files/files/Grad%20Misc/qual_22_p2_sol.pdf | https://physics.yale.edu/sites/default/files/files/Grad%20Misc/qual_22_p3_sol.pdf | https://physics.yale.edu/sites/default/files/files/Grad%20Misc/qual_22_p4_sol.pdf | https://physics.yale.edu/sites/default/files/files/Grad%20Misc/qual_21_p1_sol.pdf | https://physics.yale.edu/sites/default/files/files/Grad%20Misc/qual_21_p2_sol.pdf | https://physics.yale.edu/sites/default/files/files/Grad%20Misc/qual_21_p3_sol.pdf | https://physics.yale.edu/sites/default/files/files/Grad%20Misc/qual_21_p4_sol.pdf,https://physics.yale.edu/academics/graduate-studies/graduate-student-handbook/qualifying-exam-past-exams
Condensed Matter & Materials (physics),Semiconductor Physics & Devices,downloaded,https://physics.yale.edu/sites/default/files/files/qualifier2019.pdf | https://physics.yale.edu/sites/default/files/files/qualifier2018.pdf | https://physics.yale.edu/academics/graduate-studies/graduate-student-handbook/qualifying-exam-past-exams | https://physics.yale.edu/sites/default/files/files/Grad%20Misc/QualExam_24_Combined.pdf | https://physics.yale.edu/sites/default/files/files/Grad%20Misc/2023%20Qualifying%20Exams%20Combined.pdf | https://physics.yale.edu/sites/default/files/files/Grad%20Misc/2022%20Qualifying%20Exams.pdf | https://physics.yale.edu/sites/default/files/files/Grad%20Misc/2021%20Qualifying%20Exams.pdf,https://physics.yale.edu/sites/default/files/files/qual_19_p1_sol.pdf | https://physics.yale.edu/sites/default/files/files/qual_19_p2_sol.pdf | https://physics.yale.edu/sites/default/files/files/qual_19_p3_sol.pdf | https://physics.yale.edu/sites/default/files/files/qual_19_p4_sol.pdf | https://physics.yale.edu/sites/default/files/files/qual_18_p1_sol.pdf | https://physics.yale.edu/sites/default/files/files/qual_18_p2_sol.pdf | https://physics.yale.edu/sites/default/files/files/qual_18_p3_sol.pdf | https://physics.yale.edu/sites/default/files/files/qual_18_p4_sol.pdf | https://physics.yale.edu/sites/default/files/files/Grad%20Misc/qual_24_p1_sol.pdf | https://physics.yale.edu/sites/default/files/files/Grad%20Misc/qual_24_p2_sol.pdf | https://physics.yale.edu/sites/default/files/files/Grad%20Misc/qual_24_p3_sol.pdf | https://physics.yale.edu/sites/default/files/files/Grad%20Misc/qual_24_p4_sol.pdf | https://physics.yale.edu/sites/default/files/files/Grad%20Misc/qual_23_p1_sol.pdf | https://physics.yale.edu/sites/default/files/files/Grad%20Misc/qual_23_p2_sol.pdf | https://physics.yale.edu/sites/default/files/files/Grad%20Misc/qual_23_p3_sol.pdf | https://physics.yale.edu/sites/default/files/files/Grad%20Misc/qual_23_p4_sol.pdf | https://physics.yale.edu/sites/default/files/files/Grad%20Misc/qual_22_p1_sol.pdf | https://physics.yale.edu/sites/default/files/files/Grad%20Misc/qual_22_p2_sol.pdf | https://physics.yale.edu/sites/default/files/files/Grad%20Misc/qual_22_p3_sol.pdf | https://physics.yale.edu/sites/default/files/files/Grad%20Misc/qual_22_p4_sol.pdf | https://physics.yale.edu/sites/default/files/files/Grad%20Misc/qual_21_p1_sol.pdf | https://physics.yale.edu/sites/default/files/files/Grad%20Misc/qual_21_p2_sol.pdf | https://physics.yale.edu/sites/default/files/files/Grad%20Misc/qual_21_p3_sol.pdf | https://physics.yale.edu/sites/default/files/files/Grad%20Misc/qual_21_p4_sol.pdf,https://physics.yale.edu/academics/graduate-studies/graduate-student-handbook/qualifying-exam-past-exams
Condensed Matter & Materials (physics),Soft Matter Physics,downloaded,https://physics.yale.edu/sites/default/files/files/qualifier2019.pdf | https://physics.yale.edu/sites/default/files/files/qualifier2018.pdf | https://physics.yale.edu/academics/graduate-studies/graduate-student-handbook/qualifying-exam-past-exams | https://physics.yale.edu/sites/default/files/files/Grad%20Misc/QualExam_24_Combined.pdf | https://physics.yale.edu/sites/default/files/files/Grad%20Misc/2023%20Qualifying%20Exams%20Combined.pdf | https://physics.yale.edu/sites/default/files/files/Grad%20Misc/2022%20Qualifying%20Exams.pdf | https://physics.yale.edu/sites/default/files/files/Grad%20Misc/2021%20Qualifying%20Exams.pdf,https://physics.yale.edu/sites/default/files/files/qual_19_p1_sol.pdf | https://physics.yale.edu/sites/default/files/files/qual_19_p2_sol.pdf | https://physics.yale.edu/sites/default/files/files/qual_19_p3_sol.pdf | https://physics.yale.edu/sites/default/files/files/qual_19_p4_sol.pdf | https://physics.yale.edu/sites/default/files/files/qual_18_p1_sol.pdf | https://physics.yale.edu/sites/default/files/files/qual_18_p2_sol.pdf | https://physics.yale.edu/sites/default/files/files/qual_18_p3_sol.pdf | https://physics.yale.edu/sites/default/files/files/qual_18_p4_sol.pdf | https://physics.yale.edu/sites/default/files/files/Grad%20Misc/qual_24_p1_sol.pdf | https://physics.yale.edu/sites/default/files/files/Grad%20Misc/qual_24_p2_sol.pdf | https://physics.yale.edu/sites/default/files/files/Grad%20Misc/qual_24_p3_sol.pdf | https://physics.yale.edu/sites/default/files/files/Grad%20Misc/qual_24_p4_sol.pdf | https://physics.yale.edu/sites/default/files/files/Grad%20Misc/qual_23_p1_sol.pdf | https://physics.yale.edu/sites/default/files/files/Grad%20Misc/qual_23_p2_sol.pdf | https://physics.yale.edu/sites/default/files/files/Grad%20Misc/qual_23_p3_sol.pdf | https://physics.yale.edu/sites/default/files/files/Grad%20Misc/qual_23_p4_sol.pdf | https://physics.yale.edu/sites/default/files/files/Grad%20Misc/qual_22_p1_sol.pdf | https://physics.yale.edu/sites/default/files/files/Grad%20Misc/qual_22_p2_sol.pdf | https://physics.yale.edu/sites/default/files/files/Grad%20Misc/qual_22_p3_sol.pdf | https://physics.yale.edu/sites/default/files/files/Grad%20Misc/qual_22_p4_sol.pdf | https://physics.yale.edu/sites/default/files/files/Grad%20Misc/qual_21_p1_sol.pdf | https://physics.yale.edu/sites/default/files/files/Grad%20Misc/qual_21_p2_sol.pdf | https://physics.yale.edu/sites/default/files/files/Grad%20Misc/qual_21_p3_sol.pdf | https://physics.yale.edu/sites/default/files/files/Grad%20Misc/qual_21_p4_sol.pdf,https://physics.yale.edu/academics/graduate-studies/graduate-student-handbook/qualifying-exam-past-exams
Condensed Matter & Materials (physics),Solid-State Spectroscopy,downloaded,https://physics.yale.edu/sites/default/files/files/qualifier2019.pdf | https://physics.yale.edu/sites/default/files/files/qualifier2018.pdf | https://physics.yale.edu/academics/graduate-studies/graduate-student-handbook/qualifying-exam-past-exams | https://physics.yale.edu/sites/default/files/files/Grad%20Misc/QualExam_24_Combined.pdf | https://physics.yale.edu/sites/default/files/files/Grad%20Misc/2023%20Qualifying%20Exams%20Combined.pdf | https://physics.yale.edu/sites/default/files/files/Grad%20Misc/2022%20Qualifying%20Exams.pdf | https://physics.yale.edu/sites/default/files/files/Grad%20Misc/2021%20Qualifying%20Exams.pdf,https://physics.yale.edu/sites/default/files/files/qual_19_p1_sol.pdf | https://physics.yale.edu/sites/default/files/files/qual_19_p2_sol.pdf | https://physics.yale.edu/sites/default/files/files/qual_19_p3_sol.pdf | https://physics.yale.edu/sites/default/files/files/qual_19_p4_sol.pdf | https://physics.yale.edu/sites/default/files/files/qual_18_p1_sol.pdf | https://physics.yale.edu/sites/default/files/files/qual_18_p2_sol.pdf | https://physics.yale.edu/sites/default/files/files/qual_18_p3_sol.pdf | https://physics.yale.edu/sites/default/files/files/qual_18_p4_sol.pdf | https://physics.yale.edu/sites/default/files/files/Grad%20Misc/qual_24_p1_sol.pdf | https://physics.yale.edu/sites/default/files/files/Grad%20Misc/qual_24_p2_sol.pdf | https://physics.yale.edu/sites/default/files/files/Grad%20Misc/qual_24_p3_sol.pdf | https://physics.yale.edu/sites/default/files/files/Grad%20Misc/qual_24_p4_sol.pdf | https://physics.yale.edu/sites/default/files/files/Grad%20Misc/qual_23_p1_sol.pdf | https://physics.yale.edu/sites/default/files/files/Grad%20Misc/qual_23_p2_sol.pdf | https://physics.yale.edu/sites/default/files/files/Grad%20Misc/qual_23_p3_sol.pdf | https://physics.yale.edu/sites/default/files/files/Grad%20Misc/qual_23_p4_sol.pdf | https://physics.yale.edu/sites/default/files/files/Grad%20Misc/qual_22_p1_sol.pdf | https://physics.yale.edu/sites/default/files/files/Grad%20Misc/qual_22_p2_sol.pdf | https://physics.yale.edu/sites/default/files/files/Grad%20Misc/qual_22_p3_sol.pdf | https://physics.yale.edu/sites/default/files/files/Grad%20Misc/qual_22_p4_sol.pdf | https://physics.yale.edu/sites/default/files/files/Grad%20Misc/qual_21_p1_sol.pdf | https://physics.yale.edu/sites/default/files/files/Grad%20Misc/qual_21_p2_sol.pdf | https://physics.yale.edu/sites/default/files/files/Grad%20Misc/qual_21_p3_sol.pdf | https://physics.yale.edu/sites/default/files/files/Grad%20Misc/qual_21_p4_sol.pdf,https://physics.yale.edu/academics/graduate-studies/graduate-student-handbook/qualifying-exam-past-exams
Condensed Matter & Materials (physics),Spintronics & Magnetism,downloaded,https://physics.yale.edu/sites/default/files/files/qualifier2019.pdf | https://physics.yale.edu/sites/default/files/files/qualifier2018.pdf | https://physics.yale.edu/academics/graduate-studies/graduate-student-handbook/qualifying-exam-past-exams | https://physics.yale.edu/sites/default/files/files/Grad%20Misc/QualExam_24_Combined.pdf | https://physics.yale.edu/sites/default/files/files/Grad%20Misc/2023%20Qualifying%20Exams%20Combined.pdf | https://physics.yale.edu/sites/default/files/files/Grad%20Misc/2022%20Qualifying%20Exams.pdf | https://physics.yale.edu/sites/default/files/files/Grad%20Misc/2021%20Qualifying%20Exams.pdf,https://physics.yale.edu/sites/default/files/files/qual_19_p1_sol.pdf | https://physics.yale.edu/sites/default/files/files/qual_19_p2_sol.pdf | https://physics.yale.edu/sites/default/files/files/qual_19_p3_sol.pdf | https://physics.yale.edu/sites/default/files/files/qual_19_p4_sol.pdf | https://physics.yale.edu/sites/default/files/files/qual_18_p1_sol.pdf | https://physics.yale.edu/sites/default/files/files/qual_18_p2_sol.pdf | https://physics.yale.edu/sites/default/files/files/qual_18_p3_sol.pdf | https://physics.yale.edu/sites/default/files/files/qual_18_p4_sol.pdf | https://physics.yale.edu/sites/default/files/files/Grad%20Misc/qual_24_p1_sol.pdf | https://physics.yale.edu/sites/default/files/files/Grad%20Misc/qual_24_p2_sol.pdf | https://physics.yale.edu/sites/default/files/files/Grad%20Misc/qual_24_p3_sol.pdf | https://physics.yale.edu/sites/default/files/files/Grad%20Misc/qual_24_p4_sol.pdf | https://physics.yale.edu/sites/default/files/files/Grad%20Misc/qual_23_p1_sol.pdf | https://physics.yale.edu/sites/default/files/files/Grad%20Misc/qual_23_p2_sol.pdf | https://physics.yale.edu/sites/default/files/files/Grad%20Misc/qual_23_p3_sol.pdf | https://physics.yale.edu/sites/default/files/files/Grad%20Misc/qual_23_p4_sol.pdf | https://physics.yale.edu/sites/default/files/files/Grad%20Misc/qual_22_p1_sol.pdf | https://physics.yale.edu/sites/default/files/files/Grad%20Misc/qual_22_p2_sol.pdf | https://physics.yale.edu/sites/default/files/files/Grad%20Misc/qual_22_p3_sol.pdf | https://physics.yale.edu/sites/default/files/files/Grad%20Misc/qual_22_p4_sol.pdf | https://physics.yale.edu/sites/default/files/files/Grad%20Misc/qual_21_p1_sol.pdf | https://physics.yale.edu/sites/default/files/files/Grad%20Misc/qual_21_p2_sol.pdf | https://physics.yale.edu/sites/default/files/files/Grad%20Misc/qual_21_p3_sol.pdf | https://physics.yale.edu/sites/default/files/files/Grad%20Misc/qual_21_p4_sol.pdf,https://physics.yale.edu/academics/graduate-studies/graduate-student-handbook/qualifying-exam-past-exams
Condensed Matter & Materials (physics),Strongly Correlated Electron Systems,downloaded,https://physics.yale.edu/sites/default/files/files/qualifier2019.pdf | https://physics.yale.edu/sites/default/files/files/qualifier2018.pdf | https://physics.yale.edu/academics/graduate-studies/graduate-student-handbook/qualifying-exam-past-exams | https://physics.yale.edu/sites/default/files/files/Grad%20Misc/QualExam_24_Combined.pdf | https://physics.yale.edu/sites/default/files/files/Grad%20Misc/2023%20Qualifying%20Exams%20Combined.pdf | https://physics.yale.edu/sites/default/files/files/Grad%20Misc/2022%20Qualifying%20Exams.pdf | https://physics.yale.edu/sites/default/files/files/Grad%20Misc/2021%20Qualifying%20Exams.pdf,https://physics.yale.edu/sites/default/files/files/qual_19_p1_sol.pdf | https://physics.yale.edu/sites/default/files/files/qual_19_p2_sol.pdf | https://physics.yale.edu/sites/default/files/files/qual_19_p3_sol.pdf | https://physics.yale.edu/sites/default/files/files/qual_19_p4_sol.pdf | https://physics.yale.edu/sites/default/files/files/qual_18_p1_sol.pdf | https://physics.yale.edu/sites/default/files/files/qual_18_p2_sol.pdf | https://physics.yale.edu/sites/default/files/files/qual_18_p3_sol.pdf | https://physics.yale.edu/sites/default/files/files/qual_18_p4_sol.pdf | https://physics.yale.edu/sites/default/files/files/Grad%20Misc/qual_24_p1_sol.pdf | https://physics.yale.edu/sites/default/files/files/Grad%20Misc/qual_24_p2_sol.pdf | https://physics.yale.edu/sites/default/files/files/Grad%20Misc/qual_24_p3_sol.pdf | https://physics.yale.edu/sites/default/files/files/Grad%20Misc/qual_24_p4_sol.pdf | https://physics.yale.edu/sites/default/files/files/Grad%20Misc/qual_23_p1_sol.pdf | https://physics.yale.edu/sites/default/files/files/Grad%20Misc/qual_23_p2_sol.pdf | https://physics.yale.edu/sites/default/files/files/Grad%20Misc/qual_23_p3_sol.pdf | https://physics.yale.edu/sites/default/files/files/Grad%20Misc/qual_23_p4_sol.pdf | https://physics.yale.edu/sites/default/files/files/Grad%20Misc/qual_22_p1_sol.pdf | https://physics.yale.edu/sites/default/files/files/Grad%20Misc/qual_22_p2_sol.pdf | https://physics.yale.edu/sites/default/files/files/Grad%20Misc/qual_22_p3_sol.pdf | https://physics.yale.edu/sites/default/files/files/Grad%20Misc/qual_22_p4_sol.pdf | https://physics.yale.edu/sites/default/files/files/Grad%20Misc/qual_21_p1_sol.pdf | https://physics.yale.edu/sites/default/files/files/Grad%20Misc/qual_21_p2_sol.pdf | https://physics.yale.edu/sites/default/files/files/Grad%20Misc/qual_21_p3_sol.pdf | https://physics.yale.edu/sites/default/files/files/Grad%20Misc/qual_21_p4_sol.pdf,https://physics.yale.edu/academics/graduate-studies/graduate-student-handbook/qualifying-exam-past-exams
Condensed Matter & Materials (physics),Superconductivity,downloaded,https://physics.yale.edu/sites/default/files/files/qualifier2019.pdf | https://physics.yale.edu/sites/default/files/files/qualifier2018.pdf | https://physics.yale.edu/academics/graduate-studies/graduate-student-handbook/qualifying-exam-past-exams | https://physics.yale.edu/sites/default/files/files/Grad%20Misc/QualExam_24_Combined.pdf | https://physics.yale.edu/sites/default/files/files/Grad%20Misc/2023%20Qualifying%20Exams%20Combined.pdf | https://physics.yale.edu/sites/default/files/files/Grad%20Misc/2022%20Qualifying%20Exams.pdf | https://physics.yale.edu/sites/default/files/files/Grad%20Misc/2021%20Qualifying%20Exams.pdf,https://physics.yale.edu/sites/default/files/files/qual_19_p1_sol.pdf | https://physics.yale.edu/sites/default/files/files/qual_19_p2_sol.pdf | https://physics.yale.edu/sites/default/files/files/qual_19_p3_sol.pdf | https://physics.yale.edu/sites/default/files/files/qual_19_p4_sol.pdf | https://physics.yale.edu/sites/default/files/files/qual_18_p1_sol.pdf | https://physics.yale.edu/sites/default/files/files/qual_18_p2_sol.pdf | https://physics.yale.edu/sites/default/files/files/qual_18_p3_sol.pdf | https://physics.yale.edu/sites/default/files/files/qual_18_p4_sol.pdf | https://physics.yale.edu/sites/default/files/files/Grad%20Misc/qual_24_p1_sol.pdf | https://physics.yale.edu/sites/default/files/files/Grad%20Misc/qual_24_p2_sol.pdf | https://physics.yale.edu/sites/default/files/files/Grad%20Misc/qual_24_p3_sol.pdf | https://physics.yale.edu/sites/default/files/files/Grad%20Misc/qual_24_p4_sol.pdf | https://physics.yale.edu/sites/default/files/files/Grad%20Misc/qual_23_p1_sol.pdf | https://physics.yale.edu/sites/default/files/files/Grad%20Misc/qual_23_p2_sol.pdf | https://physics.yale.edu/sites/default/files/files/Grad%20Misc/qual_23_p3_sol.pdf | https://physics.yale.edu/sites/default/files/files/Grad%20Misc/qual_23_p4_sol.pdf | https://physics.yale.edu/sites/default/files/files/Grad%20Misc/qual_22_p1_sol.pdf | https://physics.yale.edu/sites/default/files/files/Grad%20Misc/qual_22_p2_sol.pdf | https://physics.yale.edu/sites/default/files/files/Grad%20Misc/qual_22_p3_sol.pdf | https://physics.yale.edu/sites/default/files/files/Grad%20Misc/qual_22_p4_sol.pdf | https://physics.yale.edu/sites/default/files/files/Grad%20Misc/qual_21_p1_sol.pdf | https://physics.yale.edu/sites/default/files/files/Grad%20Misc/qual_21_p2_sol.pdf | https://physics.yale.edu/sites/default/files/files/Grad%20Misc/qual_21_p3_sol.pdf | https://physics.yale.edu/sites/default/files/files/Grad%20Misc/qual_21_p4_sol.pdf,https://physics.yale.edu/academics/graduate-studies/graduate-student-handbook/qualifying-exam-past-exams
Condensed Matter & Materials (physics),Topological Matter & Insulators,downloaded,https://physics.yale.edu/sites/default/files/files/qualifier2019.pdf | https://physics.yale.edu/sites/default/files/files/qualifier2018.pdf | https://physics.yale.edu/academics/graduate-studies/graduate-student-handbook/qualifying-exam-past-exams | https://physics.yale.edu/sites/default/files/files/Grad%20Misc/QualExam_24_Combined.pdf | https://physics.yale.edu/sites/default/files/files/Grad%20Misc/2023%20Qualifying%20Exams%20Combined.pdf | https://physics.yale.edu/sites/default/files/files/Grad%20Misc/2022%20Qualifying%20Exams.pdf | https://physics.yale.edu/sites/default/files/files/Grad%20Misc/2021%20Qualifying%20Exams.pdf,https://physics.yale.edu/sites/default/files/files/qual_19_p1_sol.pdf | https://physics.yale.edu/sites/default/files/files/qual_19_p2_sol.pdf | https://physics.yale.edu/sites/default/files/files/qual_19_p3_sol.pdf | https://physics.yale.edu/sites/default/files/files/qual_19_p4_sol.pdf | https://physics.yale.edu/sites/default/files/files/qual_18_p1_sol.pdf | https://physics.yale.edu/sites/default/files/files/qual_18_p2_sol.pdf | https://physics.yale.edu/sites/default/files/files/qual_18_p3_sol.pdf | https://physics.yale.edu/sites/default/files/files/qual_18_p4_sol.pdf | https://physics.yale.edu/sites/default/files/files/Grad%20Misc/qual_24_p1_sol.pdf | https://physics.yale.edu/sites/default/files/files/Grad%20Misc/qual_24_p2_sol.pdf | https://physics.yale.edu/sites/default/files/files/Grad%20Misc/qual_24_p3_sol.pdf | https://physics.yale.edu/sites/default/files/files/Grad%20Misc/qual_24_p4_sol.pdf | https://physics.yale.edu/sites/default/files/files/Grad%20Misc/qual_23_p1_sol.pdf | https://physics.yale.edu/sites/default/files/files/Grad%20Misc/qual_23_p2_sol.pdf | https://physics.yale.edu/sites/default/files/files/Grad%20Misc/qual_23_p3_sol.pdf | https://physics.yale.edu/sites/default/files/files/Grad%20Misc/qual_23_p4_sol.pdf | https://physics.yale.edu/sites/default/files/files/Grad%20Misc/qual_22_p1_sol.pdf | https://physics.yale.edu/sites/default/files/files/Grad%20Misc/qual_22_p2_sol.pdf | https://physics.yale.edu/sites/default/files/files/Grad%20Misc/qual_22_p3_sol.pdf | https://physics.yale.edu/sites/default/files/files/Grad%20Misc/qual_22_p4_sol.pdf | https://physics.yale.edu/sites/default/files/files/Grad%20Misc/qual_21_p1_sol.pdf | https://physics.yale.edu/sites/default/files/files/Grad%20Misc/qual_21_p2_sol.pdf | https://physics.yale.edu/sites/default/files/files/Grad%20Misc/qual_21_p3_sol.pdf | https://physics.yale.edu/sites/default/files/files/Grad%20Misc/qual_21_p4_sol.pdf,https://physics.yale.edu/academics/graduate-studies/graduate-student-handbook/qualifying-exam-past-exams
Engineering,Acoustics & Noise Engineering,downloaded,https://www.me.utexas.edu/academics/graduate-program/qualifying-exams | https://www.me.utexas.edu/images/pdfs/qualifying-exams/M-D-QE-evaluation-form_11-12-25.pdf | https://www.me.utexas.edu/images/academics/TFS-QE-request-form_9-1-25.pdf | https://www.me.utexas.edu/images/academics/TFS-QE-evaluation_9-1-25.pdf | https://www.me.utexas.edu/images/academics/TFS-QE-committee_9-1-25.pdf | https://www.me.utexas.edu/images/academics/TFS-example-questions_9-1-25.pdf,,https://www.me.utexas.edu/academics/graduate-program/qualifying-exams
Engineering,Aerospace Engineering & Aerodynamics,downloaded,https://mees.charlotte.edu/academic-programs/phd-mechanical-engineering/qualifying-exam/ | https://mees.charlotte.edu/wp-content/uploads/sites/965/2024/11/Instructions-to-complete-Qualifying-Exam-Report.pdf | https://mees.charlotte.edu/wp-content/uploads/sites/965/2023/12/Control-Qual_Syllabus_2023-version.pdf | https://mees.charlotte.edu/wp-content/uploads/sites/965/2023/12/sample-exam-controls-1.pdf | https://mees.charlotte.edu/wp-content/uploads/sites/965/2023/12/sample-exam-controls-2.pdf | https://mees.charlotte.edu/wp-content/uploads/sites/965/2026/02/Control_Sample-Exam-3.pdf | https://mees.charlotte.edu/wp-content/uploads/sites/965/2023/12/dynamics-syllabus-2016.pdf | https://mees.charlotte.edu/wp-content/uploads/sites/965/2023/12/dynamics-q-sample-2016.pdf | https://mees.charlotte.edu/wp-content/uploads/sites/965/2023/12/Dynamics_Fall-2022.pdf | https://mees.charlotte.edu/wp-content/uploads/sites/965/2023/12/Dynamics_Sample-Exam_3-1.pdf | https://mees.charlotte.edu/wp-content/uploads/sites/965/2023/12/Dynamics_Equation-Sheets-1.pdf | https://mees.charlotte.edu/wp-content/uploads/sites/965/2026/03/Fluid-Mechanics-PhD-Qualifying-Exam-Syllabus-March-2026-combined.pdf | https://mees.charlotte.edu/wp-content/uploads/sites/965/2023/12/fluid-mechanics-sample-exam-1.pdf | https://mees.charlotte.edu/wp-content/uploads/sites/965/2023/12/fluid-mechanics-sample-exam-2.pdf | https://mees.charlotte.edu/wp-content/uploads/sites/965/2023/12/fluid-mechanics-sample-exam-3.pdf | https://mees.charlotte.edu/wp-content/uploads/sites/965/2024/09/Fluid-Mechanics-Qualifying-Examination_Sample-Exam-4.pdf | https://mees.charlotte.edu/wp-content/uploads/sites/965/2026/03/Heat-Transfer-PhD-Qualifying-Exam-Syllabus-excerpt-Spring-2026v5.pdf | https://mees.charlotte.edu/wp-content/uploads/sites/965/2023/12/fluids-heat-transfer-sample-2.pdf | https://mees.charlotte.edu/wp-content/uploads/sites/965/2024/09/Heat-Transfer_Qualifying-Exam_Sample-Exam-2.pdf | https://mees.charlotte.edu/wp-content/uploads/sites/965/2023/12/instrumentation-syllabus.pdf | https://mees.charlotte.edu/wp-content/uploads/sites/965/2023/12/instrumetation-sample-1.pdf | https://mees.charlotte.edu/wp-content/uploads/sites/965/2023/12/Manufacturing-Qualifier_Syllabus_2023-version.pdf | https://mees.charlotte.edu/wp-content/uploads/sites/965/2023/12/Manufacturing_Sample-Exam_1.pdf | https://mees.charlotte.edu/wp-content/uploads/sites/965/2026/01/Manufacturing_Sample-Exam-2.pdf | https://mees.charlotte.edu/wp-content/uploads/sites/965/2026/01/Manufacturing_Sample-Exam-3.pdf | https://mees.charlotte.edu/wp-content/uploads/sites/965/2023/12/machine-design-sample-082112.pdf | https://mees.charlotte.edu/wp-content/uploads/sites/965/2023/12/materials-science-syllabus-11062014.pdf | https://mees.charlotte.edu/wp-content/uploads/sites/965/2023/12/materials-sample-2.pdf | https://mees.charlotte.edu/wp-content/uploads/sites/965/2024/05/Q-Exam-Metrology-Syllabus-2023-rev-3.pdf | https://mees.charlotte.edu/wp-content/uploads/sites/965/2023/12/metrology-sample-2.pdf | https://mees.charlotte.edu/wp-content/uploads/sites/965/2024/09/for_website_-metrology-exam-all_combined.pdf,,https://mees.charlotte.edu/academic-programs/phd-mechanical-engineering/qualifying-exam/
Engineering,Biomedical Engineering,downloaded,https://mees.charlotte.edu/academic-programs/phd-mechanical-engineering/qualifying-exam/ | https://mees.charlotte.edu/wp-content/uploads/sites/965/2024/11/Instructions-to-complete-Qualifying-Exam-Report.pdf | https://mees.charlotte.edu/wp-content/uploads/sites/965/2023/12/Control-Qual_Syllabus_2023-version.pdf | https://mees.charlotte.edu/wp-content/uploads/sites/965/2023/12/sample-exam-controls-1.pdf | https://mees.charlotte.edu/wp-content/uploads/sites/965/2023/12/sample-exam-controls-2.pdf | https://mees.charlotte.edu/wp-content/uploads/sites/965/2026/02/Control_Sample-Exam-3.pdf | https://mees.charlotte.edu/wp-content/uploads/sites/965/2023/12/dynamics-syllabus-2016.pdf | https://mees.charlotte.edu/wp-content/uploads/sites/965/2023/12/dynamics-q-sample-2016.pdf | https://mees.charlotte.edu/wp-content/uploads/sites/965/2023/12/Dynamics_Fall-2022.pdf | https://mees.charlotte.edu/wp-content/uploads/sites/965/2023/12/Dynamics_Sample-Exam_3-1.pdf | https://mees.charlotte.edu/wp-content/uploads/sites/965/2023/12/Dynamics_Equation-Sheets-1.pdf | https://mees.charlotte.edu/wp-content/uploads/sites/965/2026/03/Fluid-Mechanics-PhD-Qualifying-Exam-Syllabus-March-2026-combined.pdf | https://mees.charlotte.edu/wp-content/uploads/sites/965/2023/12/fluid-mechanics-sample-exam-1.pdf | https://mees.charlotte.edu/wp-content/uploads/sites/965/2023/12/fluid-mechanics-sample-exam-2.pdf | https://mees.charlotte.edu/wp-content/uploads/sites/965/2023/12/fluid-mechanics-sample-exam-3.pdf | https://mees.charlotte.edu/wp-content/uploads/sites/965/2024/09/Fluid-Mechanics-Qualifying-Examination_Sample-Exam-4.pdf | https://mees.charlotte.edu/wp-content/uploads/sites/965/2026/03/Heat-Transfer-PhD-Qualifying-Exam-Syllabus-excerpt-Spring-2026v5.pdf | https://mees.charlotte.edu/wp-content/uploads/sites/965/2023/12/fluids-heat-transfer-sample-2.pdf | https://mees.charlotte.edu/wp-content/uploads/sites/965/2024/09/Heat-Transfer_Qualifying-Exam_Sample-Exam-2.pdf | https://mees.charlotte.edu/wp-content/uploads/sites/965/2023/12/instrumentation-syllabus.pdf | https://mees.charlotte.edu/wp-content/uploads/sites/965/2023/12/instrumetation-sample-1.pdf | https://mees.charlotte.edu/wp-content/uploads/sites/965/2023/12/Manufacturing-Qualifier_Syllabus_2023-version.pdf | https://mees.charlotte.edu/wp-content/uploads/sites/965/2023/12/Manufacturing_Sample-Exam_1.pdf | https://mees.charlotte.edu/wp-content/uploads/sites/965/2026/01/Manufacturing_Sample-Exam-2.pdf | https://mees.charlotte.edu/wp-content/uploads/sites/965/2026/01/Manufacturing_Sample-Exam-3.pdf | https://mees.charlotte.edu/wp-content/uploads/sites/965/2023/12/machine-design-sample-082112.pdf | https://mees.charlotte.edu/wp-content/uploads/sites/965/2023/12/materials-science-syllabus-11062014.pdf | https://mees.charlotte.edu/wp-content/uploads/sites/965/2023/12/materials-sample-2.pdf | https://mees.charlotte.edu/wp-content/uploads/sites/965/2024/05/Q-Exam-Metrology-Syllabus-2023-rev-3.pdf | https://mees.charlotte.edu/wp-content/uploads/sites/965/2023/12/metrology-sample-2.pdf | https://mees.charlotte.edu/wp-content/uploads/sites/965/2024/09/for_website_-metrology-exam-all_combined.pdf,,https://mees.charlotte.edu/academic-programs/phd-mechanical-engineering/qualifying-exam/
Engineering,Chemical Engineering & Process Design,downloaded,https://mees.charlotte.edu/academic-programs/phd-mechanical-engineering/qualifying-exam/ | https://mees.charlotte.edu/wp-content/uploads/sites/965/2024/11/Instructions-to-complete-Qualifying-Exam-Report.pdf | https://mees.charlotte.edu/wp-content/uploads/sites/965/2023/12/Control-Qual_Syllabus_2023-version.pdf | https://mees.charlotte.edu/wp-content/uploads/sites/965/2023/12/sample-exam-controls-1.pdf | https://mees.charlotte.edu/wp-content/uploads/sites/965/2023/12/sample-exam-controls-2.pdf | https://mees.charlotte.edu/wp-content/uploads/sites/965/2026/02/Control_Sample-Exam-3.pdf | https://mees.charlotte.edu/wp-content/uploads/sites/965/2023/12/dynamics-syllabus-2016.pdf | https://mees.charlotte.edu/wp-content/uploads/sites/965/2023/12/dynamics-q-sample-2016.pdf | https://mees.charlotte.edu/wp-content/uploads/sites/965/2023/12/Dynamics_Fall-2022.pdf | https://mees.charlotte.edu/wp-content/uploads/sites/965/2023/12/Dynamics_Sample-Exam_3-1.pdf | https://mees.charlotte.edu/wp-content/uploads/sites/965/2023/12/Dynamics_Equation-Sheets-1.pdf | https://mees.charlotte.edu/wp-content/uploads/sites/965/2026/03/Fluid-Mechanics-PhD-Qualifying-Exam-Syllabus-March-2026-combined.pdf | https://mees.charlotte.edu/wp-content/uploads/sites/965/2023/12/fluid-mechanics-sample-exam-1.pdf | https://mees.charlotte.edu/wp-content/uploads/sites/965/2023/12/fluid-mechanics-sample-exam-2.pdf | https://mees.charlotte.edu/wp-content/uploads/sites/965/2023/12/fluid-mechanics-sample-exam-3.pdf | https://mees.charlotte.edu/wp-content/uploads/sites/965/2024/09/Fluid-Mechanics-Qualifying-Examination_Sample-Exam-4.pdf | https://mees.charlotte.edu/wp-content/uploads/sites/965/2026/03/Heat-Transfer-PhD-Qualifying-Exam-Syllabus-excerpt-Spring-2026v5.pdf | https://mees.charlotte.edu/wp-content/uploads/sites/965/2023/12/fluids-heat-transfer-sample-2.pdf | https://mees.charlotte.edu/wp-content/uploads/sites/965/2024/09/Heat-Transfer_Qualifying-Exam_Sample-Exam-2.pdf | https://mees.charlotte.edu/wp-content/uploads/sites/965/2023/12/instrumentation-syllabus.pdf | https://mees.charlotte.edu/wp-content/uploads/sites/965/2023/12/instrumetation-sample-1.pdf | https://mees.charlotte.edu/wp-content/uploads/sites/965/2023/12/Manufacturing-Qualifier_Syllabus_2023-version.pdf | https://mees.charlotte.edu/wp-content/uploads/sites/965/2023/12/Manufacturing_Sample-Exam_1.pdf | https://mees.charlotte.edu/wp-content/uploads/sites/965/2026/01/Manufacturing_Sample-Exam-2.pdf | https://mees.charlotte.edu/wp-content/uploads/sites/965/2026/01/Manufacturing_Sample-Exam-3.pdf | https://mees.charlotte.edu/wp-content/uploads/sites/965/2023/12/machine-design-sample-082112.pdf | https://mees.charlotte.edu/wp-content/uploads/sites/965/2023/12/materials-science-syllabus-11062014.pdf | https://mees.charlotte.edu/wp-content/uploads/sites/965/2023/12/materials-sample-2.pdf | https://mees.charlotte.edu/wp-content/uploads/sites/965/2024/05/Q-Exam-Metrology-Syllabus-2023-rev-3.pdf | https://mees.charlotte.edu/wp-content/uploads/sites/965/2023/12/metrology-sample-2.pdf | https://mees.charlotte.edu/wp-content/uploads/sites/965/2024/09/for_website_-metrology-exam-all_combined.pdf,,https://mees.charlotte.edu/academic-programs/phd-mechanical-engineering/qualifying-exam/
Engineering,Civil & Structural Engineering,downloaded,https://mees.charlotte.edu/academic-programs/phd-mechanical-engineering/qualifying-exam/ | https://mees.charlotte.edu/wp-content/uploads/sites/965/2024/11/Instructions-to-complete-Qualifying-Exam-Report.pdf | https://mees.charlotte.edu/wp-content/uploads/sites/965/2023/12/Control-Qual_Syllabus_2023-version.pdf | https://mees.charlotte.edu/wp-content/uploads/sites/965/2023/12/sample-exam-controls-1.pdf | https://mees.charlotte.edu/wp-content/uploads/sites/965/2023/12/sample-exam-controls-2.pdf | https://mees.charlotte.edu/wp-content/uploads/sites/965/2026/02/Control_Sample-Exam-3.pdf | https://mees.charlotte.edu/wp-content/uploads/sites/965/2023/12/dynamics-syllabus-2016.pdf | https://mees.charlotte.edu/wp-content/uploads/sites/965/2023/12/dynamics-q-sample-2016.pdf | https://mees.charlotte.edu/wp-content/uploads/sites/965/2023/12/Dynamics_Fall-2022.pdf | https://mees.charlotte.edu/wp-content/uploads/sites/965/2023/12/Dynamics_Sample-Exam_3-1.pdf | https://mees.charlotte.edu/wp-content/uploads/sites/965/2023/12/Dynamics_Equation-Sheets-1.pdf | https://mees.charlotte.edu/wp-content/uploads/sites/965/2026/03/Fluid-Mechanics-PhD-Qualifying-Exam-Syllabus-March-2026-combined.pdf | https://mees.charlotte.edu/wp-content/uploads/sites/965/2023/12/fluid-mechanics-sample-exam-1.pdf | https://mees.charlotte.edu/wp-content/uploads/sites/965/2023/12/fluid-mechanics-sample-exam-2.pdf | https://mees.charlotte.edu/wp-content/uploads/sites/965/2023/12/fluid-mechanics-sample-exam-3.pdf | https://mees.charlotte.edu/wp-content/uploads/sites/965/2024/09/Fluid-Mechanics-Qualifying-Examination_Sample-Exam-4.pdf | https://mees.charlotte.edu/wp-content/uploads/sites/965/2026/03/Heat-Transfer-PhD-Qualifying-Exam-Syllabus-excerpt-Spring-2026v5.pdf | https://mees.charlotte.edu/wp-content/uploads/sites/965/2023/12/fluids-heat-transfer-sample-2.pdf | https://mees.charlotte.edu/wp-content/uploads/sites/965/2024/09/Heat-Transfer_Qualifying-Exam_Sample-Exam-2.pdf | https://mees.charlotte.edu/wp-content/uploads/sites/965/2023/12/instrumentation-syllabus.pdf | https://mees.charlotte.edu/wp-content/uploads/sites/965/2023/12/instrumetation-sample-1.pdf | https://mees.charlotte.edu/wp-content/uploads/sites/965/2023/12/Manufacturing-Qualifier_Syllabus_2023-version.pdf | https://mees.charlotte.edu/wp-content/uploads/sites/965/2023/12/Manufacturing_Sample-Exam_1.pdf | https://mees.charlotte.edu/wp-content/uploads/sites/965/2026/01/Manufacturing_Sample-Exam-2.pdf | https://mees.charlotte.edu/wp-content/uploads/sites/965/2026/01/Manufacturing_Sample-Exam-3.pdf | https://mees.charlotte.edu/wp-content/uploads/sites/965/2023/12/machine-design-sample-082112.pdf | https://mees.charlotte.edu/wp-content/uploads/sites/965/2023/12/materials-science-syllabus-11062014.pdf | https://mees.charlotte.edu/wp-content/uploads/sites/965/2023/12/materials-sample-2.pdf | https://mees.charlotte.edu/wp-content/uploads/sites/965/2024/05/Q-Exam-Metrology-Syllabus-2023-rev-3.pdf | https://mees.charlotte.edu/wp-content/uploads/sites/965/2023/12/metrology-sample-2.pdf | https://mees.charlotte.edu/wp-content/uploads/sites/965/2024/09/for_website_-metrology-exam-all_combined.pdf,,https://mees.charlotte.edu/academic-programs/phd-mechanical-engineering/qualifying-exam/
Engineering,Electrical Power Systems,downloaded,https://mees.charlotte.edu/academic-programs/phd-mechanical-engineering/qualifying-exam/ | https://mees.charlotte.edu/wp-content/uploads/sites/965/2024/11/Instructions-to-complete-Qualifying-Exam-Report.pdf | https://mees.charlotte.edu/wp-content/uploads/sites/965/2023/12/Control-Qual_Syllabus_2023-version.pdf | https://mees.charlotte.edu/wp-content/uploads/sites/965/2023/12/sample-exam-controls-1.pdf | https://mees.charlotte.edu/wp-content/uploads/sites/965/2023/12/sample-exam-controls-2.pdf | https://mees.charlotte.edu/wp-content/uploads/sites/965/2026/02/Control_Sample-Exam-3.pdf | https://mees.charlotte.edu/wp-content/uploads/sites/965/2023/12/dynamics-syllabus-2016.pdf | https://mees.charlotte.edu/wp-content/uploads/sites/965/2023/12/dynamics-q-sample-2016.pdf | https://mees.charlotte.edu/wp-content/uploads/sites/965/2023/12/Dynamics_Fall-2022.pdf | https://mees.charlotte.edu/wp-content/uploads/sites/965/2023/12/Dynamics_Sample-Exam_3-1.pdf | https://mees.charlotte.edu/wp-content/uploads/sites/965/2023/12/Dynamics_Equation-Sheets-1.pdf | https://mees.charlotte.edu/wp-content/uploads/sites/965/2026/03/Fluid-Mechanics-PhD-Qualifying-Exam-Syllabus-March-2026-combined.pdf | https://mees.charlotte.edu/wp-content/uploads/sites/965/2023/12/fluid-mechanics-sample-exam-1.pdf | https://mees.charlotte.edu/wp-content/uploads/sites/965/2023/12/fluid-mechanics-sample-exam-2.pdf | https://mees.charlotte.edu/wp-content/uploads/sites/965/2023/12/fluid-mechanics-sample-exam-3.pdf | https://mees.charlotte.edu/wp-content/uploads/sites/965/2024/09/Fluid-Mechanics-Qualifying-Examination_Sample-Exam-4.pdf | https://mees.charlotte.edu/wp-content/uploads/sites/965/2026/03/Heat-Transfer-PhD-Qualifying-Exam-Syllabus-excerpt-Spring-2026v5.pdf | https://mees.charlotte.edu/wp-content/uploads/sites/965/2023/12/fluids-heat-transfer-sample-2.pdf | https://mees.charlotte.edu/wp-content/uploads/sites/965/2024/09/Heat-Transfer_Qualifying-Exam_Sample-Exam-2.pdf | https://mees.charlotte.edu/wp-content/uploads/sites/965/2023/12/instrumentation-syllabus.pdf | https://mees.charlotte.edu/wp-content/uploads/sites/965/2023/12/instrumetation-sample-1.pdf | https://mees.charlotte.edu/wp-content/uploads/sites/965/2023/12/Manufacturing-Qualifier_Syllabus_2023-version.pdf | https://mees.charlotte.edu/wp-content/uploads/sites/965/2023/12/Manufacturing_Sample-Exam_1.pdf | https://mees.charlotte.edu/wp-content/uploads/sites/965/2026/01/Manufacturing_Sample-Exam-2.pdf | https://mees.charlotte.edu/wp-content/uploads/sites/965/2026/01/Manufacturing_Sample-Exam-3.pdf | https://mees.charlotte.edu/wp-content/uploads/sites/965/2023/12/machine-design-sample-082112.pdf | https://mees.charlotte.edu/wp-content/uploads/sites/965/2023/12/materials-science-syllabus-11062014.pdf | https://mees.charlotte.edu/wp-content/uploads/sites/965/2023/12/materials-sample-2.pdf | https://mees.charlotte.edu/wp-content/uploads/sites/965/2024/05/Q-Exam-Metrology-Syllabus-2023-rev-3.pdf | https://mees.charlotte.edu/wp-content/uploads/sites/965/2023/12/metrology-sample-2.pdf | https://mees.charlotte.edu/wp-content/uploads/sites/965/2024/09/for_website_-metrology-exam-all_combined.pdf,,https://mees.charlotte.edu/academic-programs/phd-mechanical-engineering/qualifying-exam/
Engineering,Engineering Design & CAD/CAM,downloaded,https://mees.charlotte.edu/academic-programs/phd-mechanical-engineering/qualifying-exam/ | https://mees.charlotte.edu/wp-content/uploads/sites/965/2024/11/Instructions-to-complete-Qualifying-Exam-Report.pdf | https://mees.charlotte.edu/wp-content/uploads/sites/965/2023/12/Control-Qual_Syllabus_2023-version.pdf | https://mees.charlotte.edu/wp-content/uploads/sites/965/2023/12/sample-exam-controls-1.pdf | https://mees.charlotte.edu/wp-content/uploads/sites/965/2023/12/sample-exam-controls-2.pdf | https://mees.charlotte.edu/wp-content/uploads/sites/965/2026/02/Control_Sample-Exam-3.pdf | https://mees.charlotte.edu/wp-content/uploads/sites/965/2023/12/dynamics-syllabus-2016.pdf | https://mees.charlotte.edu/wp-content/uploads/sites/965/2023/12/dynamics-q-sample-2016.pdf | https://mees.charlotte.edu/wp-content/uploads/sites/965/2023/12/Dynamics_Fall-2022.pdf | https://mees.charlotte.edu/wp-content/uploads/sites/965/2023/12/Dynamics_Sample-Exam_3-1.pdf | https://mees.charlotte.edu/wp-content/uploads/sites/965/2023/12/Dynamics_Equation-Sheets-1.pdf | https://mees.charlotte.edu/wp-content/uploads/sites/965/2026/03/Fluid-Mechanics-PhD-Qualifying-Exam-Syllabus-March-2026-combined.pdf | https://mees.charlotte.edu/wp-content/uploads/sites/965/2023/12/fluid-mechanics-sample-exam-1.pdf | https://mees.charlotte.edu/wp-content/uploads/sites/965/2023/12/fluid-mechanics-sample-exam-2.pdf | https://mees.charlotte.edu/wp-content/uploads/sites/965/2023/12/fluid-mechanics-sample-exam-3.pdf | https://mees.charlotte.edu/wp-content/uploads/sites/965/2024/09/Fluid-Mechanics-Qualifying-Examination_Sample-Exam-4.pdf | https://mees.charlotte.edu/wp-content/uploads/sites/965/2026/03/Heat-Transfer-PhD-Qualifying-Exam-Syllabus-excerpt-Spring-2026v5.pdf | https://mees.charlotte.edu/wp-content/uploads/sites/965/2023/12/fluids-heat-transfer-sample-2.pdf | https://mees.charlotte.edu/wp-content/uploads/sites/965/2024/09/Heat-Transfer_Qualifying-Exam_Sample-Exam-2.pdf | https://mees.charlotte.edu/wp-content/uploads/sites/965/2023/12/instrumentation-syllabus.pdf | https://mees.charlotte.edu/wp-content/uploads/sites/965/2023/12/instrumetation-sample-1.pdf | https://mees.charlotte.edu/wp-content/uploads/sites/965/2023/12/Manufacturing-Qualifier_Syllabus_2023-version.pdf | https://mees.charlotte.edu/wp-content/uploads/sites/965/2023/12/Manufacturing_Sample-Exam_1.pdf | https://mees.charlotte.edu/wp-content/uploads/sites/965/2026/01/Manufacturing_Sample-Exam-2.pdf | https://mees.charlotte.edu/wp-content/uploads/sites/965/2026/01/Manufacturing_Sample-Exam-3.pdf | https://mees.charlotte.edu/wp-content/uploads/sites/965/2023/12/machine-design-sample-082112.pdf | https://mees.charlotte.edu/wp-content/uploads/sites/965/2023/12/materials-science-syllabus-11062014.pdf | https://mees.charlotte.edu/wp-content/uploads/sites/965/2023/12/materials-sample-2.pdf | https://mees.charlotte.edu/wp-content/uploads/sites/965/2024/05/Q-Exam-Metrology-Syllabus-2023-rev-3.pdf | https://mees.charlotte.edu/wp-content/uploads/sites/965/2023/12/metrology-sample-2.pdf | https://mees.charlotte.edu/wp-content/uploads/sites/965/2024/09/for_website_-metrology-exam-all_combined.pdf,,https://mees.charlotte.edu/academic-programs/phd-mechanical-engineering/qualifying-exam/
Engineering,Environmental Engineering,downloaded,https://mees.charlotte.edu/academic-programs/phd-mechanical-engineering/qualifying-exam/ | https://mees.charlotte.edu/wp-content/uploads/sites/965/2024/11/Instructions-to-complete-Qualifying-Exam-Report.pdf | https://mees.charlotte.edu/wp-content/uploads/sites/965/2023/12/Control-Qual_Syllabus_2023-version.pdf | https://mees.charlotte.edu/wp-content/uploads/sites/965/2023/12/sample-exam-controls-1.pdf | https://mees.charlotte.edu/wp-content/uploads/sites/965/2023/12/sample-exam-controls-2.pdf | https://mees.charlotte.edu/wp-content/uploads/sites/965/2026/02/Control_Sample-Exam-3.pdf | https://mees.charlotte.edu/wp-content/uploads/sites/965/2023/12/dynamics-syllabus-2016.pdf | https://mees.charlotte.edu/wp-content/uploads/sites/965/2023/12/dynamics-q-sample-2016.pdf | https://mees.charlotte.edu/wp-content/uploads/sites/965/2023/12/Dynamics_Fall-2022.pdf | https://mees.charlotte.edu/wp-content/uploads/sites/965/2023/12/Dynamics_Sample-Exam_3-1.pdf | https://mees.charlotte.edu/wp-content/uploads/sites/965/2023/12/Dynamics_Equation-Sheets-1.pdf | https://mees.charlotte.edu/wp-content/uploads/sites/965/2026/03/Fluid-Mechanics-PhD-Qualifying-Exam-Syllabus-March-2026-combined.pdf | https://mees.charlotte.edu/wp-content/uploads/sites/965/2023/12/fluid-mechanics-sample-exam-1.pdf | https://mees.charlotte.edu/wp-content/uploads/sites/965/2023/12/fluid-mechanics-sample-exam-2.pdf | https://mees.charlotte.edu/wp-content/uploads/sites/965/2023/12/fluid-mechanics-sample-exam-3.pdf | https://mees.charlotte.edu/wp-content/uploads/sites/965/2024/09/Fluid-Mechanics-Qualifying-Examination_Sample-Exam-4.pdf | https://mees.charlotte.edu/wp-content/uploads/sites/965/2026/03/Heat-Transfer-PhD-Qualifying-Exam-Syllabus-excerpt-Spring-2026v5.pdf | https://mees.charlotte.edu/wp-content/uploads/sites/965/2023/12/fluids-heat-transfer-sample-2.pdf | https://mees.charlotte.edu/wp-content/uploads/sites/965/2024/09/Heat-Transfer_Qualifying-Exam_Sample-Exam-2.pdf | https://mees.charlotte.edu/wp-content/uploads/sites/965/2023/12/instrumentation-syllabus.pdf | https://mees.charlotte.edu/wp-content/uploads/sites/965/2023/12/instrumetation-sample-1.pdf | https://mees.charlotte.edu/wp-content/uploads/sites/965/2023/12/Manufacturing-Qualifier_Syllabus_2023-version.pdf | https://mees.charlotte.edu/wp-content/uploads/sites/965/2023/12/Manufacturing_Sample-Exam_1.pdf | https://mees.charlotte.edu/wp-content/uploads/sites/965/2026/01/Manufacturing_Sample-Exam-2.pdf | https://mees.charlotte.edu/wp-content/uploads/sites/965/2026/01/Manufacturing_Sample-Exam-3.pdf | https://mees.charlotte.edu/wp-content/uploads/sites/965/2023/12/machine-design-sample-082112.pdf | https://mees.charlotte.edu/wp-content/uploads/sites/965/2023/12/materials-science-syllabus-11062014.pdf | https://mees.charlotte.edu/wp-content/uploads/sites/965/2023/12/materials-sample-2.pdf | https://mees.charlotte.edu/wp-content/uploads/sites/965/2024/05/Q-Exam-Metrology-Syllabus-2023-rev-3.pdf | https://mees.charlotte.edu/wp-content/uploads/sites/965/2023/12/metrology-sample-2.pdf | https://mees.charlotte.edu/wp-content/uploads/sites/965/2024/09/for_website_-metrology-exam-all_combined.pdf,,https://mees.charlotte.edu/academic-programs/phd-mechanical-engineering/qualifying-exam/
Engineering,Fluid Mechanics & Turbomachinery,downloaded,https://me.umbc.edu/files/2014/10/Mechanical-Engineering-PhD-Qualifying-Examination-Topics-List.pdf,,https://me.umbc.edu/files/2014/10/Mechanical-Engineering-PhD-Qualifying-Examination-Topics-List.pdf
Engineering,Industrial & Systems Engineering,downloaded,https://mees.charlotte.edu/academic-programs/phd-mechanical-engineering/qualifying-exam/ | https://mees.charlotte.edu/wp-content/uploads/sites/965/2024/11/Instructions-to-complete-Qualifying-Exam-Report.pdf | https://mees.charlotte.edu/wp-content/uploads/sites/965/2023/12/Control-Qual_Syllabus_2023-version.pdf | https://mees.charlotte.edu/wp-content/uploads/sites/965/2023/12/sample-exam-controls-1.pdf | https://mees.charlotte.edu/wp-content/uploads/sites/965/2023/12/sample-exam-controls-2.pdf | https://mees.charlotte.edu/wp-content/uploads/sites/965/2026/02/Control_Sample-Exam-3.pdf | https://mees.charlotte.edu/wp-content/uploads/sites/965/2023/12/dynamics-syllabus-2016.pdf | https://mees.charlotte.edu/wp-content/uploads/sites/965/2023/12/dynamics-q-sample-2016.pdf | https://mees.charlotte.edu/wp-content/uploads/sites/965/2023/12/Dynamics_Fall-2022.pdf | https://mees.charlotte.edu/wp-content/uploads/sites/965/2023/12/Dynamics_Sample-Exam_3-1.pdf | https://mees.charlotte.edu/wp-content/uploads/sites/965/2023/12/Dynamics_Equation-Sheets-1.pdf | https://mees.charlotte.edu/wp-content/uploads/sites/965/2026/03/Fluid-Mechanics-PhD-Qualifying-Exam-Syllabus-March-2026-combined.pdf | https://mees.charlotte.edu/wp-content/uploads/sites/965/2023/12/fluid-mechanics-sample-exam-1.pdf | https://mees.charlotte.edu/wp-content/uploads/sites/965/2023/12/fluid-mechanics-sample-exam-2.pdf | https://mees.charlotte.edu/wp-content/uploads/sites/965/2023/12/fluid-mechanics-sample-exam-3.pdf | https://mees.charlotte.edu/wp-content/uploads/sites/965/2024/09/Fluid-Mechanics-Qualifying-Examination_Sample-Exam-4.pdf | https://mees.charlotte.edu/wp-content/uploads/sites/965/2026/03/Heat-Transfer-PhD-Qualifying-Exam-Syllabus-excerpt-Spring-2026v5.pdf | https://mees.charlotte.edu/wp-content/uploads/sites/965/2023/12/fluids-heat-transfer-sample-2.pdf | https://mees.charlotte.edu/wp-content/uploads/sites/965/2024/09/Heat-Transfer_Qualifying-Exam_Sample-Exam-2.pdf | https://mees.charlotte.edu/wp-content/uploads/sites/965/2023/12/instrumentation-syllabus.pdf | https://mees.charlotte.edu/wp-content/uploads/sites/965/2023/12/instrumetation-sample-1.pdf | https://mees.charlotte.edu/wp-content/uploads/sites/965/2023/12/Manufacturing-Qualifier_Syllabus_2023-version.pdf | https://mees.charlotte.edu/wp-content/uploads/sites/965/2023/12/Manufacturing_Sample-Exam_1.pdf | https://mees.charlotte.edu/wp-content/uploads/sites/965/2026/01/Manufacturing_Sample-Exam-2.pdf | https://mees.charlotte.edu/wp-content/uploads/sites/965/2026/01/Manufacturing_Sample-Exam-3.pdf | https://mees.charlotte.edu/wp-content/uploads/sites/965/2023/12/machine-design-sample-082112.pdf | https://mees.charlotte.edu/wp-content/uploads/sites/965/2023/12/materials-science-syllabus-11062014.pdf | https://mees.charlotte.edu/wp-content/uploads/sites/965/2023/12/materials-sample-2.pdf | https://mees.charlotte.edu/wp-content/uploads/sites/965/2024/05/Q-Exam-Metrology-Syllabus-2023-rev-3.pdf | https://mees.charlotte.edu/wp-content/uploads/sites/965/2023/12/metrology-sample-2.pdf | https://mees.charlotte.edu/wp-content/uploads/sites/965/2024/09/for_website_-metrology-exam-all_combined.pdf,,https://mees.charlotte.edu/academic-programs/phd-mechanical-engineering/qualifying-exam/
Engineering,Industrial Control Engineering,downloaded,https://www.me.byu.edu/https:/brightspotcdn.byu.edu/f8/62/b5c031444c5b9d40f25924fbff43/controls-infosheet-and-sample-problems-0.pdf,,https://www.me.byu.edu/https:/brightspotcdn.byu.edu/f8/62/b5c031444c5b9d40f25924fbff43/controls-infosheet-and-sample-problems-0.pdf
Engineering,Materials Engineering & Processing,downloaded,https://www.mse.gatech.edu/graduate/quals,,https://www.mse.gatech.edu/graduate/quals
Engineering,Mechanical Engineering & Solid Mechanics,downloaded,https://mees.charlotte.edu/academic-programs/phd-mechanical-engineering/qualifying-exam/ | https://mees.charlotte.edu/wp-content/uploads/sites/965/2024/11/Instructions-to-complete-Qualifying-Exam-Report.pdf | https://mees.charlotte.edu/wp-content/uploads/sites/965/2023/12/Control-Qual_Syllabus_2023-version.pdf | https://mees.charlotte.edu/wp-content/uploads/sites/965/2023/12/sample-exam-controls-1.pdf | https://mees.charlotte.edu/wp-content/uploads/sites/965/2023/12/sample-exam-controls-2.pdf | https://mees.charlotte.edu/wp-content/uploads/sites/965/2026/02/Control_Sample-Exam-3.pdf | https://mees.charlotte.edu/wp-content/uploads/sites/965/2023/12/dynamics-syllabus-2016.pdf | https://mees.charlotte.edu/wp-content/uploads/sites/965/2023/12/dynamics-q-sample-2016.pdf | https://mees.charlotte.edu/wp-content/uploads/sites/965/2023/12/Dynamics_Fall-2022.pdf | https://mees.charlotte.edu/wp-content/uploads/sites/965/2023/12/Dynamics_Sample-Exam_3-1.pdf | https://mees.charlotte.edu/wp-content/uploads/sites/965/2023/12/Dynamics_Equation-Sheets-1.pdf | https://mees.charlotte.edu/wp-content/uploads/sites/965/2026/03/Fluid-Mechanics-PhD-Qualifying-Exam-Syllabus-March-2026-combined.pdf | https://mees.charlotte.edu/wp-content/uploads/sites/965/2023/12/fluid-mechanics-sample-exam-1.pdf | https://mees.charlotte.edu/wp-content/uploads/sites/965/2023/12/fluid-mechanics-sample-exam-2.pdf | https://mees.charlotte.edu/wp-content/uploads/sites/965/2023/12/fluid-mechanics-sample-exam-3.pdf | https://mees.charlotte.edu/wp-content/uploads/sites/965/2024/09/Fluid-Mechanics-Qualifying-Examination_Sample-Exam-4.pdf | https://mees.charlotte.edu/wp-content/uploads/sites/965/2026/03/Heat-Transfer-PhD-Qualifying-Exam-Syllabus-excerpt-Spring-2026v5.pdf | https://mees.charlotte.edu/wp-content/uploads/sites/965/2023/12/fluids-heat-transfer-sample-2.pdf | https://mees.charlotte.edu/wp-content/uploads/sites/965/2024/09/Heat-Transfer_Qualifying-Exam_Sample-Exam-2.pdf | https://mees.charlotte.edu/wp-content/uploads/sites/965/2023/12/instrumentation-syllabus.pdf | https://mees.charlotte.edu/wp-content/uploads/sites/965/2023/12/instrumetation-sample-1.pdf | https://mees.charlotte.edu/wp-content/uploads/sites/965/2023/12/Manufacturing-Qualifier_Syllabus_2023-version.pdf | https://mees.charlotte.edu/wp-content/uploads/sites/965/2023/12/Manufacturing_Sample-Exam_1.pdf | https://mees.charlotte.edu/wp-content/uploads/sites/965/2026/01/Manufacturing_Sample-Exam-2.pdf | https://mees.charlotte.edu/wp-content/uploads/sites/965/2026/01/Manufacturing_Sample-Exam-3.pdf | https://mees.charlotte.edu/wp-content/uploads/sites/965/2023/12/machine-design-sample-082112.pdf | https://mees.charlotte.edu/wp-content/uploads/sites/965/2023/12/materials-science-syllabus-11062014.pdf | https://mees.charlotte.edu/wp-content/uploads/sites/965/2023/12/materials-sample-2.pdf | https://mees.charlotte.edu/wp-content/uploads/sites/965/2024/05/Q-Exam-Metrology-Syllabus-2023-rev-3.pdf | https://mees.charlotte.edu/wp-content/uploads/sites/965/2023/12/metrology-sample-2.pdf | https://mees.charlotte.edu/wp-content/uploads/sites/965/2024/09/for_website_-metrology-exam-all_combined.pdf,,https://mees.charlotte.edu/academic-programs/phd-mechanical-engineering/qualifying-exam/
Engineering,Microelectronics & VLSI,downloaded,https://mees.charlotte.edu/academic-programs/phd-mechanical-engineering/qualifying-exam/ | https://mees.charlotte.edu/wp-content/uploads/sites/965/2024/11/Instructions-to-complete-Qualifying-Exam-Report.pdf | https://mees.charlotte.edu/wp-content/uploads/sites/965/2023/12/Control-Qual_Syllabus_2023-version.pdf | https://mees.charlotte.edu/wp-content/uploads/sites/965/2023/12/sample-exam-controls-1.pdf | https://mees.charlotte.edu/wp-content/uploads/sites/965/2023/12/sample-exam-controls-2.pdf | https://mees.charlotte.edu/wp-content/uploads/sites/965/2026/02/Control_Sample-Exam-3.pdf | https://mees.charlotte.edu/wp-content/uploads/sites/965/2023/12/dynamics-syllabus-2016.pdf | https://mees.charlotte.edu/wp-content/uploads/sites/965/2023/12/dynamics-q-sample-2016.pdf | https://mees.charlotte.edu/wp-content/uploads/sites/965/2023/12/Dynamics_Fall-2022.pdf | https://mees.charlotte.edu/wp-content/uploads/sites/965/2023/12/Dynamics_Sample-Exam_3-1.pdf | https://mees.charlotte.edu/wp-content/uploads/sites/965/2023/12/Dynamics_Equation-Sheets-1.pdf | https://mees.charlotte.edu/wp-content/uploads/sites/965/2026/03/Fluid-Mechanics-PhD-Qualifying-Exam-Syllabus-March-2026-combined.pdf | https://mees.charlotte.edu/wp-content/uploads/sites/965/2023/12/fluid-mechanics-sample-exam-1.pdf | https://mees.charlotte.edu/wp-content/uploads/sites/965/2023/12/fluid-mechanics-sample-exam-2.pdf | https://mees.charlotte.edu/wp-content/uploads/sites/965/2023/12/fluid-mechanics-sample-exam-3.pdf | https://mees.charlotte.edu/wp-content/uploads/sites/965/2024/09/Fluid-Mechanics-Qualifying-Examination_Sample-Exam-4.pdf | https://mees.charlotte.edu/wp-content/uploads/sites/965/2026/03/Heat-Transfer-PhD-Qualifying-Exam-Syllabus-excerpt-Spring-2026v5.pdf | https://mees.charlotte.edu/wp-content/uploads/sites/965/2023/12/fluids-heat-transfer-sample-2.pdf | https://mees.charlotte.edu/wp-content/uploads/sites/965/2024/09/Heat-Transfer_Qualifying-Exam_Sample-Exam-2.pdf | https://mees.charlotte.edu/wp-content/uploads/sites/965/2023/12/instrumentation-syllabus.pdf | https://mees.charlotte.edu/wp-content/uploads/sites/965/2023/12/instrumetation-sample-1.pdf | https://mees.charlotte.edu/wp-content/uploads/sites/965/2023/12/Manufacturing-Qualifier_Syllabus_2023-version.pdf | https://mees.charlotte.edu/wp-content/uploads/sites/965/2023/12/Manufacturing_Sample-Exam_1.pdf | https://mees.charlotte.edu/wp-content/uploads/sites/965/2026/01/Manufacturing_Sample-Exam-2.pdf | https://mees.charlotte.edu/wp-content/uploads/sites/965/2026/01/Manufacturing_Sample-Exam-3.pdf | https://mees.charlotte.edu/wp-content/uploads/sites/965/2023/12/machine-design-sample-082112.pdf | https://mees.charlotte.edu/wp-content/uploads/sites/965/2023/12/materials-science-syllabus-11062014.pdf | https://mees.charlotte.edu/wp-content/uploads/sites/965/2023/12/materials-sample-2.pdf | https://mees.charlotte.edu/wp-content/uploads/sites/965/2024/05/Q-Exam-Metrology-Syllabus-2023-rev-3.pdf | https://mees.charlotte.edu/wp-content/uploads/sites/965/2023/12/metrology-sample-2.pdf | https://mees.charlotte.edu/wp-content/uploads/sites/965/2024/09/for_website_-metrology-exam-all_combined.pdf,,https://mees.charlotte.edu/academic-programs/phd-mechanical-engineering/qualifying-exam/
Engineering,Nuclear Engineering & Radiation Science,downloaded,https://nuclear.engr.utexas.edu/academics/graduate-program/ph-d-qualifying-exam,,https://nuclear.engr.utexas.edu/academics/graduate-program/ph-d-qualifying-exam
Engineering,Photonic & Optical Engineering,downloaded,https://mees.charlotte.edu/academic-programs/phd-mechanical-engineering/qualifying-exam/ | https://mees.charlotte.edu/wp-content/uploads/sites/965/2024/11/Instructions-to-complete-Qualifying-Exam-Report.pdf | https://mees.charlotte.edu/wp-content/uploads/sites/965/2023/12/Control-Qual_Syllabus_2023-version.pdf | https://mees.charlotte.edu/wp-content/uploads/sites/965/2023/12/sample-exam-controls-1.pdf | https://mees.charlotte.edu/wp-content/uploads/sites/965/2023/12/sample-exam-controls-2.pdf | https://mees.charlotte.edu/wp-content/uploads/sites/965/2026/02/Control_Sample-Exam-3.pdf | https://mees.charlotte.edu/wp-content/uploads/sites/965/2023/12/dynamics-syllabus-2016.pdf | https://mees.charlotte.edu/wp-content/uploads/sites/965/2023/12/dynamics-q-sample-2016.pdf | https://mees.charlotte.edu/wp-content/uploads/sites/965/2023/12/Dynamics_Fall-2022.pdf | https://mees.charlotte.edu/wp-content/uploads/sites/965/2023/12/Dynamics_Sample-Exam_3-1.pdf | https://mees.charlotte.edu/wp-content/uploads/sites/965/2023/12/Dynamics_Equation-Sheets-1.pdf | https://mees.charlotte.edu/wp-content/uploads/sites/965/2026/03/Fluid-Mechanics-PhD-Qualifying-Exam-Syllabus-March-2026-combined.pdf | https://mees.charlotte.edu/wp-content/uploads/sites/965/2023/12/fluid-mechanics-sample-exam-1.pdf | https://mees.charlotte.edu/wp-content/uploads/sites/965/2023/12/fluid-mechanics-sample-exam-2.pdf | https://mees.charlotte.edu/wp-content/uploads/sites/965/2023/12/fluid-mechanics-sample-exam-3.pdf | https://mees.charlotte.edu/wp-content/uploads/sites/965/2024/09/Fluid-Mechanics-Qualifying-Examination_Sample-Exam-4.pdf | https://mees.charlotte.edu/wp-content/uploads/sites/965/2026/03/Heat-Transfer-PhD-Qualifying-Exam-Syllabus-excerpt-Spring-2026v5.pdf | https://mees.charlotte.edu/wp-content/uploads/sites/965/2023/12/fluids-heat-transfer-sample-2.pdf | https://mees.charlotte.edu/wp-content/uploads/sites/965/2024/09/Heat-Transfer_Qualifying-Exam_Sample-Exam-2.pdf | https://mees.charlotte.edu/wp-content/uploads/sites/965/2023/12/instrumentation-syllabus.pdf | https://mees.charlotte.edu/wp-content/uploads/sites/965/2023/12/instrumetation-sample-1.pdf | https://mees.charlotte.edu/wp-content/uploads/sites/965/2023/12/Manufacturing-Qualifier_Syllabus_2023-version.pdf | https://mees.charlotte.edu/wp-content/uploads/sites/965/2023/12/Manufacturing_Sample-Exam_1.pdf | https://mees.charlotte.edu/wp-content/uploads/sites/965/2026/01/Manufacturing_Sample-Exam-2.pdf | https://mees.charlotte.edu/wp-content/uploads/sites/965/2026/01/Manufacturing_Sample-Exam-3.pdf | https://mees.charlotte.edu/wp-content/uploads/sites/965/2023/12/machine-design-sample-082112.pdf | https://mees.charlotte.edu/wp-content/uploads/sites/965/2023/12/materials-science-syllabus-11062014.pdf | https://mees.charlotte.edu/wp-content/uploads/sites/965/2023/12/materials-sample-2.pdf | https://mees.charlotte.edu/wp-content/uploads/sites/965/2024/05/Q-Exam-Metrology-Syllabus-2023-rev-3.pdf | https://mees.charlotte.edu/wp-content/uploads/sites/965/2023/12/metrology-sample-2.pdf | https://mees.charlotte.edu/wp-content/uploads/sites/965/2024/09/for_website_-metrology-exam-all_combined.pdf,,https://mees.charlotte.edu/academic-programs/phd-mechanical-engineering/qualifying-exam/
Engineering,Thermodynamics & Heat Transfer,downloaded,https://me.umbc.edu/files/2014/10/Mechanical-Engineering-PhD-Qualifying-Examination-Topics-List.pdf,,https://me.umbc.edu/files/2014/10/Mechanical-Engineering-PhD-Qualifying-Examination-Topics-List.pdf
Engineering,Transportation & Traffic Engineering,downloaded,https://mees.charlotte.edu/academic-programs/phd-mechanical-engineering/qualifying-exam/ | https://mees.charlotte.edu/wp-content/uploads/sites/965/2024/11/Instructions-to-complete-Qualifying-Exam-Report.pdf | https://mees.charlotte.edu/wp-content/uploads/sites/965/2023/12/Control-Qual_Syllabus_2023-version.pdf | https://mees.charlotte.edu/wp-content/uploads/sites/965/2023/12/sample-exam-controls-1.pdf | https://mees.charlotte.edu/wp-content/uploads/sites/965/2023/12/sample-exam-controls-2.pdf | https://mees.charlotte.edu/wp-content/uploads/sites/965/2026/02/Control_Sample-Exam-3.pdf | https://mees.charlotte.edu/wp-content/uploads/sites/965/2023/12/dynamics-syllabus-2016.pdf | https://mees.charlotte.edu/wp-content/uploads/sites/965/2023/12/dynamics-q-sample-2016.pdf | https://mees.charlotte.edu/wp-content/uploads/sites/965/2023/12/Dynamics_Fall-2022.pdf | https://mees.charlotte.edu/wp-content/uploads/sites/965/2023/12/Dynamics_Sample-Exam_3-1.pdf | https://mees.charlotte.edu/wp-content/uploads/sites/965/2023/12/Dynamics_Equation-Sheets-1.pdf | https://mees.charlotte.edu/wp-content/uploads/sites/965/2026/03/Fluid-Mechanics-PhD-Qualifying-Exam-Syllabus-March-2026-combined.pdf | https://mees.charlotte.edu/wp-content/uploads/sites/965/2023/12/fluid-mechanics-sample-exam-1.pdf | https://mees.charlotte.edu/wp-content/uploads/sites/965/2023/12/fluid-mechanics-sample-exam-2.pdf | https://mees.charlotte.edu/wp-content/uploads/sites/965/2023/12/fluid-mechanics-sample-exam-3.pdf | https://mees.charlotte.edu/wp-content/uploads/sites/965/2024/09/Fluid-Mechanics-Qualifying-Examination_Sample-Exam-4.pdf | https://mees.charlotte.edu/wp-content/uploads/sites/965/2026/03/Heat-Transfer-PhD-Qualifying-Exam-Syllabus-excerpt-Spring-2026v5.pdf | https://mees.charlotte.edu/wp-content/uploads/sites/965/2023/12/fluids-heat-transfer-sample-2.pdf | https://mees.charlotte.edu/wp-content/uploads/sites/965/2024/09/Heat-Transfer_Qualifying-Exam_Sample-Exam-2.pdf | https://mees.charlotte.edu/wp-content/uploads/sites/965/2023/12/instrumentation-syllabus.pdf | https://mees.charlotte.edu/wp-content/uploads/sites/965/2023/12/instrumetation-sample-1.pdf | https://mees.charlotte.edu/wp-content/uploads/sites/965/2023/12/Manufacturing-Qualifier_Syllabus_2023-version.pdf | https://mees.charlotte.edu/wp-content/uploads/sites/965/2023/12/Manufacturing_Sample-Exam_1.pdf | https://mees.charlotte.edu/wp-content/uploads/sites/965/2026/01/Manufacturing_Sample-Exam-2.pdf | https://mees.charlotte.edu/wp-content/uploads/sites/965/2026/01/Manufacturing_Sample-Exam-3.pdf | https://mees.charlotte.edu/wp-content/uploads/sites/965/2023/12/machine-design-sample-082112.pdf | https://mees.charlotte.edu/wp-content/uploads/sites/965/2023/12/materials-science-syllabus-11062014.pdf | https://mees.charlotte.edu/wp-content/uploads/sites/965/2023/12/materials-sample-2.pdf | https://mees.charlotte.edu/wp-content/uploads/sites/965/2024/05/Q-Exam-Metrology-Syllabus-2023-rev-3.pdf | https://mees.charlotte.edu/wp-content/uploads/sites/965/2023/12/metrology-sample-2.pdf | https://mees.charlotte.edu/wp-content/uploads/sites/965/2024/09/for_website_-metrology-exam-all_combined.pdf,,https://mees.charlotte.edu/academic-programs/phd-mechanical-engineering/qualifying-exam/
Energy & Sustainability,Carbon Capture & Utilization,downloaded,https://www.me.utexas.edu/academics/graduate-program/qualifying-exams | https://www.me.utexas.edu/images/pdfs/qualifying-exams/M-D-QE-evaluation-form_11-12-25.pdf | https://www.me.utexas.edu/images/academics/TFS-QE-request-form_9-1-25.pdf | https://www.me.utexas.edu/images/academics/TFS-QE-evaluation_9-1-25.pdf | https://www.me.utexas.edu/images/academics/TFS-QE-committee_9-1-25.pdf | https://www.me.utexas.edu/images/academics/TFS-example-questions_9-1-25.pdf,,https://www.me.utexas.edu/academics/graduate-program/qualifying-exams
Energy & Sustainability,Energy Storage & Battery Science,downloaded,https://www.me.utexas.edu/academics/graduate-program/qualifying-exams | https://www.me.utexas.edu/images/pdfs/qualifying-exams/M-D-QE-evaluation-form_11-12-25.pdf | https://www.me.utexas.edu/images/academics/TFS-QE-request-form_9-1-25.pdf | https://www.me.utexas.edu/images/academics/TFS-QE-evaluation_9-1-25.pdf | https://www.me.utexas.edu/images/academics/TFS-QE-committee_9-1-25.pdf | https://www.me.utexas.edu/images/academics/TFS-example-questions_9-1-25.pdf,,https://www.me.utexas.edu/academics/graduate-program/qualifying-exams
Energy & Sustainability,Hydrogen & Fuel Cell Technology,downloaded,https://www.me.utexas.edu/academics/graduate-program/qualifying-exams | https://www.me.utexas.edu/images/pdfs/qualifying-exams/M-D-QE-evaluation-form_11-12-25.pdf | https://www.me.utexas.edu/images/academics/TFS-QE-request-form_9-1-25.pdf | https://www.me.utexas.edu/images/academics/TFS-QE-evaluation_9-1-25.pdf | https://www.me.utexas.edu/images/academics/TFS-QE-committee_9-1-25.pdf | https://www.me.utexas.edu/images/academics/TFS-example-questions_9-1-25.pdf,,https://www.me.utexas.edu/academics/graduate-program/qualifying-exams
Energy & Sustainability,Life Cycle Assessment & Sustainability Metrics,downloaded,https://www.me.utexas.edu/academics/graduate-program/qualifying-exams | https://www.me.utexas.edu/images/pdfs/qualifying-exams/M-D-QE-evaluation-form_11-12-25.pdf | https://www.me.utexas.edu/images/academics/TFS-QE-request-form_9-1-25.pdf | https://www.me.utexas.edu/images/academics/TFS-QE-evaluation_9-1-25.pdf | https://www.me.utexas.edu/images/academics/TFS-QE-committee_9-1-25.pdf | https://www.me.utexas.edu/images/academics/TFS-example-questions_9-1-25.pdf,,https://www.me.utexas.edu/academics/graduate-program/qualifying-exams
Energy & Sustainability,Nuclear Fission & Fusion Energy,downloaded,https://www.me.utexas.edu/academics/graduate-program/qualifying-exams | https://www.me.utexas.edu/images/pdfs/qualifying-exams/M-D-QE-evaluation-form_11-12-25.pdf | https://www.me.utexas.edu/images/academics/TFS-QE-request-form_9-1-25.pdf | https://www.me.utexas.edu/images/academics/TFS-QE-evaluation_9-1-25.pdf | https://www.me.utexas.edu/images/academics/TFS-QE-committee_9-1-25.pdf | https://www.me.utexas.edu/images/academics/TFS-example-questions_9-1-25.pdf,,https://www.me.utexas.edu/academics/graduate-program/qualifying-exams
Energy & Sustainability,Smart Grids & Power Electronics,downloaded,https://www.me.utexas.edu/academics/graduate-program/qualifying-exams | https://www.me.utexas.edu/images/pdfs/qualifying-exams/M-D-QE-evaluation-form_11-12-25.pdf | https://www.me.utexas.edu/images/academics/TFS-QE-request-form_9-1-25.pdf | https://www.me.utexas.edu/images/academics/TFS-QE-evaluation_9-1-25.pdf | https://www.me.utexas.edu/images/academics/TFS-QE-committee_9-1-25.pdf | https://www.me.utexas.edu/images/academics/TFS-example-questions_9-1-25.pdf,,https://www.me.utexas.edu/academics/graduate-program/qualifying-exams
Energy & Sustainability,Solar & Renewable Energy Systems,downloaded,https://www.me.utexas.edu/academics/graduate-program/qualifying-exams | https://www.me.utexas.edu/images/pdfs/qualifying-exams/M-D-QE-evaluation-form_11-12-25.pdf | https://www.me.utexas.edu/images/academics/TFS-QE-request-form_9-1-25.pdf | https://www.me.utexas.edu/images/academics/TFS-QE-evaluation_9-1-25.pdf | https://www.me.utexas.edu/images/academics/TFS-QE-committee_9-1-25.pdf | https://www.me.utexas.edu/images/academics/TFS-example-questions_9-1-25.pdf,,https://www.me.utexas.edu/academics/graduate-program/qualifying-exams
Energy & Sustainability,Sustainable Buildings & Urban Systems,downloaded,https://www.me.utexas.edu/academics/graduate-program/qualifying-exams | https://www.me.utexas.edu/images/pdfs/qualifying-exams/M-D-QE-evaluation-form_11-12-25.pdf | https://www.me.utexas.edu/images/academics/TFS-QE-request-form_9-1-25.pdf | https://www.me.utexas.edu/images/academics/TFS-QE-evaluation_9-1-25.pdf | https://www.me.utexas.edu/images/academics/TFS-QE-committee_9-1-25.pdf | https://www.me.utexas.edu/images/academics/TFS-example-questions_9-1-25.pdf,,https://www.me.utexas.edu/academics/graduate-program/qualifying-exams
Energy & Sustainability,Wind Energy Engineering,downloaded,https://www.me.utexas.edu/academics/graduate-program/qualifying-exams | https://www.me.utexas.edu/images/pdfs/qualifying-exams/M-D-QE-evaluation-form_11-12-25.pdf | https://www.me.utexas.edu/images/academics/TFS-QE-request-form_9-1-25.pdf | https://www.me.utexas.edu/images/academics/TFS-QE-evaluation_9-1-25.pdf | https://www.me.utexas.edu/images/academics/TFS-QE-committee_9-1-25.pdf | https://www.me.utexas.edu/images/academics/TFS-example-questions_9-1-25.pdf,,https://www.me.utexas.edu/academics/graduate-program/qualifying-exams
Genomics & Systems Biology,Cancer Genomics & Precision Oncology,downloaded,https://biomed.emory.edu/PROGRAM_SITES/GMB/resources/past-written-qualifying-exams.html | https://biomed.emory.edu/PROGRAM_SITES/GMB/_includes/documents/sections/admissions/gmb-program-brochure.pdf | https://biomed.emory.edu/PROGRAM_SITES/GMB/_includes/documents/sections/resources/adjusting-to-atlanta.pdf | https://biomed.emory.edu/_includes/documents/students/wellness-and-support-resources.pdf | https://biomed.emory.edu/PROGRAM_SITES/GMB/_includes/documents/sections/resources/gmb-2016-written-qualifying-exam.pdf | https://biomed.emory.edu/PROGRAM_SITES/GMB/_includes/documents/sections/resources/gmb-2017-written-qualifying-exam.pdf | https://biomed.emory.edu/PROGRAM_SITES/GMB/_includes/documents/sections/resources/gmb-2018-written-qualifying-exam.pdf | https://biomed.emory.edu/PROGRAM_SITES/GMB/_includes/documents/sections/resources/gmb-2019-written-qualifying-exam.pdf | https://biomed.emory.edu/PROGRAM_SITES/GMB/_includes/documents/sections/resources/gmb-2020-written-qualifying-exam.pdf | https://biomed.emory.edu/PROGRAM_SITES/GMB/_includes/documents/sections/resources/gmb-2021-written-qualifying-exam.pdf | https://biomed.emory.edu/_includes/documents/site-wide/gdbbs-program-directory.pdf | https://staging.web.emory.edu/gdbbs-internal/documents/wellness-support-resources.pdf,,https://biomed.emory.edu/PROGRAM_SITES/GMB/resources/past-written-qualifying-exams.html
Genomics & Systems Biology,Comparative & Evolutionary Genomics,downloaded,https://biomed.emory.edu/PROGRAM_SITES/GMB/resources/past-written-qualifying-exams.html | https://biomed.emory.edu/PROGRAM_SITES/GMB/_includes/documents/sections/admissions/gmb-program-brochure.pdf | https://biomed.emory.edu/PROGRAM_SITES/GMB/_includes/documents/sections/resources/adjusting-to-atlanta.pdf | https://biomed.emory.edu/_includes/documents/students/wellness-and-support-resources.pdf | https://biomed.emory.edu/PROGRAM_SITES/GMB/_includes/documents/sections/resources/gmb-2016-written-qualifying-exam.pdf | https://biomed.emory.edu/PROGRAM_SITES/GMB/_includes/documents/sections/resources/gmb-2017-written-qualifying-exam.pdf | https://biomed.emory.edu/PROGRAM_SITES/GMB/_includes/documents/sections/resources/gmb-2018-written-qualifying-exam.pdf | https://biomed.emory.edu/PROGRAM_SITES/GMB/_includes/documents/sections/resources/gmb-2019-written-qualifying-exam.pdf | https://biomed.emory.edu/PROGRAM_SITES/GMB/_includes/documents/sections/resources/gmb-2020-written-qualifying-exam.pdf | https://biomed.emory.edu/PROGRAM_SITES/GMB/_includes/documents/sections/resources/gmb-2021-written-qualifying-exam.pdf | https://biomed.emory.edu/_includes/documents/site-wide/gdbbs-program-directory.pdf | https://staging.web.emory.edu/gdbbs-internal/documents/wellness-support-resources.pdf,,https://biomed.emory.edu/PROGRAM_SITES/GMB/resources/past-written-qualifying-exams.html
Genomics & Systems Biology,Computational Genomics,downloaded,https://biomed.emory.edu/PROGRAM_SITES/GMB/resources/past-written-qualifying-exams.html | https://biomed.emory.edu/PROGRAM_SITES/GMB/_includes/documents/sections/admissions/gmb-program-brochure.pdf | https://biomed.emory.edu/PROGRAM_SITES/GMB/_includes/documents/sections/resources/adjusting-to-atlanta.pdf | https://biomed.emory.edu/_includes/documents/students/wellness-and-support-resources.pdf | https://biomed.emory.edu/PROGRAM_SITES/GMB/_includes/documents/sections/resources/gmb-2016-written-qualifying-exam.pdf | https://biomed.emory.edu/PROGRAM_SITES/GMB/_includes/documents/sections/resources/gmb-2017-written-qualifying-exam.pdf | https://biomed.emory.edu/PROGRAM_SITES/GMB/_includes/documents/sections/resources/gmb-2018-written-qualifying-exam.pdf | https://biomed.emory.edu/PROGRAM_SITES/GMB/_includes/documents/sections/resources/gmb-2019-written-qualifying-exam.pdf | https://biomed.emory.edu/PROGRAM_SITES/GMB/_includes/documents/sections/resources/gmb-2020-written-qualifying-exam.pdf | https://biomed.emory.edu/PROGRAM_SITES/GMB/_includes/documents/sections/resources/gmb-2021-written-qualifying-exam.pdf | https://biomed.emory.edu/_includes/documents/site-wide/gdbbs-program-directory.pdf | https://staging.web.emory.edu/gdbbs-internal/documents/wellness-support-resources.pdf,,https://biomed.emory.edu/PROGRAM_SITES/GMB/resources/past-written-qualifying-exams.html
Genomics & Systems Biology,Epigenomics,downloaded,https://biomed.emory.edu/PROGRAM_SITES/GMB/resources/past-written-qualifying-exams.html | https://biomed.emory.edu/PROGRAM_SITES/GMB/_includes/documents/sections/admissions/gmb-program-brochure.pdf | https://biomed.emory.edu/PROGRAM_SITES/GMB/_includes/documents/sections/resources/adjusting-to-atlanta.pdf | https://biomed.emory.edu/_includes/documents/students/wellness-and-support-resources.pdf | https://biomed.emory.edu/PROGRAM_SITES/GMB/_includes/documents/sections/resources/gmb-2016-written-qualifying-exam.pdf | https://biomed.emory.edu/PROGRAM_SITES/GMB/_includes/documents/sections/resources/gmb-2017-written-qualifying-exam.pdf | https://biomed.emory.edu/PROGRAM_SITES/GMB/_includes/documents/sections/resources/gmb-2018-written-qualifying-exam.pdf | https://biomed.emory.edu/PROGRAM_SITES/GMB/_includes/documents/sections/resources/gmb-2019-written-qualifying-exam.pdf | https://biomed.emory.edu/PROGRAM_SITES/GMB/_includes/documents/sections/resources/gmb-2020-written-qualifying-exam.pdf | https://biomed.emory.edu/PROGRAM_SITES/GMB/_includes/documents/sections/resources/gmb-2021-written-qualifying-exam.pdf | https://biomed.emory.edu/_includes/documents/site-wide/gdbbs-program-directory.pdf | https://staging.web.emory.edu/gdbbs-internal/documents/wellness-support-resources.pdf,,https://biomed.emory.edu/PROGRAM_SITES/GMB/resources/past-written-qualifying-exams.html
Genomics & Systems Biology,Functional Genomics (CRISPR screens),downloaded,https://biomed.emory.edu/PROGRAM_SITES/GMB/resources/past-written-qualifying-exams.html | https://biomed.emory.edu/PROGRAM_SITES/GMB/_includes/documents/sections/admissions/gmb-program-brochure.pdf | https://biomed.emory.edu/PROGRAM_SITES/GMB/_includes/documents/sections/resources/adjusting-to-atlanta.pdf | https://biomed.emory.edu/_includes/documents/students/wellness-and-support-resources.pdf | https://biomed.emory.edu/PROGRAM_SITES/GMB/_includes/documents/sections/resources/gmb-2016-written-qualifying-exam.pdf | https://biomed.emory.edu/PROGRAM_SITES/GMB/_includes/documents/sections/resources/gmb-2017-written-qualifying-exam.pdf | https://biomed.emory.edu/PROGRAM_SITES/GMB/_includes/documents/sections/resources/gmb-2018-written-qualifying-exam.pdf | https://biomed.emory.edu/PROGRAM_SITES/GMB/_includes/documents/sections/resources/gmb-2019-written-qualifying-exam.pdf | https://biomed.emory.edu/PROGRAM_SITES/GMB/_includes/documents/sections/resources/gmb-2020-written-qualifying-exam.pdf | https://biomed.emory.edu/PROGRAM_SITES/GMB/_includes/documents/sections/resources/gmb-2021-written-qualifying-exam.pdf | https://biomed.emory.edu/_includes/documents/site-wide/gdbbs-program-directory.pdf | https://staging.web.emory.edu/gdbbs-internal/documents/wellness-support-resources.pdf,,https://biomed.emory.edu/PROGRAM_SITES/GMB/resources/past-written-qualifying-exams.html
Genomics & Systems Biology,Genome Assembly & Sequencing,downloaded,https://biomed.emory.edu/PROGRAM_SITES/GMB/resources/past-written-qualifying-exams.html | https://biomed.emory.edu/PROGRAM_SITES/GMB/_includes/documents/sections/admissions/gmb-program-brochure.pdf | https://biomed.emory.edu/PROGRAM_SITES/GMB/_includes/documents/sections/resources/adjusting-to-atlanta.pdf | https://biomed.emory.edu/_includes/documents/students/wellness-and-support-resources.pdf | https://biomed.emory.edu/PROGRAM_SITES/GMB/_includes/documents/sections/resources/gmb-2016-written-qualifying-exam.pdf | https://biomed.emory.edu/PROGRAM_SITES/GMB/_includes/documents/sections/resources/gmb-2017-written-qualifying-exam.pdf | https://biomed.emory.edu/PROGRAM_SITES/GMB/_includes/documents/sections/resources/gmb-2018-written-qualifying-exam.pdf | https://biomed.emory.edu/PROGRAM_SITES/GMB/_includes/documents/sections/resources/gmb-2019-written-qualifying-exam.pdf | https://biomed.emory.edu/PROGRAM_SITES/GMB/_includes/documents/sections/resources/gmb-2020-written-qualifying-exam.pdf | https://biomed.emory.edu/PROGRAM_SITES/GMB/_includes/documents/sections/resources/gmb-2021-written-qualifying-exam.pdf | https://biomed.emory.edu/_includes/documents/site-wide/gdbbs-program-directory.pdf | https://staging.web.emory.edu/gdbbs-internal/documents/wellness-support-resources.pdf,,https://biomed.emory.edu/PROGRAM_SITES/GMB/resources/past-written-qualifying-exams.html
Genomics & Systems Biology,Genome Editing & CRISPR Biology,downloaded,https://biomed.emory.edu/PROGRAM_SITES/GMB/resources/past-written-qualifying-exams.html | https://biomed.emory.edu/PROGRAM_SITES/GMB/_includes/documents/sections/admissions/gmb-program-brochure.pdf | https://biomed.emory.edu/PROGRAM_SITES/GMB/_includes/documents/sections/resources/adjusting-to-atlanta.pdf | https://biomed.emory.edu/_includes/documents/students/wellness-and-support-resources.pdf | https://biomed.emory.edu/PROGRAM_SITES/GMB/_includes/documents/sections/resources/gmb-2016-written-qualifying-exam.pdf | https://biomed.emory.edu/PROGRAM_SITES/GMB/_includes/documents/sections/resources/gmb-2017-written-qualifying-exam.pdf | https://biomed.emory.edu/PROGRAM_SITES/GMB/_includes/documents/sections/resources/gmb-2018-written-qualifying-exam.pdf | https://biomed.emory.edu/PROGRAM_SITES/GMB/_includes/documents/sections/resources/gmb-2019-written-qualifying-exam.pdf | https://biomed.emory.edu/PROGRAM_SITES/GMB/_includes/documents/sections/resources/gmb-2020-written-qualifying-exam.pdf | https://biomed.emory.edu/PROGRAM_SITES/GMB/_includes/documents/sections/resources/gmb-2021-written-qualifying-exam.pdf | https://biomed.emory.edu/_includes/documents/site-wide/gdbbs-program-directory.pdf | https://staging.web.emory.edu/gdbbs-internal/documents/wellness-support-resources.pdf,,https://biomed.emory.edu/PROGRAM_SITES/GMB/resources/past-written-qualifying-exams.html
Genomics & Systems Biology,Metabolomics,downloaded,https://biomed.emory.edu/PROGRAM_SITES/GMB/resources/past-written-qualifying-exams.html | https://biomed.emory.edu/PROGRAM_SITES/GMB/_includes/documents/sections/admissions/gmb-program-brochure.pdf | https://biomed.emory.edu/PROGRAM_SITES/GMB/_includes/documents/sections/resources/adjusting-to-atlanta.pdf | https://biomed.emory.edu/_includes/documents/students/wellness-and-support-resources.pdf | https://biomed.emory.edu/PROGRAM_SITES/GMB/_includes/documents/sections/resources/gmb-2016-written-qualifying-exam.pdf | https://biomed.emory.edu/PROGRAM_SITES/GMB/_includes/documents/sections/resources/gmb-2017-written-qualifying-exam.pdf | https://biomed.emory.edu/PROGRAM_SITES/GMB/_includes/documents/sections/resources/gmb-2018-written-qualifying-exam.pdf | https://biomed.emory.edu/PROGRAM_SITES/GMB/_includes/documents/sections/resources/gmb-2019-written-qualifying-exam.pdf | https://biomed.emory.edu/PROGRAM_SITES/GMB/_includes/documents/sections/resources/gmb-2020-written-qualifying-exam.pdf | https://biomed.emory.edu/PROGRAM_SITES/GMB/_includes/documents/sections/resources/gmb-2021-written-qualifying-exam.pdf | https://biomed.emory.edu/_includes/documents/site-wide/gdbbs-program-directory.pdf | https://staging.web.emory.edu/gdbbs-internal/documents/wellness-support-resources.pdf,,https://biomed.emory.edu/PROGRAM_SITES/GMB/resources/past-written-qualifying-exams.html
Genomics & Systems Biology,Metagenomics & Microbiome Science,downloaded,https://biomed.emory.edu/PROGRAM_SITES/GMB/resources/past-written-qualifying-exams.html | https://biomed.emory.edu/PROGRAM_SITES/GMB/_includes/documents/sections/admissions/gmb-program-brochure.pdf | https://biomed.emory.edu/PROGRAM_SITES/GMB/_includes/documents/sections/resources/adjusting-to-atlanta.pdf | https://biomed.emory.edu/_includes/documents/students/wellness-and-support-resources.pdf | https://biomed.emory.edu/PROGRAM_SITES/GMB/_includes/documents/sections/resources/gmb-2016-written-qualifying-exam.pdf | https://biomed.emory.edu/PROGRAM_SITES/GMB/_includes/documents/sections/resources/gmb-2017-written-qualifying-exam.pdf | https://biomed.emory.edu/PROGRAM_SITES/GMB/_includes/documents/sections/resources/gmb-2018-written-qualifying-exam.pdf | https://biomed.emory.edu/PROGRAM_SITES/GMB/_includes/documents/sections/resources/gmb-2019-written-qualifying-exam.pdf | https://biomed.emory.edu/PROGRAM_SITES/GMB/_includes/documents/sections/resources/gmb-2020-written-qualifying-exam.pdf | https://biomed.emory.edu/PROGRAM_SITES/GMB/_includes/documents/sections/resources/gmb-2021-written-qualifying-exam.pdf | https://biomed.emory.edu/_includes/documents/site-wide/gdbbs-program-directory.pdf | https://staging.web.emory.edu/gdbbs-internal/documents/wellness-support-resources.pdf,,https://biomed.emory.edu/PROGRAM_SITES/GMB/resources/past-written-qualifying-exams.html
Genomics & Systems Biology,Phylogenetics & Molecular Evolution,downloaded,https://biomed.emory.edu/PROGRAM_SITES/GMB/resources/past-written-qualifying-exams.html | https://biomed.emory.edu/PROGRAM_SITES/GMB/_includes/documents/sections/admissions/gmb-program-brochure.pdf | https://biomed.emory.edu/PROGRAM_SITES/GMB/_includes/documents/sections/resources/adjusting-to-atlanta.pdf | https://biomed.emory.edu/_includes/documents/students/wellness-and-support-resources.pdf | https://biomed.emory.edu/PROGRAM_SITES/GMB/_includes/documents/sections/resources/gmb-2016-written-qualifying-exam.pdf | https://biomed.emory.edu/PROGRAM_SITES/GMB/_includes/documents/sections/resources/gmb-2017-written-qualifying-exam.pdf | https://biomed.emory.edu/PROGRAM_SITES/GMB/_includes/documents/sections/resources/gmb-2018-written-qualifying-exam.pdf | https://biomed.emory.edu/PROGRAM_SITES/GMB/_includes/documents/sections/resources/gmb-2019-written-qualifying-exam.pdf | https://biomed.emory.edu/PROGRAM_SITES/GMB/_includes/documents/sections/resources/gmb-2020-written-qualifying-exam.pdf | https://biomed.emory.edu/PROGRAM_SITES/GMB/_includes/documents/sections/resources/gmb-2021-written-qualifying-exam.pdf | https://biomed.emory.edu/_includes/documents/site-wide/gdbbs-program-directory.pdf | https://staging.web.emory.edu/gdbbs-internal/documents/wellness-support-resources.pdf,,https://biomed.emory.edu/PROGRAM_SITES/GMB/resources/past-written-qualifying-exams.html
Genomics & Systems Biology,Population Genetics & Genomics,downloaded,https://biomed.emory.edu/PROGRAM_SITES/GMB/resources/past-written-qualifying-exams.html | https://biomed.emory.edu/PROGRAM_SITES/GMB/_includes/documents/sections/admissions/gmb-program-brochure.pdf | https://biomed.emory.edu/PROGRAM_SITES/GMB/_includes/documents/sections/resources/adjusting-to-atlanta.pdf | https://biomed.emory.edu/_includes/documents/students/wellness-and-support-resources.pdf | https://biomed.emory.edu/PROGRAM_SITES/GMB/_includes/documents/sections/resources/gmb-2016-written-qualifying-exam.pdf | https://biomed.emory.edu/PROGRAM_SITES/GMB/_includes/documents/sections/resources/gmb-2017-written-qualifying-exam.pdf | https://biomed.emory.edu/PROGRAM_SITES/GMB/_includes/documents/sections/resources/gmb-2018-written-qualifying-exam.pdf | https://biomed.emory.edu/PROGRAM_SITES/GMB/_includes/documents/sections/resources/gmb-2019-written-qualifying-exam.pdf | https://biomed.emory.edu/PROGRAM_SITES/GMB/_includes/documents/sections/resources/gmb-2020-written-qualifying-exam.pdf | https://biomed.emory.edu/PROGRAM_SITES/GMB/_includes/documents/sections/resources/gmb-2021-written-qualifying-exam.pdf | https://biomed.emory.edu/_includes/documents/site-wide/gdbbs-program-directory.pdf | https://staging.web.emory.edu/gdbbs-internal/documents/wellness-support-resources.pdf,,https://biomed.emory.edu/PROGRAM_SITES/GMB/resources/past-written-qualifying-exams.html
Genomics & Systems Biology,Proteomics & Mass-Spec Analysis,downloaded,https://biomed.emory.edu/PROGRAM_SITES/GMB/resources/past-written-qualifying-exams.html | https://biomed.emory.edu/PROGRAM_SITES/GMB/_includes/documents/sections/admissions/gmb-program-brochure.pdf | https://biomed.emory.edu/PROGRAM_SITES/GMB/_includes/documents/sections/resources/adjusting-to-atlanta.pdf | https://biomed.emory.edu/_includes/documents/students/wellness-and-support-resources.pdf | https://biomed.emory.edu/PROGRAM_SITES/GMB/_includes/documents/sections/resources/gmb-2016-written-qualifying-exam.pdf | https://biomed.emory.edu/PROGRAM_SITES/GMB/_includes/documents/sections/resources/gmb-2017-written-qualifying-exam.pdf | https://biomed.emory.edu/PROGRAM_SITES/GMB/_includes/documents/sections/resources/gmb-2018-written-qualifying-exam.pdf | https://biomed.emory.edu/PROGRAM_SITES/GMB/_includes/documents/sections/resources/gmb-2019-written-qualifying-exam.pdf | https://biomed.emory.edu/PROGRAM_SITES/GMB/_includes/documents/sections/resources/gmb-2020-written-qualifying-exam.pdf | https://biomed.emory.edu/PROGRAM_SITES/GMB/_includes/documents/sections/resources/gmb-2021-written-qualifying-exam.pdf | https://biomed.emory.edu/_includes/documents/site-wide/gdbbs-program-directory.pdf | https://staging.web.emory.edu/gdbbs-internal/documents/wellness-support-resources.pdf,,https://biomed.emory.edu/PROGRAM_SITES/GMB/resources/past-written-qualifying-exams.html
Genomics & Systems Biology,Single-Cell & Spatial Omics,downloaded,https://biomed.emory.edu/PROGRAM_SITES/GMB/resources/past-written-qualifying-exams.html | https://biomed.emory.edu/PROGRAM_SITES/GMB/_includes/documents/sections/admissions/gmb-program-brochure.pdf | https://biomed.emory.edu/PROGRAM_SITES/GMB/_includes/documents/sections/resources/adjusting-to-atlanta.pdf | https://biomed.emory.edu/_includes/documents/students/wellness-and-support-resources.pdf | https://biomed.emory.edu/PROGRAM_SITES/GMB/_includes/documents/sections/resources/gmb-2016-written-qualifying-exam.pdf | https://biomed.emory.edu/PROGRAM_SITES/GMB/_includes/documents/sections/resources/gmb-2017-written-qualifying-exam.pdf | https://biomed.emory.edu/PROGRAM_SITES/GMB/_includes/documents/sections/resources/gmb-2018-written-qualifying-exam.pdf | https://biomed.emory.edu/PROGRAM_SITES/GMB/_includes/documents/sections/resources/gmb-2019-written-qualifying-exam.pdf | https://biomed.emory.edu/PROGRAM_SITES/GMB/_includes/documents/sections/resources/gmb-2020-written-qualifying-exam.pdf | https://biomed.emory.edu/PROGRAM_SITES/GMB/_includes/documents/sections/resources/gmb-2021-written-qualifying-exam.pdf | https://biomed.emory.edu/_includes/documents/site-wide/gdbbs-program-directory.pdf | https://staging.web.emory.edu/gdbbs-internal/documents/wellness-support-resources.pdf,,https://biomed.emory.edu/PROGRAM_SITES/GMB/resources/past-written-qualifying-exams.html
Genomics & Systems Biology,Systems Biology & Network Modeling,downloaded,https://biomed.emory.edu/PROGRAM_SITES/GMB/resources/past-written-qualifying-exams.html | https://biomed.emory.edu/PROGRAM_SITES/GMB/_includes/documents/sections/admissions/gmb-program-brochure.pdf | https://biomed.emory.edu/PROGRAM_SITES/GMB/_includes/documents/sections/resources/adjusting-to-atlanta.pdf | https://biomed.emory.edu/_includes/documents/students/wellness-and-support-resources.pdf | https://biomed.emory.edu/PROGRAM_SITES/GMB/_includes/documents/sections/resources/gmb-2016-written-qualifying-exam.pdf | https://biomed.emory.edu/PROGRAM_SITES/GMB/_includes/documents/sections/resources/gmb-2017-written-qualifying-exam.pdf | https://biomed.emory.edu/PROGRAM_SITES/GMB/_includes/documents/sections/resources/gmb-2018-written-qualifying-exam.pdf | https://biomed.emory.edu/PROGRAM_SITES/GMB/_includes/documents/sections/resources/gmb-2019-written-qualifying-exam.pdf | https://biomed.emory.edu/PROGRAM_SITES/GMB/_includes/documents/sections/resources/gmb-2020-written-qualifying-exam.pdf | https://biomed.emory.edu/PROGRAM_SITES/GMB/_includes/documents/sections/resources/gmb-2021-written-qualifying-exam.pdf | https://biomed.emory.edu/_includes/documents/site-wide/gdbbs-program-directory.pdf | https://staging.web.emory.edu/gdbbs-internal/documents/wellness-support-resources.pdf,,https://biomed.emory.edu/PROGRAM_SITES/GMB/resources/past-written-qualifying-exams.html
Genomics & Systems Biology,Transcriptomics & Expression Analysis,downloaded,https://biomed.emory.edu/PROGRAM_SITES/GMB/resources/past-written-qualifying-exams.html | https://biomed.emory.edu/PROGRAM_SITES/GMB/_includes/documents/sections/admissions/gmb-program-brochure.pdf | https://biomed.emory.edu/PROGRAM_SITES/GMB/_includes/documents/sections/resources/adjusting-to-atlanta.pdf | https://biomed.emory.edu/_includes/documents/students/wellness-and-support-resources.pdf | https://biomed.emory.edu/PROGRAM_SITES/GMB/_includes/documents/sections/resources/gmb-2016-written-qualifying-exam.pdf | https://biomed.emory.edu/PROGRAM_SITES/GMB/_includes/documents/sections/resources/gmb-2017-written-qualifying-exam.pdf | https://biomed.emory.edu/PROGRAM_SITES/GMB/_includes/documents/sections/resources/gmb-2018-written-qualifying-exam.pdf | https://biomed.emory.edu/PROGRAM_SITES/GMB/_includes/documents/sections/resources/gmb-2019-written-qualifying-exam.pdf | https://biomed.emory.edu/PROGRAM_SITES/GMB/_includes/documents/sections/resources/gmb-2020-written-qualifying-exam.pdf | https://biomed.emory.edu/PROGRAM_SITES/GMB/_includes/documents/sections/resources/gmb-2021-written-qualifying-exam.pdf | https://biomed.emory.edu/_includes/documents/site-wide/gdbbs-program-directory.pdf | https://staging.web.emory.edu/gdbbs-internal/documents/wellness-support-resources.pdf,,https://biomed.emory.edu/PROGRAM_SITES/GMB/resources/past-written-qualifying-exams.html
Molecular & Cellular Biology,Biochemistry & Enzymology,downloaded,https://biomed.emory.edu/PROGRAM_SITES/GMB/resources/past-written-qualifying-exams.html | https://biomed.emory.edu/PROGRAM_SITES/GMB/_includes/documents/sections/admissions/gmb-program-brochure.pdf | https://biomed.emory.edu/PROGRAM_SITES/GMB/_includes/documents/sections/resources/adjusting-to-atlanta.pdf | https://biomed.emory.edu/_includes/documents/students/wellness-and-support-resources.pdf | https://biomed.emory.edu/PROGRAM_SITES/GMB/_includes/documents/sections/resources/gmb-2016-written-qualifying-exam.pdf | https://biomed.emory.edu/PROGRAM_SITES/GMB/_includes/documents/sections/resources/gmb-2017-written-qualifying-exam.pdf | https://biomed.emory.edu/PROGRAM_SITES/GMB/_includes/documents/sections/resources/gmb-2018-written-qualifying-exam.pdf | https://biomed.emory.edu/PROGRAM_SITES/GMB/_includes/documents/sections/resources/gmb-2019-written-qualifying-exam.pdf | https://biomed.emory.edu/PROGRAM_SITES/GMB/_includes/documents/sections/resources/gmb-2020-written-qualifying-exam.pdf | https://biomed.emory.edu/PROGRAM_SITES/GMB/_includes/documents/sections/resources/gmb-2021-written-qualifying-exam.pdf | https://biomed.emory.edu/_includes/documents/site-wide/gdbbs-program-directory.pdf | https://staging.web.emory.edu/gdbbs-internal/documents/wellness-support-resources.pdf,,https://biomed.emory.edu/PROGRAM_SITES/GMB/resources/past-written-qualifying-exams.html
Molecular & Cellular Biology,Cell Biology & Signaling,downloaded,https://biomed.emory.edu/PROGRAM_SITES/GMB/resources/past-written-qualifying-exams.html | https://biomed.emory.edu/PROGRAM_SITES/GMB/_includes/documents/sections/admissions/gmb-program-brochure.pdf | https://biomed.emory.edu/PROGRAM_SITES/GMB/_includes/documents/sections/resources/adjusting-to-atlanta.pdf | https://biomed.emory.edu/_includes/documents/students/wellness-and-support-resources.pdf | https://biomed.emory.edu/PROGRAM_SITES/GMB/_includes/documents/sections/resources/gmb-2016-written-qualifying-exam.pdf | https://biomed.emory.edu/PROGRAM_SITES/GMB/_includes/documents/sections/resources/gmb-2017-written-qualifying-exam.pdf | https://biomed.emory.edu/PROGRAM_SITES/GMB/_includes/documents/sections/resources/gmb-2018-written-qualifying-exam.pdf | https://biomed.emory.edu/PROGRAM_SITES/GMB/_includes/documents/sections/resources/gmb-2019-written-qualifying-exam.pdf | https://biomed.emory.edu/PROGRAM_SITES/GMB/_includes/documents/sections/resources/gmb-2020-written-qualifying-exam.pdf | https://biomed.emory.edu/PROGRAM_SITES/GMB/_includes/documents/sections/resources/gmb-2021-written-qualifying-exam.pdf | https://biomed.emory.edu/_includes/documents/site-wide/gdbbs-program-directory.pdf | https://staging.web.emory.edu/gdbbs-internal/documents/wellness-support-resources.pdf,,https://biomed.emory.edu/PROGRAM_SITES/GMB/resources/past-written-qualifying-exams.html
Molecular & Cellular Biology,Cell Cycle & Cancer Biology,downloaded,https://biomed.emory.edu/PROGRAM_SITES/GMB/resources/past-written-qualifying-exams.html | https://biomed.emory.edu/PROGRAM_SITES/GMB/_includes/documents/sections/admissions/gmb-program-brochure.pdf | https://biomed.emory.edu/PROGRAM_SITES/GMB/_includes/documents/sections/resources/adjusting-to-atlanta.pdf | https://biomed.emory.edu/_includes/documents/students/wellness-and-support-resources.pdf | https://biomed.emory.edu/PROGRAM_SITES/GMB/_includes/documents/sections/resources/gmb-2016-written-qualifying-exam.pdf | https://biomed.emory.edu/PROGRAM_SITES/GMB/_includes/documents/sections/resources/gmb-2017-written-qualifying-exam.pdf | https://biomed.emory.edu/PROGRAM_SITES/GMB/_includes/documents/sections/resources/gmb-2018-written-qualifying-exam.pdf | https://biomed.emory.edu/PROGRAM_SITES/GMB/_includes/documents/sections/resources/gmb-2019-written-qualifying-exam.pdf | https://biomed.emory.edu/PROGRAM_SITES/GMB/_includes/documents/sections/resources/gmb-2020-written-qualifying-exam.pdf | https://biomed.emory.edu/PROGRAM_SITES/GMB/_includes/documents/sections/resources/gmb-2021-written-qualifying-exam.pdf | https://biomed.emory.edu/_includes/documents/site-wide/gdbbs-program-directory.pdf | https://staging.web.emory.edu/gdbbs-internal/documents/wellness-support-resources.pdf,,https://biomed.emory.edu/PROGRAM_SITES/GMB/resources/past-written-qualifying-exams.html
Molecular & Cellular Biology,DNA Repair & Replication,downloaded,https://biomed.emory.edu/PROGRAM_SITES/GMB/resources/past-written-qualifying-exams.html | https://biomed.emory.edu/PROGRAM_SITES/GMB/_includes/documents/sections/admissions/gmb-program-brochure.pdf | https://biomed.emory.edu/PROGRAM_SITES/GMB/_includes/documents/sections/resources/adjusting-to-atlanta.pdf | https://biomed.emory.edu/_includes/documents/students/wellness-and-support-resources.pdf | https://biomed.emory.edu/PROGRAM_SITES/GMB/_includes/documents/sections/resources/gmb-2016-written-qualifying-exam.pdf | https://biomed.emory.edu/PROGRAM_SITES/GMB/_includes/documents/sections/resources/gmb-2017-written-qualifying-exam.pdf | https://biomed.emory.edu/PROGRAM_SITES/GMB/_includes/documents/sections/resources/gmb-2018-written-qualifying-exam.pdf | https://biomed.emory.edu/PROGRAM_SITES/GMB/_includes/documents/sections/resources/gmb-2019-written-qualifying-exam.pdf | https://biomed.emory.edu/PROGRAM_SITES/GMB/_includes/documents/sections/resources/gmb-2020-written-qualifying-exam.pdf | https://biomed.emory.edu/PROGRAM_SITES/GMB/_includes/documents/sections/resources/gmb-2021-written-qualifying-exam.pdf | https://biomed.emory.edu/_includes/documents/site-wide/gdbbs-program-directory.pdf | https://staging.web.emory.edu/gdbbs-internal/documents/wellness-support-resources.pdf,,https://biomed.emory.edu/PROGRAM_SITES/GMB/resources/past-written-qualifying-exams.html
Molecular & Cellular Biology,Developmental Biology,downloaded,https://biomed.emory.edu/PROGRAM_SITES/GMB/resources/past-written-qualifying-exams.html | https://biomed.emory.edu/PROGRAM_SITES/GMB/_includes/documents/sections/admissions/gmb-program-brochure.pdf | https://biomed.emory.edu/PROGRAM_SITES/GMB/_includes/documents/sections/resources/adjusting-to-atlanta.pdf | https://biomed.emory.edu/_includes/documents/students/wellness-and-support-resources.pdf | https://biomed.emory.edu/PROGRAM_SITES/GMB/_includes/documents/sections/resources/gmb-2016-written-qualifying-exam.pdf | https://biomed.emory.edu/PROGRAM_SITES/GMB/_includes/documents/sections/resources/gmb-2017-written-qualifying-exam.pdf | https://biomed.emory.edu/PROGRAM_SITES/GMB/_includes/documents/sections/resources/gmb-2018-written-qualifying-exam.pdf | https://biomed.emory.edu/PROGRAM_SITES/GMB/_includes/documents/sections/resources/gmb-2019-written-qualifying-exam.pdf | https://biomed.emory.edu/PROGRAM_SITES/GMB/_includes/documents/sections/resources/gmb-2020-written-qualifying-exam.pdf | https://biomed.emory.edu/PROGRAM_SITES/GMB/_includes/documents/sections/resources/gmb-2021-written-qualifying-exam.pdf | https://biomed.emory.edu/_includes/documents/site-wide/gdbbs-program-directory.pdf | https://staging.web.emory.edu/gdbbs-internal/documents/wellness-support-resources.pdf,,https://biomed.emory.edu/PROGRAM_SITES/GMB/resources/past-written-qualifying-exams.html
Molecular & Cellular Biology,Epigenetics & Chromatin,downloaded,https://biomed.emory.edu/PROGRAM_SITES/GMB/resources/past-written-qualifying-exams.html | https://biomed.emory.edu/PROGRAM_SITES/GMB/_includes/documents/sections/admissions/gmb-program-brochure.pdf | https://biomed.emory.edu/PROGRAM_SITES/GMB/_includes/documents/sections/resources/adjusting-to-atlanta.pdf | https://biomed.emory.edu/_includes/documents/students/wellness-and-support-resources.pdf | https://biomed.emory.edu/PROGRAM_SITES/GMB/_includes/documents/sections/resources/gmb-2016-written-qualifying-exam.pdf | https://biomed.emory.edu/PROGRAM_SITES/GMB/_includes/documents/sections/resources/gmb-2017-written-qualifying-exam.pdf | https://biomed.emory.edu/PROGRAM_SITES/GMB/_includes/documents/sections/resources/gmb-2018-written-qualifying-exam.pdf | https://biomed.emory.edu/PROGRAM_SITES/GMB/_includes/documents/sections/resources/gmb-2019-written-qualifying-exam.pdf | https://biomed.emory.edu/PROGRAM_SITES/GMB/_includes/documents/sections/resources/gmb-2020-written-qualifying-exam.pdf | https://biomed.emory.edu/PROGRAM_SITES/GMB/_includes/documents/sections/resources/gmb-2021-written-qualifying-exam.pdf | https://biomed.emory.edu/_includes/documents/site-wide/gdbbs-program-directory.pdf | https://staging.web.emory.edu/gdbbs-internal/documents/wellness-support-resources.pdf,,https://biomed.emory.edu/PROGRAM_SITES/GMB/resources/past-written-qualifying-exams.html
Molecular & Cellular Biology,Gene Expression & Regulation,downloaded,https://biomed.emory.edu/PROGRAM_SITES/GMB/resources/past-written-qualifying-exams.html | https://biomed.emory.edu/PROGRAM_SITES/GMB/_includes/documents/sections/admissions/gmb-program-brochure.pdf | https://biomed.emory.edu/PROGRAM_SITES/GMB/_includes/documents/sections/resources/adjusting-to-atlanta.pdf | https://biomed.emory.edu/_includes/documents/students/wellness-and-support-resources.pdf | https://biomed.emory.edu/PROGRAM_SITES/GMB/_includes/documents/sections/resources/gmb-2016-written-qualifying-exam.pdf | https://biomed.emory.edu/PROGRAM_SITES/GMB/_includes/documents/sections/resources/gmb-2017-written-qualifying-exam.pdf | https://biomed.emory.edu/PROGRAM_SITES/GMB/_includes/documents/sections/resources/gmb-2018-written-qualifying-exam.pdf | https://biomed.emory.edu/PROGRAM_SITES/GMB/_includes/documents/sections/resources/gmb-2019-written-qualifying-exam.pdf | https://biomed.emory.edu/PROGRAM_SITES/GMB/_includes/documents/sections/resources/gmb-2020-written-qualifying-exam.pdf | https://biomed.emory.edu/PROGRAM_SITES/GMB/_includes/documents/sections/resources/gmb-2021-written-qualifying-exam.pdf | https://biomed.emory.edu/_includes/documents/site-wide/gdbbs-program-directory.pdf | https://staging.web.emory.edu/gdbbs-internal/documents/wellness-support-resources.pdf,,https://biomed.emory.edu/PROGRAM_SITES/GMB/resources/past-written-qualifying-exams.html
Molecular & Cellular Biology,Membrane Biology & Transport,downloaded,https://biomed.emory.edu/PROGRAM_SITES/GMB/resources/past-written-qualifying-exams.html | https://biomed.emory.edu/PROGRAM_SITES/GMB/_includes/documents/sections/admissions/gmb-program-brochure.pdf | https://biomed.emory.edu/PROGRAM_SITES/GMB/_includes/documents/sections/resources/adjusting-to-atlanta.pdf | https://biomed.emory.edu/_includes/documents/students/wellness-and-support-resources.pdf | https://biomed.emory.edu/PROGRAM_SITES/GMB/_includes/documents/sections/resources/gmb-2016-written-qualifying-exam.pdf | https://biomed.emory.edu/PROGRAM_SITES/GMB/_includes/documents/sections/resources/gmb-2017-written-qualifying-exam.pdf | https://biomed.emory.edu/PROGRAM_SITES/GMB/_includes/documents/sections/resources/gmb-2018-written-qualifying-exam.pdf | https://biomed.emory.edu/PROGRAM_SITES/GMB/_includes/documents/sections/resources/gmb-2019-written-qualifying-exam.pdf | https://biomed.emory.edu/PROGRAM_SITES/GMB/_includes/documents/sections/resources/gmb-2020-written-qualifying-exam.pdf | https://biomed.emory.edu/PROGRAM_SITES/GMB/_includes/documents/sections/resources/gmb-2021-written-qualifying-exam.pdf | https://biomed.emory.edu/_includes/documents/site-wide/gdbbs-program-directory.pdf | https://staging.web.emory.edu/gdbbs-internal/documents/wellness-support-resources.pdf,,https://biomed.emory.edu/PROGRAM_SITES/GMB/resources/past-written-qualifying-exams.html
Molecular & Cellular Biology,Metabolism & Bioenergetics,downloaded,https://biomed.emory.edu/PROGRAM_SITES/GMB/resources/past-written-qualifying-exams.html | https://biomed.emory.edu/PROGRAM_SITES/GMB/_includes/documents/sections/admissions/gmb-program-brochure.pdf | https://biomed.emory.edu/PROGRAM_SITES/GMB/_includes/documents/sections/resources/adjusting-to-atlanta.pdf | https://biomed.emory.edu/_includes/documents/students/wellness-and-support-resources.pdf | https://biomed.emory.edu/PROGRAM_SITES/GMB/_includes/documents/sections/resources/gmb-2016-written-qualifying-exam.pdf | https://biomed.emory.edu/PROGRAM_SITES/GMB/_includes/documents/sections/resources/gmb-2017-written-qualifying-exam.pdf | https://biomed.emory.edu/PROGRAM_SITES/GMB/_includes/documents/sections/resources/gmb-2018-written-qualifying-exam.pdf | https://biomed.emory.edu/PROGRAM_SITES/GMB/_includes/documents/sections/resources/gmb-2019-written-qualifying-exam.pdf | https://biomed.emory.edu/PROGRAM_SITES/GMB/_includes/documents/sections/resources/gmb-2020-written-qualifying-exam.pdf | https://biomed.emory.edu/PROGRAM_SITES/GMB/_includes/documents/sections/resources/gmb-2021-written-qualifying-exam.pdf | https://biomed.emory.edu/_includes/documents/site-wide/gdbbs-program-directory.pdf | https://staging.web.emory.edu/gdbbs-internal/documents/wellness-support-resources.pdf,,https://biomed.emory.edu/PROGRAM_SITES/GMB/resources/past-written-qualifying-exams.html
Molecular & Cellular Biology,Microbiology & Bacteriology,downloaded,https://biomed.emory.edu/PROGRAM_SITES/GMB/resources/past-written-qualifying-exams.html | https://biomed.emory.edu/PROGRAM_SITES/GMB/_includes/documents/sections/admissions/gmb-program-brochure.pdf | https://biomed.emory.edu/PROGRAM_SITES/GMB/_includes/documents/sections/resources/adjusting-to-atlanta.pdf | https://biomed.emory.edu/_includes/documents/students/wellness-and-support-resources.pdf | https://biomed.emory.edu/PROGRAM_SITES/GMB/_includes/documents/sections/resources/gmb-2016-written-qualifying-exam.pdf | https://biomed.emory.edu/PROGRAM_SITES/GMB/_includes/documents/sections/resources/gmb-2017-written-qualifying-exam.pdf | https://biomed.emory.edu/PROGRAM_SITES/GMB/_includes/documents/sections/resources/gmb-2018-written-qualifying-exam.pdf | https://biomed.emory.edu/PROGRAM_SITES/GMB/_includes/documents/sections/resources/gmb-2019-written-qualifying-exam.pdf | https://biomed.emory.edu/PROGRAM_SITES/GMB/_includes/documents/sections/resources/gmb-2020-written-qualifying-exam.pdf | https://biomed.emory.edu/PROGRAM_SITES/GMB/_includes/documents/sections/resources/gmb-2021-written-qualifying-exam.pdf | https://biomed.emory.edu/_includes/documents/site-wide/gdbbs-program-directory.pdf | https://staging.web.emory.edu/gdbbs-internal/documents/wellness-support-resources.pdf,,https://biomed.emory.edu/PROGRAM_SITES/GMB/resources/past-written-qualifying-exams.html
Molecular & Cellular Biology,Molecular Genetics,downloaded,https://biomed.emory.edu/PROGRAM_SITES/GMB/resources/past-written-qualifying-exams.html | https://biomed.emory.edu/PROGRAM_SITES/GMB/_includes/documents/sections/admissions/gmb-program-brochure.pdf | https://biomed.emory.edu/PROGRAM_SITES/GMB/_includes/documents/sections/resources/adjusting-to-atlanta.pdf | https://biomed.emory.edu/_includes/documents/students/wellness-and-support-resources.pdf | https://biomed.emory.edu/PROGRAM_SITES/GMB/_includes/documents/sections/resources/gmb-2016-written-qualifying-exam.pdf | https://biomed.emory.edu/PROGRAM_SITES/GMB/_includes/documents/sections/resources/gmb-2017-written-qualifying-exam.pdf | https://biomed.emory.edu/PROGRAM_SITES/GMB/_includes/documents/sections/resources/gmb-2018-written-qualifying-exam.pdf | https://biomed.emory.edu/PROGRAM_SITES/GMB/_includes/documents/sections/resources/gmb-2019-written-qualifying-exam.pdf | https://biomed.emory.edu/PROGRAM_SITES/GMB/_includes/documents/sections/resources/gmb-2020-written-qualifying-exam.pdf | https://biomed.emory.edu/PROGRAM_SITES/GMB/_includes/documents/sections/resources/gmb-2021-written-qualifying-exam.pdf | https://biomed.emory.edu/_includes/documents/site-wide/gdbbs-program-directory.pdf | https://staging.web.emory.edu/gdbbs-internal/documents/wellness-support-resources.pdf,,https://biomed.emory.edu/PROGRAM_SITES/GMB/resources/past-written-qualifying-exams.html
Molecular & Cellular Biology,Molecular Immunology,downloaded,https://biomed.emory.edu/PROGRAM_SITES/GMB/resources/past-written-qualifying-exams.html | https://biomed.emory.edu/PROGRAM_SITES/GMB/_includes/documents/sections/admissions/gmb-program-brochure.pdf | https://biomed.emory.edu/PROGRAM_SITES/GMB/_includes/documents/sections/resources/adjusting-to-atlanta.pdf | https://biomed.emory.edu/_includes/documents/students/wellness-and-support-resources.pdf | https://biomed.emory.edu/PROGRAM_SITES/GMB/_includes/documents/sections/resources/gmb-2016-written-qualifying-exam.pdf | https://biomed.emory.edu/PROGRAM_SITES/GMB/_includes/documents/sections/resources/gmb-2017-written-qualifying-exam.pdf | https://biomed.emory.edu/PROGRAM_SITES/GMB/_includes/documents/sections/resources/gmb-2018-written-qualifying-exam.pdf | https://biomed.emory.edu/PROGRAM_SITES/GMB/_includes/documents/sections/resources/gmb-2019-written-qualifying-exam.pdf | https://biomed.emory.edu/PROGRAM_SITES/GMB/_includes/documents/sections/resources/gmb-2020-written-qualifying-exam.pdf | https://biomed.emory.edu/PROGRAM_SITES/GMB/_includes/documents/sections/resources/gmb-2021-written-qualifying-exam.pdf | https://biomed.emory.edu/_includes/documents/site-wide/gdbbs-program-directory.pdf | https://staging.web.emory.edu/gdbbs-internal/documents/wellness-support-resources.pdf,,https://biomed.emory.edu/PROGRAM_SITES/GMB/resources/past-written-qualifying-exams.html
Molecular & Cellular Biology,Organelle Biology & Trafficking,downloaded,https://biomed.emory.edu/PROGRAM_SITES/GMB/resources/past-written-qualifying-exams.html | https://biomed.emory.edu/PROGRAM_SITES/GMB/_includes/documents/sections/admissions/gmb-program-brochure.pdf | https://biomed.emory.edu/PROGRAM_SITES/GMB/_includes/documents/sections/resources/adjusting-to-atlanta.pdf | https://biomed.emory.edu/_includes/documents/students/wellness-and-support-resources.pdf | https://biomed.emory.edu/PROGRAM_SITES/GMB/_includes/documents/sections/resources/gmb-2016-written-qualifying-exam.pdf | https://biomed.emory.edu/PROGRAM_SITES/GMB/_includes/documents/sections/resources/gmb-2017-written-qualifying-exam.pdf | https://biomed.emory.edu/PROGRAM_SITES/GMB/_includes/documents/sections/resources/gmb-2018-written-qualifying-exam.pdf | https://biomed.emory.edu/PROGRAM_SITES/GMB/_includes/documents/sections/resources/gmb-2019-written-qualifying-exam.pdf | https://biomed.emory.edu/PROGRAM_SITES/GMB/_includes/documents/sections/resources/gmb-2020-written-qualifying-exam.pdf | https://biomed.emory.edu/PROGRAM_SITES/GMB/_includes/documents/sections/resources/gmb-2021-written-qualifying-exam.pdf | https://biomed.emory.edu/_includes/documents/site-wide/gdbbs-program-directory.pdf | https://staging.web.emory.edu/gdbbs-internal/documents/wellness-support-resources.pdf,,https://biomed.emory.edu/PROGRAM_SITES/GMB/resources/past-written-qualifying-exams.html
Molecular & Cellular Biology,Protein Folding & Biophysics,downloaded,https://biomed.emory.edu/PROGRAM_SITES/GMB/resources/past-written-qualifying-exams.html | https://biomed.emory.edu/PROGRAM_SITES/GMB/_includes/documents/sections/admissions/gmb-program-brochure.pdf | https://biomed.emory.edu/PROGRAM_SITES/GMB/_includes/documents/sections/resources/adjusting-to-atlanta.pdf | https://biomed.emory.edu/_includes/documents/students/wellness-and-support-resources.pdf | https://biomed.emory.edu/PROGRAM_SITES/GMB/_includes/documents/sections/resources/gmb-2016-written-qualifying-exam.pdf | https://biomed.emory.edu/PROGRAM_SITES/GMB/_includes/documents/sections/resources/gmb-2017-written-qualifying-exam.pdf | https://biomed.emory.edu/PROGRAM_SITES/GMB/_includes/documents/sections/resources/gmb-2018-written-qualifying-exam.pdf | https://biomed.emory.edu/PROGRAM_SITES/GMB/_includes/documents/sections/resources/gmb-2019-written-qualifying-exam.pdf | https://biomed.emory.edu/PROGRAM_SITES/GMB/_includes/documents/sections/resources/gmb-2020-written-qualifying-exam.pdf | https://biomed.emory.edu/PROGRAM_SITES/GMB/_includes/documents/sections/resources/gmb-2021-written-qualifying-exam.pdf | https://biomed.emory.edu/_includes/documents/site-wide/gdbbs-program-directory.pdf | https://staging.web.emory.edu/gdbbs-internal/documents/wellness-support-resources.pdf,,https://biomed.emory.edu/PROGRAM_SITES/GMB/resources/past-written-qualifying-exams.html
Molecular & Cellular Biology,RNA Biology,downloaded,https://biomed.emory.edu/PROGRAM_SITES/GMB/resources/past-written-qualifying-exams.html | https://biomed.emory.edu/PROGRAM_SITES/GMB/_includes/documents/sections/admissions/gmb-program-brochure.pdf | https://biomed.emory.edu/PROGRAM_SITES/GMB/_includes/documents/sections/resources/adjusting-to-atlanta.pdf | https://biomed.emory.edu/_includes/documents/students/wellness-and-support-resources.pdf | https://biomed.emory.edu/PROGRAM_SITES/GMB/_includes/documents/sections/resources/gmb-2016-written-qualifying-exam.pdf | https://biomed.emory.edu/PROGRAM_SITES/GMB/_includes/documents/sections/resources/gmb-2017-written-qualifying-exam.pdf | https://biomed.emory.edu/PROGRAM_SITES/GMB/_includes/documents/sections/resources/gmb-2018-written-qualifying-exam.pdf | https://biomed.emory.edu/PROGRAM_SITES/GMB/_includes/documents/sections/resources/gmb-2019-written-qualifying-exam.pdf | https://biomed.emory.edu/PROGRAM_SITES/GMB/_includes/documents/sections/resources/gmb-2020-written-qualifying-exam.pdf | https://biomed.emory.edu/PROGRAM_SITES/GMB/_includes/documents/sections/resources/gmb-2021-written-qualifying-exam.pdf | https://biomed.emory.edu/_includes/documents/site-wide/gdbbs-program-directory.pdf | https://staging.web.emory.edu/gdbbs-internal/documents/wellness-support-resources.pdf,,https://biomed.emory.edu/PROGRAM_SITES/GMB/resources/past-written-qualifying-exams.html
Molecular & Cellular Biology,Stem Cell Biology,downloaded,https://biomed.emory.edu/PROGRAM_SITES/GMB/resources/past-written-qualifying-exams.html | https://biomed.emory.edu/PROGRAM_SITES/GMB/_includes/documents/sections/admissions/gmb-program-brochure.pdf | https://biomed.emory.edu/PROGRAM_SITES/GMB/_includes/documents/sections/resources/adjusting-to-atlanta.pdf | https://biomed.emory.edu/_includes/documents/students/wellness-and-support-resources.pdf | https://biomed.emory.edu/PROGRAM_SITES/GMB/_includes/documents/sections/resources/gmb-2016-written-qualifying-exam.pdf | https://biomed.emory.edu/PROGRAM_SITES/GMB/_includes/documents/sections/resources/gmb-2017-written-qualifying-exam.pdf | https://biomed.emory.edu/PROGRAM_SITES/GMB/_includes/documents/sections/resources/gmb-2018-written-qualifying-exam.pdf | https://biomed.emory.edu/PROGRAM_SITES/GMB/_includes/documents/sections/resources/gmb-2019-written-qualifying-exam.pdf | https://biomed.emory.edu/PROGRAM_SITES/GMB/_includes/documents/sections/resources/gmb-2020-written-qualifying-exam.pdf | https://biomed.emory.edu/PROGRAM_SITES/GMB/_includes/documents/sections/resources/gmb-2021-written-qualifying-exam.pdf | https://biomed.emory.edu/_includes/documents/site-wide/gdbbs-program-directory.pdf | https://staging.web.emory.edu/gdbbs-internal/documents/wellness-support-resources.pdf,,https://biomed.emory.edu/PROGRAM_SITES/GMB/resources/past-written-qualifying-exams.html
Molecular & Cellular Biology,Structural Biology (cryo-EM/X-ray),downloaded,https://biomed.emory.edu/PROGRAM_SITES/GMB/resources/past-written-qualifying-exams.html | https://biomed.emory.edu/PROGRAM_SITES/GMB/_includes/documents/sections/admissions/gmb-program-brochure.pdf | https://biomed.emory.edu/PROGRAM_SITES/GMB/_includes/documents/sections/resources/adjusting-to-atlanta.pdf | https://biomed.emory.edu/_includes/documents/students/wellness-and-support-resources.pdf | https://biomed.emory.edu/PROGRAM_SITES/GMB/_includes/documents/sections/resources/gmb-2016-written-qualifying-exam.pdf | https://biomed.emory.edu/PROGRAM_SITES/GMB/_includes/documents/sections/resources/gmb-2017-written-qualifying-exam.pdf | https://biomed.emory.edu/PROGRAM_SITES/GMB/_includes/documents/sections/resources/gmb-2018-written-qualifying-exam.pdf | https://biomed.emory.edu/PROGRAM_SITES/GMB/_includes/documents/sections/resources/gmb-2019-written-qualifying-exam.pdf | https://biomed.emory.edu/PROGRAM_SITES/GMB/_includes/documents/sections/resources/gmb-2020-written-qualifying-exam.pdf | https://biomed.emory.edu/PROGRAM_SITES/GMB/_includes/documents/sections/resources/gmb-2021-written-qualifying-exam.pdf | https://biomed.emory.edu/_includes/documents/site-wide/gdbbs-program-directory.pdf | https://staging.web.emory.edu/gdbbs-internal/documents/wellness-support-resources.pdf,,https://biomed.emory.edu/PROGRAM_SITES/GMB/resources/past-written-qualifying-exams.html
Molecular & Cellular Biology,Virology,downloaded,https://biomed.emory.edu/PROGRAM_SITES/GMB/resources/past-written-qualifying-exams.html | https://biomed.emory.edu/PROGRAM_SITES/GMB/_includes/documents/sections/admissions/gmb-program-brochure.pdf | https://biomed.emory.edu/PROGRAM_SITES/GMB/_includes/documents/sections/resources/adjusting-to-atlanta.pdf | https://biomed.emory.edu/_includes/documents/students/wellness-and-support-resources.pdf | https://biomed.emory.edu/PROGRAM_SITES/GMB/_includes/documents/sections/resources/gmb-2016-written-qualifying-exam.pdf | https://biomed.emory.edu/PROGRAM_SITES/GMB/_includes/documents/sections/resources/gmb-2017-written-qualifying-exam.pdf | https://biomed.emory.edu/PROGRAM_SITES/GMB/_includes/documents/sections/resources/gmb-2018-written-qualifying-exam.pdf | https://biomed.emory.edu/PROGRAM_SITES/GMB/_includes/documents/sections/resources/gmb-2019-written-qualifying-exam.pdf | https://biomed.emory.edu/PROGRAM_SITES/GMB/_includes/documents/sections/resources/gmb-2020-written-qualifying-exam.pdf | https://biomed.emory.edu/PROGRAM_SITES/GMB/_includes/documents/sections/resources/gmb-2021-written-qualifying-exam.pdf | https://biomed.emory.edu/_includes/documents/site-wide/gdbbs-program-directory.pdf | https://staging.web.emory.edu/gdbbs-internal/documents/wellness-support-resources.pdf,,https://biomed.emory.edu/PROGRAM_SITES/GMB/resources/past-written-qualifying-exams.html
Psychology,Behavioral Neuroscience,downloaded,https://www.fordham.edu/academics/departments/psychology/graduate-program/phd-in-clinical-psychology/doctoral-comprehensive-examination/,,https://www.fordham.edu/academics/departments/psychology/graduate-program/phd-in-clinical-psychology/doctoral-comprehensive-examination/
Psychology,Clinical Psychology & Psychopathology,downloaded,https://www.ohio.edu/cas/psychology/graduate/clinical/manual/general-requirements/comprehensive-examination,,https://www.ohio.edu/cas/psychology/graduate/clinical/manual/general-requirements/comprehensive-examination
Psychology,Cognitive Psychology,downloaded,https://www.utsc.utoronto.ca/psych/comprehensive-exam | https://www.utsc.utoronto.ca/psych/sites/utsc.utoronto.ca.psych/files/docs/Written%20Comprehensive%20Rating%20Scale.pdf,,https://www.utsc.utoronto.ca/psych/comprehensive-exam
Psychology,Developmental Psychology,downloaded,https://www.fordham.edu/academics/departments/psychology/graduate-program/phd-in-clinical-psychology/doctoral-comprehensive-examination/,,https://www.fordham.edu/academics/departments/psychology/graduate-program/phd-in-clinical-psychology/doctoral-comprehensive-examination/
Psychology,Educational Psychology,downloaded,https://www.fordham.edu/academics/departments/psychology/graduate-program/phd-in-clinical-psychology/doctoral-comprehensive-examination/,,https://www.fordham.edu/academics/departments/psychology/graduate-program/phd-in-clinical-psychology/doctoral-comprehensive-examination/
Psychology,Evolutionary Psychology,downloaded,https://www.fordham.edu/academics/departments/psychology/graduate-program/phd-in-clinical-psychology/doctoral-comprehensive-examination/,,https://www.fordham.edu/academics/departments/psychology/graduate-program/phd-in-clinical-psychology/doctoral-comprehensive-examination/
Psychology,Judgment & Decision Making,downloaded,https://www.fordham.edu/academics/departments/psychology/graduate-program/phd-in-clinical-psychology/doctoral-comprehensive-examination/,,https://www.fordham.edu/academics/departments/psychology/graduate-program/phd-in-clinical-psychology/doctoral-comprehensive-examination/
Psychology,Personality Psychology,downloaded,https://www.fordham.edu/academics/departments/psychology/graduate-program/phd-in-clinical-psychology/doctoral-comprehensive-examination/,,https://www.fordham.edu/academics/departments/psychology/graduate-program/phd-in-clinical-psychology/doctoral-comprehensive-examination/
Psychology,Positive Psychology & Well-Being,downloaded,https://www.fordham.edu/academics/departments/psychology/graduate-program/phd-in-clinical-psychology/doctoral-comprehensive-examination/,,https://www.fordham.edu/academics/departments/psychology/graduate-program/phd-in-clinical-psychology/doctoral-comprehensive-examination/
Psychology,Psychometrics & Test Theory,downloaded,https://www.fordham.edu/academics/departments/psychology/graduate-program/phd-in-clinical-psychology/doctoral-comprehensive-examination/,,https://www.fordham.edu/academics/departments/psychology/graduate-program/phd-in-clinical-psychology/doctoral-comprehensive-examination/
Psychology,Social Psychology,downloaded,https://www.fordham.edu/academics/departments/psychology/graduate-program/phd-in-clinical-psychology/doctoral-comprehensive-examination/,,https://www.fordham.edu/academics/departments/psychology/graduate-program/phd-in-clinical-psychology/doctoral-comprehensive-examination/
Earth Science & Climate,Atmospheric Chemistry & Air Quality,downloaded,https://www.mees.umd.edu/env-sci-comp-exam | https://www.mees.umd.edu/s/MEES-Program-One-Page-Flyer-v8-031225.pdf,,https://www.mees.umd.edu/env-sci-comp-exam
Earth Science & Climate,Atmospheric Science & Meteorology,downloaded,https://www.mees.umd.edu/env-sci-comp-exam | https://www.mees.umd.edu/s/MEES-Program-One-Page-Flyer-v8-031225.pdf,,https://www.mees.umd.edu/env-sci-comp-exam
Earth Science & Climate,Biogeochemistry & Carbon Cycle,downloaded,https://www.mees.umd.edu/env-sci-comp-exam | https://www.mees.umd.edu/s/MEES-Program-One-Page-Flyer-v8-031225.pdf,,https://www.mees.umd.edu/env-sci-comp-exam
Earth Science & Climate,Climate Dynamics & Modeling,downloaded,https://www.mees.umd.edu/env-sci-comp-exam | https://www.mees.umd.edu/s/MEES-Program-One-Page-Flyer-v8-031225.pdf,,https://www.mees.umd.edu/env-sci-comp-exam
Earth Science & Climate,Earth Remote Sensing,downloaded,https://www.mees.umd.edu/env-sci-comp-exam | https://www.mees.umd.edu/s/MEES-Program-One-Page-Flyer-v8-031225.pdf,,https://www.mees.umd.edu/env-sci-comp-exam
Earth Science & Climate,Extreme Events & Climate Risk,downloaded,https://www.mees.umd.edu/env-sci-comp-exam | https://www.mees.umd.edu/s/MEES-Program-One-Page-Flyer-v8-031225.pdf,,https://www.mees.umd.edu/env-sci-comp-exam
Earth Science & Climate,Geology & Tectonics,downloaded,https://www.mees.umd.edu/env-sci-comp-exam | https://www.mees.umd.edu/s/MEES-Program-One-Page-Flyer-v8-031225.pdf,,https://www.mees.umd.edu/env-sci-comp-exam
Earth Science & Climate,Geophysics & Geodesy,downloaded,https://www.mees.umd.edu/env-sci-comp-exam | https://www.mees.umd.edu/s/MEES-Program-One-Page-Flyer-v8-031225.pdf,,https://www.mees.umd.edu/env-sci-comp-exam
Earth Science & Climate,Glacial & Cryosphere Science,downloaded,https://www.mees.umd.edu/env-sci-comp-exam | https://www.mees.umd.edu/s/MEES-Program-One-Page-Flyer-v8-031225.pdf,,https://www.mees.umd.edu/env-sci-comp-exam
Earth Science & Climate,Hydrology & Water Resources,downloaded,https://www.mees.umd.edu/env-sci-comp-exam | https://www.mees.umd.edu/s/MEES-Program-One-Page-Flyer-v8-031225.pdf,,https://www.mees.umd.edu/env-sci-comp-exam
Earth Science & Climate,Paleoclimatology,downloaded,https://www.mees.umd.edu/env-sci-comp-exam | https://www.mees.umd.edu/s/MEES-Program-One-Page-Flyer-v8-031225.pdf,,https://www.mees.umd.edu/env-sci-comp-exam
Earth Science & Climate,Physical Oceanography,downloaded,https://www.mees.umd.edu/env-sci-comp-exam | https://www.mees.umd.edu/s/MEES-Program-One-Page-Flyer-v8-031225.pdf,,https://www.mees.umd.edu/env-sci-comp-exam
Earth Science & Climate,Seismology,downloaded,https://www.mees.umd.edu/env-sci-comp-exam | https://www.mees.umd.edu/s/MEES-Program-One-Page-Flyer-v8-031225.pdf,,https://www.mees.umd.edu/env-sci-comp-exam
Earth Science & Climate,Soil Science,downloaded,https://www.mees.umd.edu/env-sci-comp-exam | https://www.mees.umd.edu/s/MEES-Program-One-Page-Flyer-v8-031225.pdf,,https://www.mees.umd.edu/env-sci-comp-exam
Earth Science & Climate,Volcanology,downloaded,https://www.mees.umd.edu/env-sci-comp-exam | https://www.mees.umd.edu/s/MEES-Program-One-Page-Flyer-v8-031225.pdf,,https://www.mees.umd.edu/env-sci-comp-exam
Environmental Science & Ecology,Behavioral Ecology,downloaded,https://www.unr.edu/eecb/current-students/handbook/comp-exam,,https://www.unr.edu/eecb/current-students/handbook/comp-exam
Environmental Science & Ecology,Community Ecology,downloaded,https://www.unr.edu/eecb/current-students/handbook/comp-exam,,https://www.unr.edu/eecb/current-students/handbook/comp-exam
Environmental Science & Ecology,Conservation Biology,downloaded,https://www.unr.edu/eecb/current-students/handbook/comp-exam,,https://www.unr.edu/eecb/current-students/handbook/comp-exam
Environmental Science & Ecology,Ecosystem Functioning & Nutrient Cycling,downloaded,https://github.com/BahlaiLab/Candidacy_exams,,https://github.com/BahlaiLab/Candidacy_exams
Environmental Science & Ecology,Ecotoxicology & Pollution Science,downloaded,https://www.unr.edu/eecb/current-students/handbook/comp-exam,,https://www.unr.edu/eecb/current-students/handbook/comp-exam
Environmental Science & Ecology,Environmental Policy & Assessment,downloaded,https://www.unr.edu/eecb/current-students/handbook/comp-exam,,https://www.unr.edu/eecb/current-students/handbook/comp-exam
Environmental Science & Ecology,Evolutionary Ecology,downloaded,https://www.unr.edu/eecb/current-students/handbook/comp-exam,,https://www.unr.edu/eecb/current-students/handbook/comp-exam
Environmental Science & Ecology,Freshwater Ecology,downloaded,https://www.unr.edu/eecb/current-students/handbook/comp-exam,,https://www.unr.edu/eecb/current-students/handbook/comp-exam
Environmental Science & Ecology,Global Change Ecology,downloaded,https://www.unr.edu/eecb/current-students/handbook/comp-exam,,https://www.unr.edu/eecb/current-students/handbook/comp-exam
Environmental Science & Ecology,Marine Ecology & Conservation,downloaded,https://www.unr.edu/eecb/current-students/handbook/comp-exam,,https://www.unr.edu/eecb/current-students/handbook/comp-exam
Environmental Science & Ecology,Population Ecology & Demography,downloaded,https://www.unr.edu/eecb/current-students/handbook/comp-exam,,https://www.unr.edu/eecb/current-students/handbook/comp-exam
Environmental Science & Ecology,Restoration Ecology,downloaded,https://www.unr.edu/eecb/current-students/handbook/comp-exam,,https://www.unr.edu/eecb/current-students/handbook/comp-exam
Environmental Science & Ecology,Urban Ecology & Sustainability,downloaded,https://www.unr.edu/eecb/current-students/handbook/comp-exam,,https://www.unr.edu/eecb/current-students/handbook/comp-exam
Economics,Behavioral Economics,downloaded,https://economics.ucdavis.edu/past-preliminary-exams | https://economics.sf.ucdavis.edu/sites/g/files/dgvnsk13091/files/inline-files/Graduate%20Handbook%20Fall%202019.pdf | https://economics.sf.ucdavis.edu/sites/g/files/dgvnsk13091/files/inline-files/Graduate%20Handbook%20Fall%202020%20-1.pdf | https://economics.sf.ucdavis.edu/sites/g/files/dgvnsk13091/files/inline-files/Graduate%20Handbook%20Fall%202021.pdf | https://economics.ucdavis.edu/sites/g/files/dgvnsk13091/files/inline-files/Econometrics%20Prelim2025_August.pdf | https://economics.ucdavis.edu/sites/g/files/dgvnsk13091/files/inline-files/Metrics_Prelim2025.pdf | https://economics.ucdavis.edu/sites/g/files/dgvnsk13091/files/inline-files/Metrics%20Prelim_June_2024.pdf | https://economics.ucdavis.edu/sites/g/files/dgvnsk13091/files/inline-files/econometrics-preliminary-exam-2023-june.pdf | https://economics.ucdavis.edu/sites/g/files/dgvnsk13091/files/inline-files/Econometrics%20Prelim%20June%202022.pdf | https://economics.ucdavis.edu/sites/g/files/dgvnsk13091/files/inline-files/econometrics-preliminary-exam-2021-july.pdf | https://economics.ucdavis.edu/sites/g/files/dgvnsk13091/files/inline-files/econometrics-preliminary-exam-2021-august.pdf | https://economics.ucdavis.edu/sites/g/files/dgvnsk13091/files/inline-files/econometrics-preliminary-exam-2019-july.pdf | https://economics.ucdavis.edu/sites/g/files/dgvnsk13091/files/inline-files/econometrics_prelim_august_2019.pdf | https://economics.ucdavis.edu/sites/g/files/dgvnsk13091/files/inline-files/econometrics-preliminary-exam-2018-july.pdf | https://economics.ucdavis.edu/sites/g/files/dgvnsk13091/files/inline-files/econometrics-preliminary-exam-2018-august.pdf | https://economics.ucdavis.edu/sites/g/files/dgvnsk13091/files/inline-files/are_ecn240b_reference_sheet_2019.pdf | https://economics.ucdavis.edu/sites/g/files/dgvnsk13091/files/inline-files/Macro%20Prelim%20July%202025%20-%20AK.pdf | https://economics.ucdavis.edu/sites/g/files/dgvnsk13091/files/inline-files/Macro_Prelim_July2025_200E_AK.pdf | https://economics.ucdavis.edu/sites/g/files/dgvnsk13091/files/inline-files/Prelim_July_2025_AK_Q1-2.pdf | https://economics.ucdavis.edu/sites/g/files/dgvnsk13091/files/inline-files/PRELIM_JULY_2025_ALL_PARTS.pdf | https://economics.ucdavis.edu/sites/g/files/dgvnsk13091/files/inline-files/Prelim_July_2024_AK_Q1-2.pdf | https://economics.ucdavis.edu/sites/g/files/dgvnsk13091/files/inline-files/Prelim_July_2024_AK_Q3-5.pdf | https://economics.ucdavis.edu/sites/g/files/dgvnsk13091/files/inline-files/Macro%20Prelim%20July%202024.pdf | https://economics.ucdavis.edu/sites/g/files/dgvnsk13091/files/inline-files/MACRO%20PRELIM_JULY_2023.pdf | https://economics.ucdavis.edu/sites/g/files/dgvnsk13091/files/inline-files/Prelim_July_2023_AK_Q1-2.pdf | https://economics.ucdavis.edu/sites/g/files/dgvnsk13091/files/inline-files/Prelim_July_2023_AK_Q3-4.pdf | https://economics.ucdavis.edu/sites/g/files/dgvnsk13091/files/inline-files/Prelim_July_2023_AK_Q5-6.pdf | https://economics.ucdavis.edu/sites/g/files/dgvnsk13091/files/inline-files/Macro%20Prelim%202022.pdf | https://economics.ucdavis.edu/sites/g/files/dgvnsk13091/files/inline-files/Adv%20Econ%20Theory%20Prelim%20July%202004.pdf | https://economics.ucdavis.edu/sites/g/files/dgvnsk13091/files/inline-files/Adv%20Econ%20Theory%20Prelim%20July%202006.pdf | https://economics.ucdavis.edu/sites/g/files/dgvnsk13091/files/inline-files/Adv%20Econ%20Theory%20Prelim%20June%202007.pdf | https://economics.ucdavis.edu/sites/g/files/dgvnsk13091/files/inline-files/Adv%20Econ%20Theory%20Prelim%20Sept%202007.pdf | https://economics.ucdavis.edu/sites/g/files/dgvnsk13091/files/inline-files/Adv%20Econ%20Theory%20Prelim%20June%202008.pdf | https://economics.ucdavis.edu/sites/g/files/dgvnsk13091/files/inline-files/Adv%20Econ%20Theory%20Prelim%20June%202009.pdf | https://economics.ucdavis.edu/sites/g/files/dgvnsk13091/files/inline-files/Econ%20History%20Prelim%20June%202004.pdf | https://economics.ucdavis.edu/sites/g/files/dgvnsk13091/files/inline-files/Econ%20History%20Prelim%20July%202005.pdf | https://economics.ucdavis.edu/sites/g/files/dgvnsk13091/files/inline-files/Econ%20History%20Prelim%20July%202006.pdf | https://economics.ucdavis.edu/sites/g/files/dgvnsk13091/files/inline-files/Econ%20History%20Prelim%20July%202007.pdf | https://economics.ucdavis.edu/sites/g/files/dgvnsk13091/files/inline-files/Econ%20History%20Prelim%20June%202008.pdf | https://economics.ucdavis.edu/sites/g/files/dgvnsk13091/files/inline-files/Econ%20History%20Prelim%20July%202009.pdf | https://economics.ucdavis.edu/sites/g/files/dgvnsk13091/files/inline-files/Economics%20Growth%20Prelim%20July%202003.pdf | https://economics.ucdavis.edu/sites/g/files/dgvnsk13091/files/inline-files/Economics%20Growth%20Prelim%20July%202005.pdf | https://economics.ucdavis.edu/sites/g/files/dgvnsk13091/files/inline-files/Economics%20Growth%20Prelim%20Sept%202005.pdf | https://economics.ucdavis.edu/sites/g/files/dgvnsk13091/files/inline-files/Economics%20Growth%20Prelim%20July%202006.pdf | https://economics.ucdavis.edu/sites/g/files/dgvnsk13091/files/inline-files/Economics%20Growth%20Prelim%20Sept%202006.pdf | https://economics.ucdavis.edu/sites/g/files/dgvnsk13091/files/inline-files/Economic%20Growth%20Prelim%20July%202007.pdf | https://economics.ucdavis.edu/sites/g/files/dgvnsk13091/files/inline-files/Economics%20Growth%20Prelim%20July%202008.pdf | https://economics.ucdavis.edu/sites/g/files/dgvnsk13091/files/inline-files/Industrial%20Organization%20Prelim%20June%202004.pdf | http://www.klenow.com/Idea_Rents.pdf | https://www.jonathandroth.com/assets/files/EvaluatingCounterfactualsWithIV.pdf | https://www.anderson.ucla.edu/faculty_pages/keith.chen/papers/Final_PNAS26.pdf | https://eminakamura.com/papers/Commoditization.pdf,https://economics.ucdavis.edu/sites/g/files/dgvnsk13091/files/inline-files/Macro%20Prelim%202022%20ANSWERS%20200B.pdf | https://economics.ucdavis.edu/sites/g/files/dgvnsk13091/files/inline-files/Macro%20Prelim%202022%20ANSWERS%20200D.pdf | https://economics.ucdavis.edu/sites/g/files/dgvnsk13091/files/inline-files/Macro%20Prelim%202022%20ANSWERS%20200E.pdf | https://economics.ucdavis.edu/sites/g/files/dgvnsk13091/files/inline-files/Industrial%20Organization%20Prelim%20ANSWERS%20June%202004.pdf | https://economics.ucdavis.edu/sites/g/files/dgvnsk13091/files/inline-files/Industrial%20Organization%20Prelim%20ANSWERS%20June%202005.pdf | https://economics.ucdavis.edu/sites/g/files/dgvnsk13091/files/inline-files/Industrial%20Organization%20Prelim%20ANSWERS%20Sept%202005.pdf | https://economics.ucdavis.edu/sites/g/files/dgvnsk13091/files/inline-files/Industrial%20Organization%20Prelim%20ANSWERS%20June%202006.pdf | https://economics.ucdavis.edu/sites/g/files/dgvnsk13091/files/inline-files/Industrial%20Organization%20Prelim%20ANSWERS%20July%202007.pdf | https://economics.ucdavis.edu/sites/g/files/dgvnsk13091/files/inline-files/Industrial%20Organization%20Prelim%20ANSWERS%20Sept%202007.pdf | https://economics.ucdavis.edu/sites/g/files/dgvnsk13091/files/inline-files/Industrial%20Organization%20Prelim%20ANSWERS%20July%202008.pdf,https://economics.ucdavis.edu/past-preliminary-exams
Economics,Development Economics,downloaded,https://economics.ucdavis.edu/past-preliminary-exams | https://economics.sf.ucdavis.edu/sites/g/files/dgvnsk13091/files/inline-files/Graduate%20Handbook%20Fall%202019.pdf | https://economics.sf.ucdavis.edu/sites/g/files/dgvnsk13091/files/inline-files/Graduate%20Handbook%20Fall%202020%20-1.pdf | https://economics.sf.ucdavis.edu/sites/g/files/dgvnsk13091/files/inline-files/Graduate%20Handbook%20Fall%202021.pdf | https://economics.ucdavis.edu/sites/g/files/dgvnsk13091/files/inline-files/Econometrics%20Prelim2025_August.pdf | https://economics.ucdavis.edu/sites/g/files/dgvnsk13091/files/inline-files/Metrics_Prelim2025.pdf | https://economics.ucdavis.edu/sites/g/files/dgvnsk13091/files/inline-files/Metrics%20Prelim_June_2024.pdf | https://economics.ucdavis.edu/sites/g/files/dgvnsk13091/files/inline-files/econometrics-preliminary-exam-2023-june.pdf | https://economics.ucdavis.edu/sites/g/files/dgvnsk13091/files/inline-files/Econometrics%20Prelim%20June%202022.pdf | https://economics.ucdavis.edu/sites/g/files/dgvnsk13091/files/inline-files/econometrics-preliminary-exam-2021-july.pdf | https://economics.ucdavis.edu/sites/g/files/dgvnsk13091/files/inline-files/econometrics-preliminary-exam-2021-august.pdf | https://economics.ucdavis.edu/sites/g/files/dgvnsk13091/files/inline-files/econometrics-preliminary-exam-2019-july.pdf | https://economics.ucdavis.edu/sites/g/files/dgvnsk13091/files/inline-files/econometrics_prelim_august_2019.pdf | https://economics.ucdavis.edu/sites/g/files/dgvnsk13091/files/inline-files/econometrics-preliminary-exam-2018-july.pdf | https://economics.ucdavis.edu/sites/g/files/dgvnsk13091/files/inline-files/econometrics-preliminary-exam-2018-august.pdf | https://economics.ucdavis.edu/sites/g/files/dgvnsk13091/files/inline-files/are_ecn240b_reference_sheet_2019.pdf | https://economics.ucdavis.edu/sites/g/files/dgvnsk13091/files/inline-files/Macro%20Prelim%20July%202025%20-%20AK.pdf | https://economics.ucdavis.edu/sites/g/files/dgvnsk13091/files/inline-files/Macro_Prelim_July2025_200E_AK.pdf | https://economics.ucdavis.edu/sites/g/files/dgvnsk13091/files/inline-files/Prelim_July_2025_AK_Q1-2.pdf | https://economics.ucdavis.edu/sites/g/files/dgvnsk13091/files/inline-files/PRELIM_JULY_2025_ALL_PARTS.pdf | https://economics.ucdavis.edu/sites/g/files/dgvnsk13091/files/inline-files/Prelim_July_2024_AK_Q1-2.pdf | https://economics.ucdavis.edu/sites/g/files/dgvnsk13091/files/inline-files/Prelim_July_2024_AK_Q3-5.pdf | https://economics.ucdavis.edu/sites/g/files/dgvnsk13091/files/inline-files/Macro%20Prelim%20July%202024.pdf | https://economics.ucdavis.edu/sites/g/files/dgvnsk13091/files/inline-files/MACRO%20PRELIM_JULY_2023.pdf | https://economics.ucdavis.edu/sites/g/files/dgvnsk13091/files/inline-files/Prelim_July_2023_AK_Q1-2.pdf | https://economics.ucdavis.edu/sites/g/files/dgvnsk13091/files/inline-files/Prelim_July_2023_AK_Q3-4.pdf | https://economics.ucdavis.edu/sites/g/files/dgvnsk13091/files/inline-files/Prelim_July_2023_AK_Q5-6.pdf | https://economics.ucdavis.edu/sites/g/files/dgvnsk13091/files/inline-files/Macro%20Prelim%202022.pdf | https://economics.ucdavis.edu/sites/g/files/dgvnsk13091/files/inline-files/Adv%20Econ%20Theory%20Prelim%20July%202004.pdf | https://economics.ucdavis.edu/sites/g/files/dgvnsk13091/files/inline-files/Adv%20Econ%20Theory%20Prelim%20July%202006.pdf | https://economics.ucdavis.edu/sites/g/files/dgvnsk13091/files/inline-files/Adv%20Econ%20Theory%20Prelim%20June%202007.pdf | https://economics.ucdavis.edu/sites/g/files/dgvnsk13091/files/inline-files/Adv%20Econ%20Theory%20Prelim%20Sept%202007.pdf | https://economics.ucdavis.edu/sites/g/files/dgvnsk13091/files/inline-files/Adv%20Econ%20Theory%20Prelim%20June%202008.pdf | https://economics.ucdavis.edu/sites/g/files/dgvnsk13091/files/inline-files/Adv%20Econ%20Theory%20Prelim%20June%202009.pdf | https://economics.ucdavis.edu/sites/g/files/dgvnsk13091/files/inline-files/Econ%20History%20Prelim%20June%202004.pdf | https://economics.ucdavis.edu/sites/g/files/dgvnsk13091/files/inline-files/Econ%20History%20Prelim%20July%202005.pdf | https://economics.ucdavis.edu/sites/g/files/dgvnsk13091/files/inline-files/Econ%20History%20Prelim%20July%202006.pdf | https://economics.ucdavis.edu/sites/g/files/dgvnsk13091/files/inline-files/Econ%20History%20Prelim%20July%202007.pdf | https://economics.ucdavis.edu/sites/g/files/dgvnsk13091/files/inline-files/Econ%20History%20Prelim%20June%202008.pdf | https://economics.ucdavis.edu/sites/g/files/dgvnsk13091/files/inline-files/Econ%20History%20Prelim%20July%202009.pdf | https://economics.ucdavis.edu/sites/g/files/dgvnsk13091/files/inline-files/Economics%20Growth%20Prelim%20July%202003.pdf | https://economics.ucdavis.edu/sites/g/files/dgvnsk13091/files/inline-files/Economics%20Growth%20Prelim%20July%202005.pdf | https://economics.ucdavis.edu/sites/g/files/dgvnsk13091/files/inline-files/Economics%20Growth%20Prelim%20Sept%202005.pdf | https://economics.ucdavis.edu/sites/g/files/dgvnsk13091/files/inline-files/Economics%20Growth%20Prelim%20July%202006.pdf | https://economics.ucdavis.edu/sites/g/files/dgvnsk13091/files/inline-files/Economics%20Growth%20Prelim%20Sept%202006.pdf | https://economics.ucdavis.edu/sites/g/files/dgvnsk13091/files/inline-files/Economic%20Growth%20Prelim%20July%202007.pdf | https://economics.ucdavis.edu/sites/g/files/dgvnsk13091/files/inline-files/Economics%20Growth%20Prelim%20July%202008.pdf | https://economics.ucdavis.edu/sites/g/files/dgvnsk13091/files/inline-files/Industrial%20Organization%20Prelim%20June%202004.pdf | http://www.klenow.com/Idea_Rents.pdf | https://www.jonathandroth.com/assets/files/EvaluatingCounterfactualsWithIV.pdf | https://www.anderson.ucla.edu/faculty_pages/keith.chen/papers/Final_PNAS26.pdf | https://eminakamura.com/papers/Commoditization.pdf,https://economics.ucdavis.edu/sites/g/files/dgvnsk13091/files/inline-files/Macro%20Prelim%202022%20ANSWERS%20200B.pdf | https://economics.ucdavis.edu/sites/g/files/dgvnsk13091/files/inline-files/Macro%20Prelim%202022%20ANSWERS%20200D.pdf | https://economics.ucdavis.edu/sites/g/files/dgvnsk13091/files/inline-files/Macro%20Prelim%202022%20ANSWERS%20200E.pdf | https://economics.ucdavis.edu/sites/g/files/dgvnsk13091/files/inline-files/Industrial%20Organization%20Prelim%20ANSWERS%20June%202004.pdf | https://economics.ucdavis.edu/sites/g/files/dgvnsk13091/files/inline-files/Industrial%20Organization%20Prelim%20ANSWERS%20June%202005.pdf | https://economics.ucdavis.edu/sites/g/files/dgvnsk13091/files/inline-files/Industrial%20Organization%20Prelim%20ANSWERS%20Sept%202005.pdf | https://economics.ucdavis.edu/sites/g/files/dgvnsk13091/files/inline-files/Industrial%20Organization%20Prelim%20ANSWERS%20June%202006.pdf | https://economics.ucdavis.edu/sites/g/files/dgvnsk13091/files/inline-files/Industrial%20Organization%20Prelim%20ANSWERS%20July%202007.pdf | https://economics.ucdavis.edu/sites/g/files/dgvnsk13091/files/inline-files/Industrial%20Organization%20Prelim%20ANSWERS%20Sept%202007.pdf | https://economics.ucdavis.edu/sites/g/files/dgvnsk13091/files/inline-files/Industrial%20Organization%20Prelim%20ANSWERS%20July%202008.pdf,https://economics.ucdavis.edu/past-preliminary-exams
Economics,Econometrics,downloaded,https://economics.ucdavis.edu/past-preliminary-exams | https://economics.sf.ucdavis.edu/sites/g/files/dgvnsk13091/files/inline-files/Graduate%20Handbook%20Fall%202019.pdf | https://economics.sf.ucdavis.edu/sites/g/files/dgvnsk13091/files/inline-files/Graduate%20Handbook%20Fall%202020%20-1.pdf | https://economics.sf.ucdavis.edu/sites/g/files/dgvnsk13091/files/inline-files/Graduate%20Handbook%20Fall%202021.pdf | https://economics.ucdavis.edu/sites/g/files/dgvnsk13091/files/inline-files/Econometrics%20Prelim2025_August.pdf | https://economics.ucdavis.edu/sites/g/files/dgvnsk13091/files/inline-files/Metrics_Prelim2025.pdf | https://economics.ucdavis.edu/sites/g/files/dgvnsk13091/files/inline-files/Metrics%20Prelim_June_2024.pdf | https://economics.ucdavis.edu/sites/g/files/dgvnsk13091/files/inline-files/econometrics-preliminary-exam-2023-june.pdf | https://economics.ucdavis.edu/sites/g/files/dgvnsk13091/files/inline-files/Econometrics%20Prelim%20June%202022.pdf | https://economics.ucdavis.edu/sites/g/files/dgvnsk13091/files/inline-files/econometrics-preliminary-exam-2021-july.pdf | https://economics.ucdavis.edu/sites/g/files/dgvnsk13091/files/inline-files/econometrics-preliminary-exam-2021-august.pdf | https://economics.ucdavis.edu/sites/g/files/dgvnsk13091/files/inline-files/econometrics-preliminary-exam-2019-july.pdf | https://economics.ucdavis.edu/sites/g/files/dgvnsk13091/files/inline-files/econometrics_prelim_august_2019.pdf | https://economics.ucdavis.edu/sites/g/files/dgvnsk13091/files/inline-files/econometrics-preliminary-exam-2018-july.pdf | https://economics.ucdavis.edu/sites/g/files/dgvnsk13091/files/inline-files/econometrics-preliminary-exam-2018-august.pdf | https://economics.ucdavis.edu/sites/g/files/dgvnsk13091/files/inline-files/are_ecn240b_reference_sheet_2019.pdf | https://economics.ucdavis.edu/sites/g/files/dgvnsk13091/files/inline-files/Macro%20Prelim%20July%202025%20-%20AK.pdf | https://economics.ucdavis.edu/sites/g/files/dgvnsk13091/files/inline-files/Macro_Prelim_July2025_200E_AK.pdf | https://economics.ucdavis.edu/sites/g/files/dgvnsk13091/files/inline-files/Prelim_July_2025_AK_Q1-2.pdf | https://economics.ucdavis.edu/sites/g/files/dgvnsk13091/files/inline-files/PRELIM_JULY_2025_ALL_PARTS.pdf | https://economics.ucdavis.edu/sites/g/files/dgvnsk13091/files/inline-files/Prelim_July_2024_AK_Q1-2.pdf | https://economics.ucdavis.edu/sites/g/files/dgvnsk13091/files/inline-files/Prelim_July_2024_AK_Q3-5.pdf | https://economics.ucdavis.edu/sites/g/files/dgvnsk13091/files/inline-files/Macro%20Prelim%20July%202024.pdf | https://economics.ucdavis.edu/sites/g/files/dgvnsk13091/files/inline-files/MACRO%20PRELIM_JULY_2023.pdf | https://economics.ucdavis.edu/sites/g/files/dgvnsk13091/files/inline-files/Prelim_July_2023_AK_Q1-2.pdf | https://economics.ucdavis.edu/sites/g/files/dgvnsk13091/files/inline-files/Prelim_July_2023_AK_Q3-4.pdf | https://economics.ucdavis.edu/sites/g/files/dgvnsk13091/files/inline-files/Prelim_July_2023_AK_Q5-6.pdf | https://economics.ucdavis.edu/sites/g/files/dgvnsk13091/files/inline-files/Macro%20Prelim%202022.pdf | https://economics.ucdavis.edu/sites/g/files/dgvnsk13091/files/inline-files/Adv%20Econ%20Theory%20Prelim%20July%202004.pdf | https://economics.ucdavis.edu/sites/g/files/dgvnsk13091/files/inline-files/Adv%20Econ%20Theory%20Prelim%20July%202006.pdf | https://economics.ucdavis.edu/sites/g/files/dgvnsk13091/files/inline-files/Adv%20Econ%20Theory%20Prelim%20June%202007.pdf | https://economics.ucdavis.edu/sites/g/files/dgvnsk13091/files/inline-files/Adv%20Econ%20Theory%20Prelim%20Sept%202007.pdf | https://economics.ucdavis.edu/sites/g/files/dgvnsk13091/files/inline-files/Adv%20Econ%20Theory%20Prelim%20June%202008.pdf | https://economics.ucdavis.edu/sites/g/files/dgvnsk13091/files/inline-files/Adv%20Econ%20Theory%20Prelim%20June%202009.pdf | https://economics.ucdavis.edu/sites/g/files/dgvnsk13091/files/inline-files/Econ%20History%20Prelim%20June%202004.pdf | https://economics.ucdavis.edu/sites/g/files/dgvnsk13091/files/inline-files/Econ%20History%20Prelim%20July%202005.pdf | https://economics.ucdavis.edu/sites/g/files/dgvnsk13091/files/inline-files/Econ%20History%20Prelim%20July%202006.pdf | https://economics.ucdavis.edu/sites/g/files/dgvnsk13091/files/inline-files/Econ%20History%20Prelim%20July%202007.pdf | https://economics.ucdavis.edu/sites/g/files/dgvnsk13091/files/inline-files/Econ%20History%20Prelim%20June%202008.pdf | https://economics.ucdavis.edu/sites/g/files/dgvnsk13091/files/inline-files/Econ%20History%20Prelim%20July%202009.pdf | https://economics.ucdavis.edu/sites/g/files/dgvnsk13091/files/inline-files/Economics%20Growth%20Prelim%20July%202003.pdf | https://economics.ucdavis.edu/sites/g/files/dgvnsk13091/files/inline-files/Economics%20Growth%20Prelim%20July%202005.pdf | https://economics.ucdavis.edu/sites/g/files/dgvnsk13091/files/inline-files/Economics%20Growth%20Prelim%20Sept%202005.pdf | https://economics.ucdavis.edu/sites/g/files/dgvnsk13091/files/inline-files/Economics%20Growth%20Prelim%20July%202006.pdf | https://economics.ucdavis.edu/sites/g/files/dgvnsk13091/files/inline-files/Economics%20Growth%20Prelim%20Sept%202006.pdf | https://economics.ucdavis.edu/sites/g/files/dgvnsk13091/files/inline-files/Economic%20Growth%20Prelim%20July%202007.pdf | https://economics.ucdavis.edu/sites/g/files/dgvnsk13091/files/inline-files/Economics%20Growth%20Prelim%20July%202008.pdf | https://economics.ucdavis.edu/sites/g/files/dgvnsk13091/files/inline-files/Industrial%20Organization%20Prelim%20June%202004.pdf | http://www.klenow.com/Idea_Rents.pdf | https://www.jonathandroth.com/assets/files/EvaluatingCounterfactualsWithIV.pdf | https://www.anderson.ucla.edu/faculty_pages/keith.chen/papers/Final_PNAS26.pdf | https://eminakamura.com/papers/Commoditization.pdf,https://economics.ucdavis.edu/sites/g/files/dgvnsk13091/files/inline-files/Macro%20Prelim%202022%20ANSWERS%20200B.pdf | https://economics.ucdavis.edu/sites/g/files/dgvnsk13091/files/inline-files/Macro%20Prelim%202022%20ANSWERS%20200D.pdf | https://economics.ucdavis.edu/sites/g/files/dgvnsk13091/files/inline-files/Macro%20Prelim%202022%20ANSWERS%20200E.pdf | https://economics.ucdavis.edu/sites/g/files/dgvnsk13091/files/inline-files/Industrial%20Organization%20Prelim%20ANSWERS%20June%202004.pdf | https://economics.ucdavis.edu/sites/g/files/dgvnsk13091/files/inline-files/Industrial%20Organization%20Prelim%20ANSWERS%20June%202005.pdf | https://economics.ucdavis.edu/sites/g/files/dgvnsk13091/files/inline-files/Industrial%20Organization%20Prelim%20ANSWERS%20Sept%202005.pdf | https://economics.ucdavis.edu/sites/g/files/dgvnsk13091/files/inline-files/Industrial%20Organization%20Prelim%20ANSWERS%20June%202006.pdf | https://economics.ucdavis.edu/sites/g/files/dgvnsk13091/files/inline-files/Industrial%20Organization%20Prelim%20ANSWERS%20July%202007.pdf | https://economics.ucdavis.edu/sites/g/files/dgvnsk13091/files/inline-files/Industrial%20Organization%20Prelim%20ANSWERS%20Sept%202007.pdf | https://economics.ucdavis.edu/sites/g/files/dgvnsk13091/files/inline-files/Industrial%20Organization%20Prelim%20ANSWERS%20July%202008.pdf,https://economics.ucdavis.edu/past-preliminary-exams
Economics,Economic History,downloaded,https://economics.ucdavis.edu/past-preliminary-exams | https://economics.sf.ucdavis.edu/sites/g/files/dgvnsk13091/files/inline-files/Graduate%20Handbook%20Fall%202019.pdf | https://economics.sf.ucdavis.edu/sites/g/files/dgvnsk13091/files/inline-files/Graduate%20Handbook%20Fall%202020%20-1.pdf | https://economics.sf.ucdavis.edu/sites/g/files/dgvnsk13091/files/inline-files/Graduate%20Handbook%20Fall%202021.pdf | https://economics.ucdavis.edu/sites/g/files/dgvnsk13091/files/inline-files/Econometrics%20Prelim2025_August.pdf | https://economics.ucdavis.edu/sites/g/files/dgvnsk13091/files/inline-files/Metrics_Prelim2025.pdf | https://economics.ucdavis.edu/sites/g/files/dgvnsk13091/files/inline-files/Metrics%20Prelim_June_2024.pdf | https://economics.ucdavis.edu/sites/g/files/dgvnsk13091/files/inline-files/econometrics-preliminary-exam-2023-june.pdf | https://economics.ucdavis.edu/sites/g/files/dgvnsk13091/files/inline-files/Econometrics%20Prelim%20June%202022.pdf | https://economics.ucdavis.edu/sites/g/files/dgvnsk13091/files/inline-files/econometrics-preliminary-exam-2021-july.pdf | https://economics.ucdavis.edu/sites/g/files/dgvnsk13091/files/inline-files/econometrics-preliminary-exam-2021-august.pdf | https://economics.ucdavis.edu/sites/g/files/dgvnsk13091/files/inline-files/econometrics-preliminary-exam-2019-july.pdf | https://economics.ucdavis.edu/sites/g/files/dgvnsk13091/files/inline-files/econometrics_prelim_august_2019.pdf | https://economics.ucdavis.edu/sites/g/files/dgvnsk13091/files/inline-files/econometrics-preliminary-exam-2018-july.pdf | https://economics.ucdavis.edu/sites/g/files/dgvnsk13091/files/inline-files/econometrics-preliminary-exam-2018-august.pdf | https://economics.ucdavis.edu/sites/g/files/dgvnsk13091/files/inline-files/are_ecn240b_reference_sheet_2019.pdf | https://economics.ucdavis.edu/sites/g/files/dgvnsk13091/files/inline-files/Macro%20Prelim%20July%202025%20-%20AK.pdf | https://economics.ucdavis.edu/sites/g/files/dgvnsk13091/files/inline-files/Macro_Prelim_July2025_200E_AK.pdf | https://economics.ucdavis.edu/sites/g/files/dgvnsk13091/files/inline-files/Prelim_July_2025_AK_Q1-2.pdf | https://economics.ucdavis.edu/sites/g/files/dgvnsk13091/files/inline-files/PRELIM_JULY_2025_ALL_PARTS.pdf | https://economics.ucdavis.edu/sites/g/files/dgvnsk13091/files/inline-files/Prelim_July_2024_AK_Q1-2.pdf | https://economics.ucdavis.edu/sites/g/files/dgvnsk13091/files/inline-files/Prelim_July_2024_AK_Q3-5.pdf | https://economics.ucdavis.edu/sites/g/files/dgvnsk13091/files/inline-files/Macro%20Prelim%20July%202024.pdf | https://economics.ucdavis.edu/sites/g/files/dgvnsk13091/files/inline-files/MACRO%20PRELIM_JULY_2023.pdf | https://economics.ucdavis.edu/sites/g/files/dgvnsk13091/files/inline-files/Prelim_July_2023_AK_Q1-2.pdf | https://economics.ucdavis.edu/sites/g/files/dgvnsk13091/files/inline-files/Prelim_July_2023_AK_Q3-4.pdf | https://economics.ucdavis.edu/sites/g/files/dgvnsk13091/files/inline-files/Prelim_July_2023_AK_Q5-6.pdf | https://economics.ucdavis.edu/sites/g/files/dgvnsk13091/files/inline-files/Macro%20Prelim%202022.pdf | https://economics.ucdavis.edu/sites/g/files/dgvnsk13091/files/inline-files/Adv%20Econ%20Theory%20Prelim%20July%202004.pdf | https://economics.ucdavis.edu/sites/g/files/dgvnsk13091/files/inline-files/Adv%20Econ%20Theory%20Prelim%20July%202006.pdf | https://economics.ucdavis.edu/sites/g/files/dgvnsk13091/files/inline-files/Adv%20Econ%20Theory%20Prelim%20June%202007.pdf | https://economics.ucdavis.edu/sites/g/files/dgvnsk13091/files/inline-files/Adv%20Econ%20Theory%20Prelim%20Sept%202007.pdf | https://economics.ucdavis.edu/sites/g/files/dgvnsk13091/files/inline-files/Adv%20Econ%20Theory%20Prelim%20June%202008.pdf | https://economics.ucdavis.edu/sites/g/files/dgvnsk13091/files/inline-files/Adv%20Econ%20Theory%20Prelim%20June%202009.pdf | https://economics.ucdavis.edu/sites/g/files/dgvnsk13091/files/inline-files/Econ%20History%20Prelim%20June%202004.pdf | https://economics.ucdavis.edu/sites/g/files/dgvnsk13091/files/inline-files/Econ%20History%20Prelim%20July%202005.pdf | https://economics.ucdavis.edu/sites/g/files/dgvnsk13091/files/inline-files/Econ%20History%20Prelim%20July%202006.pdf | https://economics.ucdavis.edu/sites/g/files/dgvnsk13091/files/inline-files/Econ%20History%20Prelim%20July%202007.pdf | https://economics.ucdavis.edu/sites/g/files/dgvnsk13091/files/inline-files/Econ%20History%20Prelim%20June%202008.pdf | https://economics.ucdavis.edu/sites/g/files/dgvnsk13091/files/inline-files/Econ%20History%20Prelim%20July%202009.pdf | https://economics.ucdavis.edu/sites/g/files/dgvnsk13091/files/inline-files/Economics%20Growth%20Prelim%20July%202003.pdf | https://economics.ucdavis.edu/sites/g/files/dgvnsk13091/files/inline-files/Economics%20Growth%20Prelim%20July%202005.pdf | https://economics.ucdavis.edu/sites/g/files/dgvnsk13091/files/inline-files/Economics%20Growth%20Prelim%20Sept%202005.pdf | https://economics.ucdavis.edu/sites/g/files/dgvnsk13091/files/inline-files/Economics%20Growth%20Prelim%20July%202006.pdf | https://economics.ucdavis.edu/sites/g/files/dgvnsk13091/files/inline-files/Economics%20Growth%20Prelim%20Sept%202006.pdf | https://economics.ucdavis.edu/sites/g/files/dgvnsk13091/files/inline-files/Economic%20Growth%20Prelim%20July%202007.pdf | https://economics.ucdavis.edu/sites/g/files/dgvnsk13091/files/inline-files/Economics%20Growth%20Prelim%20July%202008.pdf | https://economics.ucdavis.edu/sites/g/files/dgvnsk13091/files/inline-files/Industrial%20Organization%20Prelim%20June%202004.pdf | http://www.klenow.com/Idea_Rents.pdf | https://www.jonathandroth.com/assets/files/EvaluatingCounterfactualsWithIV.pdf | https://www.anderson.ucla.edu/faculty_pages/keith.chen/papers/Final_PNAS26.pdf | https://eminakamura.com/papers/Commoditization.pdf,https://economics.ucdavis.edu/sites/g/files/dgvnsk13091/files/inline-files/Macro%20Prelim%202022%20ANSWERS%20200B.pdf | https://economics.ucdavis.edu/sites/g/files/dgvnsk13091/files/inline-files/Macro%20Prelim%202022%20ANSWERS%20200D.pdf | https://economics.ucdavis.edu/sites/g/files/dgvnsk13091/files/inline-files/Macro%20Prelim%202022%20ANSWERS%20200E.pdf | https://economics.ucdavis.edu/sites/g/files/dgvnsk13091/files/inline-files/Industrial%20Organization%20Prelim%20ANSWERS%20June%202004.pdf | https://economics.ucdavis.edu/sites/g/files/dgvnsk13091/files/inline-files/Industrial%20Organization%20Prelim%20ANSWERS%20June%202005.pdf | https://economics.ucdavis.edu/sites/g/files/dgvnsk13091/files/inline-files/Industrial%20Organization%20Prelim%20ANSWERS%20Sept%202005.pdf | https://economics.ucdavis.edu/sites/g/files/dgvnsk13091/files/inline-files/Industrial%20Organization%20Prelim%20ANSWERS%20June%202006.pdf | https://economics.ucdavis.edu/sites/g/files/dgvnsk13091/files/inline-files/Industrial%20Organization%20Prelim%20ANSWERS%20July%202007.pdf | https://economics.ucdavis.edu/sites/g/files/dgvnsk13091/files/inline-files/Industrial%20Organization%20Prelim%20ANSWERS%20Sept%202007.pdf | https://economics.ucdavis.edu/sites/g/files/dgvnsk13091/files/inline-files/Industrial%20Organization%20Prelim%20ANSWERS%20July%202008.pdf,https://economics.ucdavis.edu/past-preliminary-exams
Economics,Environmental & Resource Economics,downloaded,https://economics.ucdavis.edu/past-preliminary-exams | https://economics.sf.ucdavis.edu/sites/g/files/dgvnsk13091/files/inline-files/Graduate%20Handbook%20Fall%202019.pdf | https://economics.sf.ucdavis.edu/sites/g/files/dgvnsk13091/files/inline-files/Graduate%20Handbook%20Fall%202020%20-1.pdf | https://economics.sf.ucdavis.edu/sites/g/files/dgvnsk13091/files/inline-files/Graduate%20Handbook%20Fall%202021.pdf | https://economics.ucdavis.edu/sites/g/files/dgvnsk13091/files/inline-files/Econometrics%20Prelim2025_August.pdf | https://economics.ucdavis.edu/sites/g/files/dgvnsk13091/files/inline-files/Metrics_Prelim2025.pdf | https://economics.ucdavis.edu/sites/g/files/dgvnsk13091/files/inline-files/Metrics%20Prelim_June_2024.pdf | https://economics.ucdavis.edu/sites/g/files/dgvnsk13091/files/inline-files/econometrics-preliminary-exam-2023-june.pdf | https://economics.ucdavis.edu/sites/g/files/dgvnsk13091/files/inline-files/Econometrics%20Prelim%20June%202022.pdf | https://economics.ucdavis.edu/sites/g/files/dgvnsk13091/files/inline-files/econometrics-preliminary-exam-2021-july.pdf | https://economics.ucdavis.edu/sites/g/files/dgvnsk13091/files/inline-files/econometrics-preliminary-exam-2021-august.pdf | https://economics.ucdavis.edu/sites/g/files/dgvnsk13091/files/inline-files/econometrics-preliminary-exam-2019-july.pdf | https://economics.ucdavis.edu/sites/g/files/dgvnsk13091/files/inline-files/econometrics_prelim_august_2019.pdf | https://economics.ucdavis.edu/sites/g/files/dgvnsk13091/files/inline-files/econometrics-preliminary-exam-2018-july.pdf | https://economics.ucdavis.edu/sites/g/files/dgvnsk13091/files/inline-files/econometrics-preliminary-exam-2018-august.pdf | https://economics.ucdavis.edu/sites/g/files/dgvnsk13091/files/inline-files/are_ecn240b_reference_sheet_2019.pdf | https://economics.ucdavis.edu/sites/g/files/dgvnsk13091/files/inline-files/Macro%20Prelim%20July%202025%20-%20AK.pdf | https://economics.ucdavis.edu/sites/g/files/dgvnsk13091/files/inline-files/Macro_Prelim_July2025_200E_AK.pdf | https://economics.ucdavis.edu/sites/g/files/dgvnsk13091/files/inline-files/Prelim_July_2025_AK_Q1-2.pdf | https://economics.ucdavis.edu/sites/g/files/dgvnsk13091/files/inline-files/PRELIM_JULY_2025_ALL_PARTS.pdf | https://economics.ucdavis.edu/sites/g/files/dgvnsk13091/files/inline-files/Prelim_July_2024_AK_Q1-2.pdf | https://economics.ucdavis.edu/sites/g/files/dgvnsk13091/files/inline-files/Prelim_July_2024_AK_Q3-5.pdf | https://economics.ucdavis.edu/sites/g/files/dgvnsk13091/files/inline-files/Macro%20Prelim%20July%202024.pdf | https://economics.ucdavis.edu/sites/g/files/dgvnsk13091/files/inline-files/MACRO%20PRELIM_JULY_2023.pdf | https://economics.ucdavis.edu/sites/g/files/dgvnsk13091/files/inline-files/Prelim_July_2023_AK_Q1-2.pdf | https://economics.ucdavis.edu/sites/g/files/dgvnsk13091/files/inline-files/Prelim_July_2023_AK_Q3-4.pdf | https://economics.ucdavis.edu/sites/g/files/dgvnsk13091/files/inline-files/Prelim_July_2023_AK_Q5-6.pdf | https://economics.ucdavis.edu/sites/g/files/dgvnsk13091/files/inline-files/Macro%20Prelim%202022.pdf | https://economics.ucdavis.edu/sites/g/files/dgvnsk13091/files/inline-files/Adv%20Econ%20Theory%20Prelim%20July%202004.pdf | https://economics.ucdavis.edu/sites/g/files/dgvnsk13091/files/inline-files/Adv%20Econ%20Theory%20Prelim%20July%202006.pdf | https://economics.ucdavis.edu/sites/g/files/dgvnsk13091/files/inline-files/Adv%20Econ%20Theory%20Prelim%20June%202007.pdf | https://economics.ucdavis.edu/sites/g/files/dgvnsk13091/files/inline-files/Adv%20Econ%20Theory%20Prelim%20Sept%202007.pdf | https://economics.ucdavis.edu/sites/g/files/dgvnsk13091/files/inline-files/Adv%20Econ%20Theory%20Prelim%20June%202008.pdf | https://economics.ucdavis.edu/sites/g/files/dgvnsk13091/files/inline-files/Adv%20Econ%20Theory%20Prelim%20June%202009.pdf | https://economics.ucdavis.edu/sites/g/files/dgvnsk13091/files/inline-files/Econ%20History%20Prelim%20June%202004.pdf | https://economics.ucdavis.edu/sites/g/files/dgvnsk13091/files/inline-files/Econ%20History%20Prelim%20July%202005.pdf | https://economics.ucdavis.edu/sites/g/files/dgvnsk13091/files/inline-files/Econ%20History%20Prelim%20July%202006.pdf | https://economics.ucdavis.edu/sites/g/files/dgvnsk13091/files/inline-files/Econ%20History%20Prelim%20July%202007.pdf | https://economics.ucdavis.edu/sites/g/files/dgvnsk13091/files/inline-files/Econ%20History%20Prelim%20June%202008.pdf | https://economics.ucdavis.edu/sites/g/files/dgvnsk13091/files/inline-files/Econ%20History%20Prelim%20July%202009.pdf | https://economics.ucdavis.edu/sites/g/files/dgvnsk13091/files/inline-files/Economics%20Growth%20Prelim%20July%202003.pdf | https://economics.ucdavis.edu/sites/g/files/dgvnsk13091/files/inline-files/Economics%20Growth%20Prelim%20July%202005.pdf | https://economics.ucdavis.edu/sites/g/files/dgvnsk13091/files/inline-files/Economics%20Growth%20Prelim%20Sept%202005.pdf | https://economics.ucdavis.edu/sites/g/files/dgvnsk13091/files/inline-files/Economics%20Growth%20Prelim%20July%202006.pdf | https://economics.ucdavis.edu/sites/g/files/dgvnsk13091/files/inline-files/Economics%20Growth%20Prelim%20Sept%202006.pdf | https://economics.ucdavis.edu/sites/g/files/dgvnsk13091/files/inline-files/Economic%20Growth%20Prelim%20July%202007.pdf | https://economics.ucdavis.edu/sites/g/files/dgvnsk13091/files/inline-files/Economics%20Growth%20Prelim%20July%202008.pdf | https://economics.ucdavis.edu/sites/g/files/dgvnsk13091/files/inline-files/Industrial%20Organization%20Prelim%20June%202004.pdf | http://www.klenow.com/Idea_Rents.pdf | https://www.jonathandroth.com/assets/files/EvaluatingCounterfactualsWithIV.pdf | https://www.anderson.ucla.edu/faculty_pages/keith.chen/papers/Final_PNAS26.pdf | https://eminakamura.com/papers/Commoditization.pdf,https://economics.ucdavis.edu/sites/g/files/dgvnsk13091/files/inline-files/Macro%20Prelim%202022%20ANSWERS%20200B.pdf | https://economics.ucdavis.edu/sites/g/files/dgvnsk13091/files/inline-files/Macro%20Prelim%202022%20ANSWERS%20200D.pdf | https://economics.ucdavis.edu/sites/g/files/dgvnsk13091/files/inline-files/Macro%20Prelim%202022%20ANSWERS%20200E.pdf | https://economics.ucdavis.edu/sites/g/files/dgvnsk13091/files/inline-files/Industrial%20Organization%20Prelim%20ANSWERS%20June%202004.pdf | https://economics.ucdavis.edu/sites/g/files/dgvnsk13091/files/inline-files/Industrial%20Organization%20Prelim%20ANSWERS%20June%202005.pdf | https://economics.ucdavis.edu/sites/g/files/dgvnsk13091/files/inline-files/Industrial%20Organization%20Prelim%20ANSWERS%20Sept%202005.pdf | https://economics.ucdavis.edu/sites/g/files/dgvnsk13091/files/inline-files/Industrial%20Organization%20Prelim%20ANSWERS%20June%202006.pdf | https://economics.ucdavis.edu/sites/g/files/dgvnsk13091/files/inline-files/Industrial%20Organization%20Prelim%20ANSWERS%20July%202007.pdf | https://economics.ucdavis.edu/sites/g/files/dgvnsk13091/files/inline-files/Industrial%20Organization%20Prelim%20ANSWERS%20Sept%202007.pdf | https://economics.ucdavis.edu/sites/g/files/dgvnsk13091/files/inline-files/Industrial%20Organization%20Prelim%20ANSWERS%20July%202008.pdf,https://economics.ucdavis.edu/past-preliminary-exams
Economics,Experimental Economics,downloaded,https://economics.ucdavis.edu/past-preliminary-exams | https://economics.sf.ucdavis.edu/sites/g/files/dgvnsk13091/files/inline-files/Graduate%20Handbook%20Fall%202019.pdf | https://economics.sf.ucdavis.edu/sites/g/files/dgvnsk13091/files/inline-files/Graduate%20Handbook%20Fall%202020%20-1.pdf | https://economics.sf.ucdavis.edu/sites/g/files/dgvnsk13091/files/inline-files/Graduate%20Handbook%20Fall%202021.pdf | https://economics.ucdavis.edu/sites/g/files/dgvnsk13091/files/inline-files/Econometrics%20Prelim2025_August.pdf | https://economics.ucdavis.edu/sites/g/files/dgvnsk13091/files/inline-files/Metrics_Prelim2025.pdf | https://economics.ucdavis.edu/sites/g/files/dgvnsk13091/files/inline-files/Metrics%20Prelim_June_2024.pdf | https://economics.ucdavis.edu/sites/g/files/dgvnsk13091/files/inline-files/econometrics-preliminary-exam-2023-june.pdf | https://economics.ucdavis.edu/sites/g/files/dgvnsk13091/files/inline-files/Econometrics%20Prelim%20June%202022.pdf | https://economics.ucdavis.edu/sites/g/files/dgvnsk13091/files/inline-files/econometrics-preliminary-exam-2021-july.pdf | https://economics.ucdavis.edu/sites/g/files/dgvnsk13091/files/inline-files/econometrics-preliminary-exam-2021-august.pdf | https://economics.ucdavis.edu/sites/g/files/dgvnsk13091/files/inline-files/econometrics-preliminary-exam-2019-july.pdf | https://economics.ucdavis.edu/sites/g/files/dgvnsk13091/files/inline-files/econometrics_prelim_august_2019.pdf | https://economics.ucdavis.edu/sites/g/files/dgvnsk13091/files/inline-files/econometrics-preliminary-exam-2018-july.pdf | https://economics.ucdavis.edu/sites/g/files/dgvnsk13091/files/inline-files/econometrics-preliminary-exam-2018-august.pdf | https://economics.ucdavis.edu/sites/g/files/dgvnsk13091/files/inline-files/are_ecn240b_reference_sheet_2019.pdf | https://economics.ucdavis.edu/sites/g/files/dgvnsk13091/files/inline-files/Macro%20Prelim%20July%202025%20-%20AK.pdf | https://economics.ucdavis.edu/sites/g/files/dgvnsk13091/files/inline-files/Macro_Prelim_July2025_200E_AK.pdf | https://economics.ucdavis.edu/sites/g/files/dgvnsk13091/files/inline-files/Prelim_July_2025_AK_Q1-2.pdf | https://economics.ucdavis.edu/sites/g/files/dgvnsk13091/files/inline-files/PRELIM_JULY_2025_ALL_PARTS.pdf | https://economics.ucdavis.edu/sites/g/files/dgvnsk13091/files/inline-files/Prelim_July_2024_AK_Q1-2.pdf | https://economics.ucdavis.edu/sites/g/files/dgvnsk13091/files/inline-files/Prelim_July_2024_AK_Q3-5.pdf | https://economics.ucdavis.edu/sites/g/files/dgvnsk13091/files/inline-files/Macro%20Prelim%20July%202024.pdf | https://economics.ucdavis.edu/sites/g/files/dgvnsk13091/files/inline-files/MACRO%20PRELIM_JULY_2023.pdf | https://economics.ucdavis.edu/sites/g/files/dgvnsk13091/files/inline-files/Prelim_July_2023_AK_Q1-2.pdf | https://economics.ucdavis.edu/sites/g/files/dgvnsk13091/files/inline-files/Prelim_July_2023_AK_Q3-4.pdf | https://economics.ucdavis.edu/sites/g/files/dgvnsk13091/files/inline-files/Prelim_July_2023_AK_Q5-6.pdf | https://economics.ucdavis.edu/sites/g/files/dgvnsk13091/files/inline-files/Macro%20Prelim%202022.pdf | https://economics.ucdavis.edu/sites/g/files/dgvnsk13091/files/inline-files/Adv%20Econ%20Theory%20Prelim%20July%202004.pdf | https://economics.ucdavis.edu/sites/g/files/dgvnsk13091/files/inline-files/Adv%20Econ%20Theory%20Prelim%20July%202006.pdf | https://economics.ucdavis.edu/sites/g/files/dgvnsk13091/files/inline-files/Adv%20Econ%20Theory%20Prelim%20June%202007.pdf | https://economics.ucdavis.edu/sites/g/files/dgvnsk13091/files/inline-files/Adv%20Econ%20Theory%20Prelim%20Sept%202007.pdf | https://economics.ucdavis.edu/sites/g/files/dgvnsk13091/files/inline-files/Adv%20Econ%20Theory%20Prelim%20June%202008.pdf | https://economics.ucdavis.edu/sites/g/files/dgvnsk13091/files/inline-files/Adv%20Econ%20Theory%20Prelim%20June%202009.pdf | https://economics.ucdavis.edu/sites/g/files/dgvnsk13091/files/inline-files/Econ%20History%20Prelim%20June%202004.pdf | https://economics.ucdavis.edu/sites/g/files/dgvnsk13091/files/inline-files/Econ%20History%20Prelim%20July%202005.pdf | https://economics.ucdavis.edu/sites/g/files/dgvnsk13091/files/inline-files/Econ%20History%20Prelim%20July%202006.pdf | https://economics.ucdavis.edu/sites/g/files/dgvnsk13091/files/inline-files/Econ%20History%20Prelim%20July%202007.pdf | https://economics.ucdavis.edu/sites/g/files/dgvnsk13091/files/inline-files/Econ%20History%20Prelim%20June%202008.pdf | https://economics.ucdavis.edu/sites/g/files/dgvnsk13091/files/inline-files/Econ%20History%20Prelim%20July%202009.pdf | https://economics.ucdavis.edu/sites/g/files/dgvnsk13091/files/inline-files/Economics%20Growth%20Prelim%20July%202003.pdf | https://economics.ucdavis.edu/sites/g/files/dgvnsk13091/files/inline-files/Economics%20Growth%20Prelim%20July%202005.pdf | https://economics.ucdavis.edu/sites/g/files/dgvnsk13091/files/inline-files/Economics%20Growth%20Prelim%20Sept%202005.pdf | https://economics.ucdavis.edu/sites/g/files/dgvnsk13091/files/inline-files/Economics%20Growth%20Prelim%20July%202006.pdf | https://economics.ucdavis.edu/sites/g/files/dgvnsk13091/files/inline-files/Economics%20Growth%20Prelim%20Sept%202006.pdf | https://economics.ucdavis.edu/sites/g/files/dgvnsk13091/files/inline-files/Economic%20Growth%20Prelim%20July%202007.pdf | https://economics.ucdavis.edu/sites/g/files/dgvnsk13091/files/inline-files/Economics%20Growth%20Prelim%20July%202008.pdf | https://economics.ucdavis.edu/sites/g/files/dgvnsk13091/files/inline-files/Industrial%20Organization%20Prelim%20June%202004.pdf | http://www.klenow.com/Idea_Rents.pdf | https://www.jonathandroth.com/assets/files/EvaluatingCounterfactualsWithIV.pdf | https://www.anderson.ucla.edu/faculty_pages/keith.chen/papers/Final_PNAS26.pdf | https://eminakamura.com/papers/Commoditization.pdf,https://economics.ucdavis.edu/sites/g/files/dgvnsk13091/files/inline-files/Macro%20Prelim%202022%20ANSWERS%20200B.pdf | https://economics.ucdavis.edu/sites/g/files/dgvnsk13091/files/inline-files/Macro%20Prelim%202022%20ANSWERS%20200D.pdf | https://economics.ucdavis.edu/sites/g/files/dgvnsk13091/files/inline-files/Macro%20Prelim%202022%20ANSWERS%20200E.pdf | https://economics.ucdavis.edu/sites/g/files/dgvnsk13091/files/inline-files/Industrial%20Organization%20Prelim%20ANSWERS%20June%202004.pdf | https://economics.ucdavis.edu/sites/g/files/dgvnsk13091/files/inline-files/Industrial%20Organization%20Prelim%20ANSWERS%20June%202005.pdf | https://economics.ucdavis.edu/sites/g/files/dgvnsk13091/files/inline-files/Industrial%20Organization%20Prelim%20ANSWERS%20Sept%202005.pdf | https://economics.ucdavis.edu/sites/g/files/dgvnsk13091/files/inline-files/Industrial%20Organization%20Prelim%20ANSWERS%20June%202006.pdf | https://economics.ucdavis.edu/sites/g/files/dgvnsk13091/files/inline-files/Industrial%20Organization%20Prelim%20ANSWERS%20July%202007.pdf | https://economics.ucdavis.edu/sites/g/files/dgvnsk13091/files/inline-files/Industrial%20Organization%20Prelim%20ANSWERS%20Sept%202007.pdf | https://economics.ucdavis.edu/sites/g/files/dgvnsk13091/files/inline-files/Industrial%20Organization%20Prelim%20ANSWERS%20July%202008.pdf,https://economics.ucdavis.edu/past-preliminary-exams
Economics,Financial Economics & Asset Pricing,downloaded,https://economics.ucdavis.edu/past-preliminary-exams | https://economics.sf.ucdavis.edu/sites/g/files/dgvnsk13091/files/inline-files/Graduate%20Handbook%20Fall%202019.pdf | https://economics.sf.ucdavis.edu/sites/g/files/dgvnsk13091/files/inline-files/Graduate%20Handbook%20Fall%202020%20-1.pdf | https://economics.sf.ucdavis.edu/sites/g/files/dgvnsk13091/files/inline-files/Graduate%20Handbook%20Fall%202021.pdf | https://economics.ucdavis.edu/sites/g/files/dgvnsk13091/files/inline-files/Econometrics%20Prelim2025_August.pdf | https://economics.ucdavis.edu/sites/g/files/dgvnsk13091/files/inline-files/Metrics_Prelim2025.pdf | https://economics.ucdavis.edu/sites/g/files/dgvnsk13091/files/inline-files/Metrics%20Prelim_June_2024.pdf | https://economics.ucdavis.edu/sites/g/files/dgvnsk13091/files/inline-files/econometrics-preliminary-exam-2023-june.pdf | https://economics.ucdavis.edu/sites/g/files/dgvnsk13091/files/inline-files/Econometrics%20Prelim%20June%202022.pdf | https://economics.ucdavis.edu/sites/g/files/dgvnsk13091/files/inline-files/econometrics-preliminary-exam-2021-july.pdf | https://economics.ucdavis.edu/sites/g/files/dgvnsk13091/files/inline-files/econometrics-preliminary-exam-2021-august.pdf | https://economics.ucdavis.edu/sites/g/files/dgvnsk13091/files/inline-files/econometrics-preliminary-exam-2019-july.pdf | https://economics.ucdavis.edu/sites/g/files/dgvnsk13091/files/inline-files/econometrics_prelim_august_2019.pdf | https://economics.ucdavis.edu/sites/g/files/dgvnsk13091/files/inline-files/econometrics-preliminary-exam-2018-july.pdf | https://economics.ucdavis.edu/sites/g/files/dgvnsk13091/files/inline-files/econometrics-preliminary-exam-2018-august.pdf | https://economics.ucdavis.edu/sites/g/files/dgvnsk13091/files/inline-files/are_ecn240b_reference_sheet_2019.pdf | https://economics.ucdavis.edu/sites/g/files/dgvnsk13091/files/inline-files/Macro%20Prelim%20July%202025%20-%20AK.pdf | https://economics.ucdavis.edu/sites/g/files/dgvnsk13091/files/inline-files/Macro_Prelim_July2025_200E_AK.pdf | https://economics.ucdavis.edu/sites/g/files/dgvnsk13091/files/inline-files/Prelim_July_2025_AK_Q1-2.pdf | https://economics.ucdavis.edu/sites/g/files/dgvnsk13091/files/inline-files/PRELIM_JULY_2025_ALL_PARTS.pdf | https://economics.ucdavis.edu/sites/g/files/dgvnsk13091/files/inline-files/Prelim_July_2024_AK_Q1-2.pdf | https://economics.ucdavis.edu/sites/g/files/dgvnsk13091/files/inline-files/Prelim_July_2024_AK_Q3-5.pdf | https://economics.ucdavis.edu/sites/g/files/dgvnsk13091/files/inline-files/Macro%20Prelim%20July%202024.pdf | https://economics.ucdavis.edu/sites/g/files/dgvnsk13091/files/inline-files/MACRO%20PRELIM_JULY_2023.pdf | https://economics.ucdavis.edu/sites/g/files/dgvnsk13091/files/inline-files/Prelim_July_2023_AK_Q1-2.pdf | https://economics.ucdavis.edu/sites/g/files/dgvnsk13091/files/inline-files/Prelim_July_2023_AK_Q3-4.pdf | https://economics.ucdavis.edu/sites/g/files/dgvnsk13091/files/inline-files/Prelim_July_2023_AK_Q5-6.pdf | https://economics.ucdavis.edu/sites/g/files/dgvnsk13091/files/inline-files/Macro%20Prelim%202022.pdf | https://economics.ucdavis.edu/sites/g/files/dgvnsk13091/files/inline-files/Adv%20Econ%20Theory%20Prelim%20July%202004.pdf | https://economics.ucdavis.edu/sites/g/files/dgvnsk13091/files/inline-files/Adv%20Econ%20Theory%20Prelim%20July%202006.pdf | https://economics.ucdavis.edu/sites/g/files/dgvnsk13091/files/inline-files/Adv%20Econ%20Theory%20Prelim%20June%202007.pdf | https://economics.ucdavis.edu/sites/g/files/dgvnsk13091/files/inline-files/Adv%20Econ%20Theory%20Prelim%20Sept%202007.pdf | https://economics.ucdavis.edu/sites/g/files/dgvnsk13091/files/inline-files/Adv%20Econ%20Theory%20Prelim%20June%202008.pdf | https://economics.ucdavis.edu/sites/g/files/dgvnsk13091/files/inline-files/Adv%20Econ%20Theory%20Prelim%20June%202009.pdf | https://economics.ucdavis.edu/sites/g/files/dgvnsk13091/files/inline-files/Econ%20History%20Prelim%20June%202004.pdf | https://economics.ucdavis.edu/sites/g/files/dgvnsk13091/files/inline-files/Econ%20History%20Prelim%20July%202005.pdf | https://economics.ucdavis.edu/sites/g/files/dgvnsk13091/files/inline-files/Econ%20History%20Prelim%20July%202006.pdf | https://economics.ucdavis.edu/sites/g/files/dgvnsk13091/files/inline-files/Econ%20History%20Prelim%20July%202007.pdf | https://economics.ucdavis.edu/sites/g/files/dgvnsk13091/files/inline-files/Econ%20History%20Prelim%20June%202008.pdf | https://economics.ucdavis.edu/sites/g/files/dgvnsk13091/files/inline-files/Econ%20History%20Prelim%20July%202009.pdf | https://economics.ucdavis.edu/sites/g/files/dgvnsk13091/files/inline-files/Economics%20Growth%20Prelim%20July%202003.pdf | https://economics.ucdavis.edu/sites/g/files/dgvnsk13091/files/inline-files/Economics%20Growth%20Prelim%20July%202005.pdf | https://economics.ucdavis.edu/sites/g/files/dgvnsk13091/files/inline-files/Economics%20Growth%20Prelim%20Sept%202005.pdf | https://economics.ucdavis.edu/sites/g/files/dgvnsk13091/files/inline-files/Economics%20Growth%20Prelim%20July%202006.pdf | https://economics.ucdavis.edu/sites/g/files/dgvnsk13091/files/inline-files/Economics%20Growth%20Prelim%20Sept%202006.pdf | https://economics.ucdavis.edu/sites/g/files/dgvnsk13091/files/inline-files/Economic%20Growth%20Prelim%20July%202007.pdf | https://economics.ucdavis.edu/sites/g/files/dgvnsk13091/files/inline-files/Economics%20Growth%20Prelim%20July%202008.pdf | https://economics.ucdavis.edu/sites/g/files/dgvnsk13091/files/inline-files/Industrial%20Organization%20Prelim%20June%202004.pdf | http://www.klenow.com/Idea_Rents.pdf | https://www.jonathandroth.com/assets/files/EvaluatingCounterfactualsWithIV.pdf | https://www.anderson.ucla.edu/faculty_pages/keith.chen/papers/Final_PNAS26.pdf | https://eminakamura.com/papers/Commoditization.pdf,https://economics.ucdavis.edu/sites/g/files/dgvnsk13091/files/inline-files/Macro%20Prelim%202022%20ANSWERS%20200B.pdf | https://economics.ucdavis.edu/sites/g/files/dgvnsk13091/files/inline-files/Macro%20Prelim%202022%20ANSWERS%20200D.pdf | https://economics.ucdavis.edu/sites/g/files/dgvnsk13091/files/inline-files/Macro%20Prelim%202022%20ANSWERS%20200E.pdf | https://economics.ucdavis.edu/sites/g/files/dgvnsk13091/files/inline-files/Industrial%20Organization%20Prelim%20ANSWERS%20June%202004.pdf | https://economics.ucdavis.edu/sites/g/files/dgvnsk13091/files/inline-files/Industrial%20Organization%20Prelim%20ANSWERS%20June%202005.pdf | https://economics.ucdavis.edu/sites/g/files/dgvnsk13091/files/inline-files/Industrial%20Organization%20Prelim%20ANSWERS%20Sept%202005.pdf | https://economics.ucdavis.edu/sites/g/files/dgvnsk13091/files/inline-files/Industrial%20Organization%20Prelim%20ANSWERS%20June%202006.pdf | https://economics.ucdavis.edu/sites/g/files/dgvnsk13091/files/inline-files/Industrial%20Organization%20Prelim%20ANSWERS%20July%202007.pdf | https://economics.ucdavis.edu/sites/g/files/dgvnsk13091/files/inline-files/Industrial%20Organization%20Prelim%20ANSWERS%20Sept%202007.pdf | https://economics.ucdavis.edu/sites/g/files/dgvnsk13091/files/inline-files/Industrial%20Organization%20Prelim%20ANSWERS%20July%202008.pdf,https://economics.ucdavis.edu/past-preliminary-exams
Economics,Health Economics,downloaded,https://economics.ucdavis.edu/past-preliminary-exams | https://economics.sf.ucdavis.edu/sites/g/files/dgvnsk13091/files/inline-files/Graduate%20Handbook%20Fall%202019.pdf | https://economics.sf.ucdavis.edu/sites/g/files/dgvnsk13091/files/inline-files/Graduate%20Handbook%20Fall%202020%20-1.pdf | https://economics.sf.ucdavis.edu/sites/g/files/dgvnsk13091/files/inline-files/Graduate%20Handbook%20Fall%202021.pdf | https://economics.ucdavis.edu/sites/g/files/dgvnsk13091/files/inline-files/Econometrics%20Prelim2025_August.pdf | https://economics.ucdavis.edu/sites/g/files/dgvnsk13091/files/inline-files/Metrics_Prelim2025.pdf | https://economics.ucdavis.edu/sites/g/files/dgvnsk13091/files/inline-files/Metrics%20Prelim_June_2024.pdf | https://economics.ucdavis.edu/sites/g/files/dgvnsk13091/files/inline-files/econometrics-preliminary-exam-2023-june.pdf | https://economics.ucdavis.edu/sites/g/files/dgvnsk13091/files/inline-files/Econometrics%20Prelim%20June%202022.pdf | https://economics.ucdavis.edu/sites/g/files/dgvnsk13091/files/inline-files/econometrics-preliminary-exam-2021-july.pdf | https://economics.ucdavis.edu/sites/g/files/dgvnsk13091/files/inline-files/econometrics-preliminary-exam-2021-august.pdf | https://economics.ucdavis.edu/sites/g/files/dgvnsk13091/files/inline-files/econometrics-preliminary-exam-2019-july.pdf | https://economics.ucdavis.edu/sites/g/files/dgvnsk13091/files/inline-files/econometrics_prelim_august_2019.pdf | https://economics.ucdavis.edu/sites/g/files/dgvnsk13091/files/inline-files/econometrics-preliminary-exam-2018-july.pdf | https://economics.ucdavis.edu/sites/g/files/dgvnsk13091/files/inline-files/econometrics-preliminary-exam-2018-august.pdf | https://economics.ucdavis.edu/sites/g/files/dgvnsk13091/files/inline-files/are_ecn240b_reference_sheet_2019.pdf | https://economics.ucdavis.edu/sites/g/files/dgvnsk13091/files/inline-files/Macro%20Prelim%20July%202025%20-%20AK.pdf | https://economics.ucdavis.edu/sites/g/files/dgvnsk13091/files/inline-files/Macro_Prelim_July2025_200E_AK.pdf | https://economics.ucdavis.edu/sites/g/files/dgvnsk13091/files/inline-files/Prelim_July_2025_AK_Q1-2.pdf | https://economics.ucdavis.edu/sites/g/files/dgvnsk13091/files/inline-files/PRELIM_JULY_2025_ALL_PARTS.pdf | https://economics.ucdavis.edu/sites/g/files/dgvnsk13091/files/inline-files/Prelim_July_2024_AK_Q1-2.pdf | https://economics.ucdavis.edu/sites/g/files/dgvnsk13091/files/inline-files/Prelim_July_2024_AK_Q3-5.pdf | https://economics.ucdavis.edu/sites/g/files/dgvnsk13091/files/inline-files/Macro%20Prelim%20July%202024.pdf | https://economics.ucdavis.edu/sites/g/files/dgvnsk13091/files/inline-files/MACRO%20PRELIM_JULY_2023.pdf | https://economics.ucdavis.edu/sites/g/files/dgvnsk13091/files/inline-files/Prelim_July_2023_AK_Q1-2.pdf | https://economics.ucdavis.edu/sites/g/files/dgvnsk13091/files/inline-files/Prelim_July_2023_AK_Q3-4.pdf | https://economics.ucdavis.edu/sites/g/files/dgvnsk13091/files/inline-files/Prelim_July_2023_AK_Q5-6.pdf | https://economics.ucdavis.edu/sites/g/files/dgvnsk13091/files/inline-files/Macro%20Prelim%202022.pdf | https://economics.ucdavis.edu/sites/g/files/dgvnsk13091/files/inline-files/Adv%20Econ%20Theory%20Prelim%20July%202004.pdf | https://economics.ucdavis.edu/sites/g/files/dgvnsk13091/files/inline-files/Adv%20Econ%20Theory%20Prelim%20July%202006.pdf | https://economics.ucdavis.edu/sites/g/files/dgvnsk13091/files/inline-files/Adv%20Econ%20Theory%20Prelim%20June%202007.pdf | https://economics.ucdavis.edu/sites/g/files/dgvnsk13091/files/inline-files/Adv%20Econ%20Theory%20Prelim%20Sept%202007.pdf | https://economics.ucdavis.edu/sites/g/files/dgvnsk13091/files/inline-files/Adv%20Econ%20Theory%20Prelim%20June%202008.pdf | https://economics.ucdavis.edu/sites/g/files/dgvnsk13091/files/inline-files/Adv%20Econ%20Theory%20Prelim%20June%202009.pdf | https://economics.ucdavis.edu/sites/g/files/dgvnsk13091/files/inline-files/Econ%20History%20Prelim%20June%202004.pdf | https://economics.ucdavis.edu/sites/g/files/dgvnsk13091/files/inline-files/Econ%20History%20Prelim%20July%202005.pdf | https://economics.ucdavis.edu/sites/g/files/dgvnsk13091/files/inline-files/Econ%20History%20Prelim%20July%202006.pdf | https://economics.ucdavis.edu/sites/g/files/dgvnsk13091/files/inline-files/Econ%20History%20Prelim%20July%202007.pdf | https://economics.ucdavis.edu/sites/g/files/dgvnsk13091/files/inline-files/Econ%20History%20Prelim%20June%202008.pdf | https://economics.ucdavis.edu/sites/g/files/dgvnsk13091/files/inline-files/Econ%20History%20Prelim%20July%202009.pdf | https://economics.ucdavis.edu/sites/g/files/dgvnsk13091/files/inline-files/Economics%20Growth%20Prelim%20July%202003.pdf | https://economics.ucdavis.edu/sites/g/files/dgvnsk13091/files/inline-files/Economics%20Growth%20Prelim%20July%202005.pdf | https://economics.ucdavis.edu/sites/g/files/dgvnsk13091/files/inline-files/Economics%20Growth%20Prelim%20Sept%202005.pdf | https://economics.ucdavis.edu/sites/g/files/dgvnsk13091/files/inline-files/Economics%20Growth%20Prelim%20July%202006.pdf | https://economics.ucdavis.edu/sites/g/files/dgvnsk13091/files/inline-files/Economics%20Growth%20Prelim%20Sept%202006.pdf | https://economics.ucdavis.edu/sites/g/files/dgvnsk13091/files/inline-files/Economic%20Growth%20Prelim%20July%202007.pdf | https://economics.ucdavis.edu/sites/g/files/dgvnsk13091/files/inline-files/Economics%20Growth%20Prelim%20July%202008.pdf | https://economics.ucdavis.edu/sites/g/files/dgvnsk13091/files/inline-files/Industrial%20Organization%20Prelim%20June%202004.pdf | http://www.klenow.com/Idea_Rents.pdf | https://www.jonathandroth.com/assets/files/EvaluatingCounterfactualsWithIV.pdf | https://www.anderson.ucla.edu/faculty_pages/keith.chen/papers/Final_PNAS26.pdf | https://eminakamura.com/papers/Commoditization.pdf,https://economics.ucdavis.edu/sites/g/files/dgvnsk13091/files/inline-files/Macro%20Prelim%202022%20ANSWERS%20200B.pdf | https://economics.ucdavis.edu/sites/g/files/dgvnsk13091/files/inline-files/Macro%20Prelim%202022%20ANSWERS%20200D.pdf | https://economics.ucdavis.edu/sites/g/files/dgvnsk13091/files/inline-files/Macro%20Prelim%202022%20ANSWERS%20200E.pdf | https://economics.ucdavis.edu/sites/g/files/dgvnsk13091/files/inline-files/Industrial%20Organization%20Prelim%20ANSWERS%20June%202004.pdf | https://economics.ucdavis.edu/sites/g/files/dgvnsk13091/files/inline-files/Industrial%20Organization%20Prelim%20ANSWERS%20June%202005.pdf | https://economics.ucdavis.edu/sites/g/files/dgvnsk13091/files/inline-files/Industrial%20Organization%20Prelim%20ANSWERS%20Sept%202005.pdf | https://economics.ucdavis.edu/sites/g/files/dgvnsk13091/files/inline-files/Industrial%20Organization%20Prelim%20ANSWERS%20June%202006.pdf | https://economics.ucdavis.edu/sites/g/files/dgvnsk13091/files/inline-files/Industrial%20Organization%20Prelim%20ANSWERS%20July%202007.pdf | https://economics.ucdavis.edu/sites/g/files/dgvnsk13091/files/inline-files/Industrial%20Organization%20Prelim%20ANSWERS%20Sept%202007.pdf | https://economics.ucdavis.edu/sites/g/files/dgvnsk13091/files/inline-files/Industrial%20Organization%20Prelim%20ANSWERS%20July%202008.pdf,https://economics.ucdavis.edu/past-preliminary-exams
Economics,Industrial Organization & Competition,downloaded,https://economics.ucdavis.edu/past-preliminary-exams | https://economics.sf.ucdavis.edu/sites/g/files/dgvnsk13091/files/inline-files/Graduate%20Handbook%20Fall%202019.pdf | https://economics.sf.ucdavis.edu/sites/g/files/dgvnsk13091/files/inline-files/Graduate%20Handbook%20Fall%202020%20-1.pdf | https://economics.sf.ucdavis.edu/sites/g/files/dgvnsk13091/files/inline-files/Graduate%20Handbook%20Fall%202021.pdf | https://economics.ucdavis.edu/sites/g/files/dgvnsk13091/files/inline-files/Econometrics%20Prelim2025_August.pdf | https://economics.ucdavis.edu/sites/g/files/dgvnsk13091/files/inline-files/Metrics_Prelim2025.pdf | https://economics.ucdavis.edu/sites/g/files/dgvnsk13091/files/inline-files/Metrics%20Prelim_June_2024.pdf | https://economics.ucdavis.edu/sites/g/files/dgvnsk13091/files/inline-files/econometrics-preliminary-exam-2023-june.pdf | https://economics.ucdavis.edu/sites/g/files/dgvnsk13091/files/inline-files/Econometrics%20Prelim%20June%202022.pdf | https://economics.ucdavis.edu/sites/g/files/dgvnsk13091/files/inline-files/econometrics-preliminary-exam-2021-july.pdf | https://economics.ucdavis.edu/sites/g/files/dgvnsk13091/files/inline-files/econometrics-preliminary-exam-2021-august.pdf | https://economics.ucdavis.edu/sites/g/files/dgvnsk13091/files/inline-files/econometrics-preliminary-exam-2019-july.pdf | https://economics.ucdavis.edu/sites/g/files/dgvnsk13091/files/inline-files/econometrics_prelim_august_2019.pdf | https://economics.ucdavis.edu/sites/g/files/dgvnsk13091/files/inline-files/econometrics-preliminary-exam-2018-july.pdf | https://economics.ucdavis.edu/sites/g/files/dgvnsk13091/files/inline-files/econometrics-preliminary-exam-2018-august.pdf | https://economics.ucdavis.edu/sites/g/files/dgvnsk13091/files/inline-files/are_ecn240b_reference_sheet_2019.pdf | https://economics.ucdavis.edu/sites/g/files/dgvnsk13091/files/inline-files/Macro%20Prelim%20July%202025%20-%20AK.pdf | https://economics.ucdavis.edu/sites/g/files/dgvnsk13091/files/inline-files/Macro_Prelim_July2025_200E_AK.pdf | https://economics.ucdavis.edu/sites/g/files/dgvnsk13091/files/inline-files/Prelim_July_2025_AK_Q1-2.pdf | https://economics.ucdavis.edu/sites/g/files/dgvnsk13091/files/inline-files/PRELIM_JULY_2025_ALL_PARTS.pdf | https://economics.ucdavis.edu/sites/g/files/dgvnsk13091/files/inline-files/Prelim_July_2024_AK_Q1-2.pdf | https://economics.ucdavis.edu/sites/g/files/dgvnsk13091/files/inline-files/Prelim_July_2024_AK_Q3-5.pdf | https://economics.ucdavis.edu/sites/g/files/dgvnsk13091/files/inline-files/Macro%20Prelim%20July%202024.pdf | https://economics.ucdavis.edu/sites/g/files/dgvnsk13091/files/inline-files/MACRO%20PRELIM_JULY_2023.pdf | https://economics.ucdavis.edu/sites/g/files/dgvnsk13091/files/inline-files/Prelim_July_2023_AK_Q1-2.pdf | https://economics.ucdavis.edu/sites/g/files/dgvnsk13091/files/inline-files/Prelim_July_2023_AK_Q3-4.pdf | https://economics.ucdavis.edu/sites/g/files/dgvnsk13091/files/inline-files/Prelim_July_2023_AK_Q5-6.pdf | https://economics.ucdavis.edu/sites/g/files/dgvnsk13091/files/inline-files/Macro%20Prelim%202022.pdf | https://economics.ucdavis.edu/sites/g/files/dgvnsk13091/files/inline-files/Adv%20Econ%20Theory%20Prelim%20July%202004.pdf | https://economics.ucdavis.edu/sites/g/files/dgvnsk13091/files/inline-files/Adv%20Econ%20Theory%20Prelim%20July%202006.pdf | https://economics.ucdavis.edu/sites/g/files/dgvnsk13091/files/inline-files/Adv%20Econ%20Theory%20Prelim%20June%202007.pdf | https://economics.ucdavis.edu/sites/g/files/dgvnsk13091/files/inline-files/Adv%20Econ%20Theory%20Prelim%20Sept%202007.pdf | https://economics.ucdavis.edu/sites/g/files/dgvnsk13091/files/inline-files/Adv%20Econ%20Theory%20Prelim%20June%202008.pdf | https://economics.ucdavis.edu/sites/g/files/dgvnsk13091/files/inline-files/Adv%20Econ%20Theory%20Prelim%20June%202009.pdf | https://economics.ucdavis.edu/sites/g/files/dgvnsk13091/files/inline-files/Econ%20History%20Prelim%20June%202004.pdf | https://economics.ucdavis.edu/sites/g/files/dgvnsk13091/files/inline-files/Econ%20History%20Prelim%20July%202005.pdf | https://economics.ucdavis.edu/sites/g/files/dgvnsk13091/files/inline-files/Econ%20History%20Prelim%20July%202006.pdf | https://economics.ucdavis.edu/sites/g/files/dgvnsk13091/files/inline-files/Econ%20History%20Prelim%20July%202007.pdf | https://economics.ucdavis.edu/sites/g/files/dgvnsk13091/files/inline-files/Econ%20History%20Prelim%20June%202008.pdf | https://economics.ucdavis.edu/sites/g/files/dgvnsk13091/files/inline-files/Econ%20History%20Prelim%20July%202009.pdf | https://economics.ucdavis.edu/sites/g/files/dgvnsk13091/files/inline-files/Economics%20Growth%20Prelim%20July%202003.pdf | https://economics.ucdavis.edu/sites/g/files/dgvnsk13091/files/inline-files/Economics%20Growth%20Prelim%20July%202005.pdf | https://economics.ucdavis.edu/sites/g/files/dgvnsk13091/files/inline-files/Economics%20Growth%20Prelim%20Sept%202005.pdf | https://economics.ucdavis.edu/sites/g/files/dgvnsk13091/files/inline-files/Economics%20Growth%20Prelim%20July%202006.pdf | https://economics.ucdavis.edu/sites/g/files/dgvnsk13091/files/inline-files/Economics%20Growth%20Prelim%20Sept%202006.pdf | https://economics.ucdavis.edu/sites/g/files/dgvnsk13091/files/inline-files/Economic%20Growth%20Prelim%20July%202007.pdf | https://economics.ucdavis.edu/sites/g/files/dgvnsk13091/files/inline-files/Economics%20Growth%20Prelim%20July%202008.pdf | https://economics.ucdavis.edu/sites/g/files/dgvnsk13091/files/inline-files/Industrial%20Organization%20Prelim%20June%202004.pdf | http://www.klenow.com/Idea_Rents.pdf | https://www.jonathandroth.com/assets/files/EvaluatingCounterfactualsWithIV.pdf | https://www.anderson.ucla.edu/faculty_pages/keith.chen/papers/Final_PNAS26.pdf | https://eminakamura.com/papers/Commoditization.pdf,https://economics.ucdavis.edu/sites/g/files/dgvnsk13091/files/inline-files/Macro%20Prelim%202022%20ANSWERS%20200B.pdf | https://economics.ucdavis.edu/sites/g/files/dgvnsk13091/files/inline-files/Macro%20Prelim%202022%20ANSWERS%20200D.pdf | https://economics.ucdavis.edu/sites/g/files/dgvnsk13091/files/inline-files/Macro%20Prelim%202022%20ANSWERS%20200E.pdf | https://economics.ucdavis.edu/sites/g/files/dgvnsk13091/files/inline-files/Industrial%20Organization%20Prelim%20ANSWERS%20June%202004.pdf | https://economics.ucdavis.edu/sites/g/files/dgvnsk13091/files/inline-files/Industrial%20Organization%20Prelim%20ANSWERS%20June%202005.pdf | https://economics.ucdavis.edu/sites/g/files/dgvnsk13091/files/inline-files/Industrial%20Organization%20Prelim%20ANSWERS%20Sept%202005.pdf | https://economics.ucdavis.edu/sites/g/files/dgvnsk13091/files/inline-files/Industrial%20Organization%20Prelim%20ANSWERS%20June%202006.pdf | https://economics.ucdavis.edu/sites/g/files/dgvnsk13091/files/inline-files/Industrial%20Organization%20Prelim%20ANSWERS%20July%202007.pdf | https://economics.ucdavis.edu/sites/g/files/dgvnsk13091/files/inline-files/Industrial%20Organization%20Prelim%20ANSWERS%20Sept%202007.pdf | https://economics.ucdavis.edu/sites/g/files/dgvnsk13091/files/inline-files/Industrial%20Organization%20Prelim%20ANSWERS%20July%202008.pdf,https://economics.ucdavis.edu/past-preliminary-exams
Economics,International Trade & Macroeconomics,downloaded,https://economics.ucdavis.edu/past-preliminary-exams | https://economics.sf.ucdavis.edu/sites/g/files/dgvnsk13091/files/inline-files/Graduate%20Handbook%20Fall%202019.pdf | https://economics.sf.ucdavis.edu/sites/g/files/dgvnsk13091/files/inline-files/Graduate%20Handbook%20Fall%202020%20-1.pdf | https://economics.sf.ucdavis.edu/sites/g/files/dgvnsk13091/files/inline-files/Graduate%20Handbook%20Fall%202021.pdf | https://economics.ucdavis.edu/sites/g/files/dgvnsk13091/files/inline-files/Econometrics%20Prelim2025_August.pdf | https://economics.ucdavis.edu/sites/g/files/dgvnsk13091/files/inline-files/Metrics_Prelim2025.pdf | https://economics.ucdavis.edu/sites/g/files/dgvnsk13091/files/inline-files/Metrics%20Prelim_June_2024.pdf | https://economics.ucdavis.edu/sites/g/files/dgvnsk13091/files/inline-files/econometrics-preliminary-exam-2023-june.pdf | https://economics.ucdavis.edu/sites/g/files/dgvnsk13091/files/inline-files/Econometrics%20Prelim%20June%202022.pdf | https://economics.ucdavis.edu/sites/g/files/dgvnsk13091/files/inline-files/econometrics-preliminary-exam-2021-july.pdf | https://economics.ucdavis.edu/sites/g/files/dgvnsk13091/files/inline-files/econometrics-preliminary-exam-2021-august.pdf | https://economics.ucdavis.edu/sites/g/files/dgvnsk13091/files/inline-files/econometrics-preliminary-exam-2019-july.pdf | https://economics.ucdavis.edu/sites/g/files/dgvnsk13091/files/inline-files/econometrics_prelim_august_2019.pdf | https://economics.ucdavis.edu/sites/g/files/dgvnsk13091/files/inline-files/econometrics-preliminary-exam-2018-july.pdf | https://economics.ucdavis.edu/sites/g/files/dgvnsk13091/files/inline-files/econometrics-preliminary-exam-2018-august.pdf | https://economics.ucdavis.edu/sites/g/files/dgvnsk13091/files/inline-files/are_ecn240b_reference_sheet_2019.pdf | https://economics.ucdavis.edu/sites/g/files/dgvnsk13091/files/inline-files/Macro%20Prelim%20July%202025%20-%20AK.pdf | https://economics.ucdavis.edu/sites/g/files/dgvnsk13091/files/inline-files/Macro_Prelim_July2025_200E_AK.pdf | https://economics.ucdavis.edu/sites/g/files/dgvnsk13091/files/inline-files/Prelim_July_2025_AK_Q1-2.pdf | https://economics.ucdavis.edu/sites/g/files/dgvnsk13091/files/inline-files/PRELIM_JULY_2025_ALL_PARTS.pdf | https://economics.ucdavis.edu/sites/g/files/dgvnsk13091/files/inline-files/Prelim_July_2024_AK_Q1-2.pdf | https://economics.ucdavis.edu/sites/g/files/dgvnsk13091/files/inline-files/Prelim_July_2024_AK_Q3-5.pdf | https://economics.ucdavis.edu/sites/g/files/dgvnsk13091/files/inline-files/Macro%20Prelim%20July%202024.pdf | https://economics.ucdavis.edu/sites/g/files/dgvnsk13091/files/inline-files/MACRO%20PRELIM_JULY_2023.pdf | https://economics.ucdavis.edu/sites/g/files/dgvnsk13091/files/inline-files/Prelim_July_2023_AK_Q1-2.pdf | https://economics.ucdavis.edu/sites/g/files/dgvnsk13091/files/inline-files/Prelim_July_2023_AK_Q3-4.pdf | https://economics.ucdavis.edu/sites/g/files/dgvnsk13091/files/inline-files/Prelim_July_2023_AK_Q5-6.pdf | https://economics.ucdavis.edu/sites/g/files/dgvnsk13091/files/inline-files/Macro%20Prelim%202022.pdf | https://economics.ucdavis.edu/sites/g/files/dgvnsk13091/files/inline-files/Adv%20Econ%20Theory%20Prelim%20July%202004.pdf | https://economics.ucdavis.edu/sites/g/files/dgvnsk13091/files/inline-files/Adv%20Econ%20Theory%20Prelim%20July%202006.pdf | https://economics.ucdavis.edu/sites/g/files/dgvnsk13091/files/inline-files/Adv%20Econ%20Theory%20Prelim%20June%202007.pdf | https://economics.ucdavis.edu/sites/g/files/dgvnsk13091/files/inline-files/Adv%20Econ%20Theory%20Prelim%20Sept%202007.pdf | https://economics.ucdavis.edu/sites/g/files/dgvnsk13091/files/inline-files/Adv%20Econ%20Theory%20Prelim%20June%202008.pdf | https://economics.ucdavis.edu/sites/g/files/dgvnsk13091/files/inline-files/Adv%20Econ%20Theory%20Prelim%20June%202009.pdf | https://economics.ucdavis.edu/sites/g/files/dgvnsk13091/files/inline-files/Econ%20History%20Prelim%20June%202004.pdf | https://economics.ucdavis.edu/sites/g/files/dgvnsk13091/files/inline-files/Econ%20History%20Prelim%20July%202005.pdf | https://economics.ucdavis.edu/sites/g/files/dgvnsk13091/files/inline-files/Econ%20History%20Prelim%20July%202006.pdf | https://economics.ucdavis.edu/sites/g/files/dgvnsk13091/files/inline-files/Econ%20History%20Prelim%20July%202007.pdf | https://economics.ucdavis.edu/sites/g/files/dgvnsk13091/files/inline-files/Econ%20History%20Prelim%20June%202008.pdf | https://economics.ucdavis.edu/sites/g/files/dgvnsk13091/files/inline-files/Econ%20History%20Prelim%20July%202009.pdf | https://economics.ucdavis.edu/sites/g/files/dgvnsk13091/files/inline-files/Economics%20Growth%20Prelim%20July%202003.pdf | https://economics.ucdavis.edu/sites/g/files/dgvnsk13091/files/inline-files/Economics%20Growth%20Prelim%20July%202005.pdf | https://economics.ucdavis.edu/sites/g/files/dgvnsk13091/files/inline-files/Economics%20Growth%20Prelim%20Sept%202005.pdf | https://economics.ucdavis.edu/sites/g/files/dgvnsk13091/files/inline-files/Economics%20Growth%20Prelim%20July%202006.pdf | https://economics.ucdavis.edu/sites/g/files/dgvnsk13091/files/inline-files/Economics%20Growth%20Prelim%20Sept%202006.pdf | https://economics.ucdavis.edu/sites/g/files/dgvnsk13091/files/inline-files/Economic%20Growth%20Prelim%20July%202007.pdf | https://economics.ucdavis.edu/sites/g/files/dgvnsk13091/files/inline-files/Economics%20Growth%20Prelim%20July%202008.pdf | https://economics.ucdavis.edu/sites/g/files/dgvnsk13091/files/inline-files/Industrial%20Organization%20Prelim%20June%202004.pdf | http://www.klenow.com/Idea_Rents.pdf | https://www.jonathandroth.com/assets/files/EvaluatingCounterfactualsWithIV.pdf | https://www.anderson.ucla.edu/faculty_pages/keith.chen/papers/Final_PNAS26.pdf | https://eminakamura.com/papers/Commoditization.pdf,https://economics.ucdavis.edu/sites/g/files/dgvnsk13091/files/inline-files/Macro%20Prelim%202022%20ANSWERS%20200B.pdf | https://economics.ucdavis.edu/sites/g/files/dgvnsk13091/files/inline-files/Macro%20Prelim%202022%20ANSWERS%20200D.pdf | https://economics.ucdavis.edu/sites/g/files/dgvnsk13091/files/inline-files/Macro%20Prelim%202022%20ANSWERS%20200E.pdf | https://economics.ucdavis.edu/sites/g/files/dgvnsk13091/files/inline-files/Industrial%20Organization%20Prelim%20ANSWERS%20June%202004.pdf | https://economics.ucdavis.edu/sites/g/files/dgvnsk13091/files/inline-files/Industrial%20Organization%20Prelim%20ANSWERS%20June%202005.pdf | https://economics.ucdavis.edu/sites/g/files/dgvnsk13091/files/inline-files/Industrial%20Organization%20Prelim%20ANSWERS%20Sept%202005.pdf | https://economics.ucdavis.edu/sites/g/files/dgvnsk13091/files/inline-files/Industrial%20Organization%20Prelim%20ANSWERS%20June%202006.pdf | https://economics.ucdavis.edu/sites/g/files/dgvnsk13091/files/inline-files/Industrial%20Organization%20Prelim%20ANSWERS%20July%202007.pdf | https://economics.ucdavis.edu/sites/g/files/dgvnsk13091/files/inline-files/Industrial%20Organization%20Prelim%20ANSWERS%20Sept%202007.pdf | https://economics.ucdavis.edu/sites/g/files/dgvnsk13091/files/inline-files/Industrial%20Organization%20Prelim%20ANSWERS%20July%202008.pdf,https://economics.ucdavis.edu/past-preliminary-exams
Economics,Labor Economics,downloaded,https://economics.ucdavis.edu/past-preliminary-exams | https://economics.sf.ucdavis.edu/sites/g/files/dgvnsk13091/files/inline-files/Graduate%20Handbook%20Fall%202019.pdf | https://economics.sf.ucdavis.edu/sites/g/files/dgvnsk13091/files/inline-files/Graduate%20Handbook%20Fall%202020%20-1.pdf | https://economics.sf.ucdavis.edu/sites/g/files/dgvnsk13091/files/inline-files/Graduate%20Handbook%20Fall%202021.pdf | https://economics.ucdavis.edu/sites/g/files/dgvnsk13091/files/inline-files/Econometrics%20Prelim2025_August.pdf | https://economics.ucdavis.edu/sites/g/files/dgvnsk13091/files/inline-files/Metrics_Prelim2025.pdf | https://economics.ucdavis.edu/sites/g/files/dgvnsk13091/files/inline-files/Metrics%20Prelim_June_2024.pdf | https://economics.ucdavis.edu/sites/g/files/dgvnsk13091/files/inline-files/econometrics-preliminary-exam-2023-june.pdf | https://economics.ucdavis.edu/sites/g/files/dgvnsk13091/files/inline-files/Econometrics%20Prelim%20June%202022.pdf | https://economics.ucdavis.edu/sites/g/files/dgvnsk13091/files/inline-files/econometrics-preliminary-exam-2021-july.pdf | https://economics.ucdavis.edu/sites/g/files/dgvnsk13091/files/inline-files/econometrics-preliminary-exam-2021-august.pdf | https://economics.ucdavis.edu/sites/g/files/dgvnsk13091/files/inline-files/econometrics-preliminary-exam-2019-july.pdf | https://economics.ucdavis.edu/sites/g/files/dgvnsk13091/files/inline-files/econometrics_prelim_august_2019.pdf | https://economics.ucdavis.edu/sites/g/files/dgvnsk13091/files/inline-files/econometrics-preliminary-exam-2018-july.pdf | https://economics.ucdavis.edu/sites/g/files/dgvnsk13091/files/inline-files/econometrics-preliminary-exam-2018-august.pdf | https://economics.ucdavis.edu/sites/g/files/dgvnsk13091/files/inline-files/are_ecn240b_reference_sheet_2019.pdf | https://economics.ucdavis.edu/sites/g/files/dgvnsk13091/files/inline-files/Macro%20Prelim%20July%202025%20-%20AK.pdf | https://economics.ucdavis.edu/sites/g/files/dgvnsk13091/files/inline-files/Macro_Prelim_July2025_200E_AK.pdf | https://economics.ucdavis.edu/sites/g/files/dgvnsk13091/files/inline-files/Prelim_July_2025_AK_Q1-2.pdf | https://economics.ucdavis.edu/sites/g/files/dgvnsk13091/files/inline-files/PRELIM_JULY_2025_ALL_PARTS.pdf | https://economics.ucdavis.edu/sites/g/files/dgvnsk13091/files/inline-files/Prelim_July_2024_AK_Q1-2.pdf | https://economics.ucdavis.edu/sites/g/files/dgvnsk13091/files/inline-files/Prelim_July_2024_AK_Q3-5.pdf | https://economics.ucdavis.edu/sites/g/files/dgvnsk13091/files/inline-files/Macro%20Prelim%20July%202024.pdf | https://economics.ucdavis.edu/sites/g/files/dgvnsk13091/files/inline-files/MACRO%20PRELIM_JULY_2023.pdf | https://economics.ucdavis.edu/sites/g/files/dgvnsk13091/files/inline-files/Prelim_July_2023_AK_Q1-2.pdf | https://economics.ucdavis.edu/sites/g/files/dgvnsk13091/files/inline-files/Prelim_July_2023_AK_Q3-4.pdf | https://economics.ucdavis.edu/sites/g/files/dgvnsk13091/files/inline-files/Prelim_July_2023_AK_Q5-6.pdf | https://economics.ucdavis.edu/sites/g/files/dgvnsk13091/files/inline-files/Macro%20Prelim%202022.pdf | https://economics.ucdavis.edu/sites/g/files/dgvnsk13091/files/inline-files/Adv%20Econ%20Theory%20Prelim%20July%202004.pdf | https://economics.ucdavis.edu/sites/g/files/dgvnsk13091/files/inline-files/Adv%20Econ%20Theory%20Prelim%20July%202006.pdf | https://economics.ucdavis.edu/sites/g/files/dgvnsk13091/files/inline-files/Adv%20Econ%20Theory%20Prelim%20June%202007.pdf | https://economics.ucdavis.edu/sites/g/files/dgvnsk13091/files/inline-files/Adv%20Econ%20Theory%20Prelim%20Sept%202007.pdf | https://economics.ucdavis.edu/sites/g/files/dgvnsk13091/files/inline-files/Adv%20Econ%20Theory%20Prelim%20June%202008.pdf | https://economics.ucdavis.edu/sites/g/files/dgvnsk13091/files/inline-files/Adv%20Econ%20Theory%20Prelim%20June%202009.pdf | https://economics.ucdavis.edu/sites/g/files/dgvnsk13091/files/inline-files/Econ%20History%20Prelim%20June%202004.pdf | https://economics.ucdavis.edu/sites/g/files/dgvnsk13091/files/inline-files/Econ%20History%20Prelim%20July%202005.pdf | https://economics.ucdavis.edu/sites/g/files/dgvnsk13091/files/inline-files/Econ%20History%20Prelim%20July%202006.pdf | https://economics.ucdavis.edu/sites/g/files/dgvnsk13091/files/inline-files/Econ%20History%20Prelim%20July%202007.pdf | https://economics.ucdavis.edu/sites/g/files/dgvnsk13091/files/inline-files/Econ%20History%20Prelim%20June%202008.pdf | https://economics.ucdavis.edu/sites/g/files/dgvnsk13091/files/inline-files/Econ%20History%20Prelim%20July%202009.pdf | https://economics.ucdavis.edu/sites/g/files/dgvnsk13091/files/inline-files/Economics%20Growth%20Prelim%20July%202003.pdf | https://economics.ucdavis.edu/sites/g/files/dgvnsk13091/files/inline-files/Economics%20Growth%20Prelim%20July%202005.pdf | https://economics.ucdavis.edu/sites/g/files/dgvnsk13091/files/inline-files/Economics%20Growth%20Prelim%20Sept%202005.pdf | https://economics.ucdavis.edu/sites/g/files/dgvnsk13091/files/inline-files/Economics%20Growth%20Prelim%20July%202006.pdf | https://economics.ucdavis.edu/sites/g/files/dgvnsk13091/files/inline-files/Economics%20Growth%20Prelim%20Sept%202006.pdf | https://economics.ucdavis.edu/sites/g/files/dgvnsk13091/files/inline-files/Economic%20Growth%20Prelim%20July%202007.pdf | https://economics.ucdavis.edu/sites/g/files/dgvnsk13091/files/inline-files/Economics%20Growth%20Prelim%20July%202008.pdf | https://economics.ucdavis.edu/sites/g/files/dgvnsk13091/files/inline-files/Industrial%20Organization%20Prelim%20June%202004.pdf | http://www.klenow.com/Idea_Rents.pdf | https://www.jonathandroth.com/assets/files/EvaluatingCounterfactualsWithIV.pdf | https://www.anderson.ucla.edu/faculty_pages/keith.chen/papers/Final_PNAS26.pdf | https://eminakamura.com/papers/Commoditization.pdf,https://economics.ucdavis.edu/sites/g/files/dgvnsk13091/files/inline-files/Macro%20Prelim%202022%20ANSWERS%20200B.pdf | https://economics.ucdavis.edu/sites/g/files/dgvnsk13091/files/inline-files/Macro%20Prelim%202022%20ANSWERS%20200D.pdf | https://economics.ucdavis.edu/sites/g/files/dgvnsk13091/files/inline-files/Macro%20Prelim%202022%20ANSWERS%20200E.pdf | https://economics.ucdavis.edu/sites/g/files/dgvnsk13091/files/inline-files/Industrial%20Organization%20Prelim%20ANSWERS%20June%202004.pdf | https://economics.ucdavis.edu/sites/g/files/dgvnsk13091/files/inline-files/Industrial%20Organization%20Prelim%20ANSWERS%20June%202005.pdf | https://economics.ucdavis.edu/sites/g/files/dgvnsk13091/files/inline-files/Industrial%20Organization%20Prelim%20ANSWERS%20Sept%202005.pdf | https://economics.ucdavis.edu/sites/g/files/dgvnsk13091/files/inline-files/Industrial%20Organization%20Prelim%20ANSWERS%20June%202006.pdf | https://economics.ucdavis.edu/sites/g/files/dgvnsk13091/files/inline-files/Industrial%20Organization%20Prelim%20ANSWERS%20July%202007.pdf | https://economics.ucdavis.edu/sites/g/files/dgvnsk13091/files/inline-files/Industrial%20Organization%20Prelim%20ANSWERS%20Sept%202007.pdf | https://economics.ucdavis.edu/sites/g/files/dgvnsk13091/files/inline-files/Industrial%20Organization%20Prelim%20ANSWERS%20July%202008.pdf,https://economics.ucdavis.edu/past-preliminary-exams
Economics,Macroeconomics & Monetary Policy,downloaded,https://economics.ucdavis.edu/past-preliminary-exams | https://economics.sf.ucdavis.edu/sites/g/files/dgvnsk13091/files/inline-files/Graduate%20Handbook%20Fall%202019.pdf | https://economics.sf.ucdavis.edu/sites/g/files/dgvnsk13091/files/inline-files/Graduate%20Handbook%20Fall%202020%20-1.pdf | https://economics.sf.ucdavis.edu/sites/g/files/dgvnsk13091/files/inline-files/Graduate%20Handbook%20Fall%202021.pdf | https://economics.ucdavis.edu/sites/g/files/dgvnsk13091/files/inline-files/Econometrics%20Prelim2025_August.pdf | https://economics.ucdavis.edu/sites/g/files/dgvnsk13091/files/inline-files/Metrics_Prelim2025.pdf | https://economics.ucdavis.edu/sites/g/files/dgvnsk13091/files/inline-files/Metrics%20Prelim_June_2024.pdf | https://economics.ucdavis.edu/sites/g/files/dgvnsk13091/files/inline-files/econometrics-preliminary-exam-2023-june.pdf | https://economics.ucdavis.edu/sites/g/files/dgvnsk13091/files/inline-files/Econometrics%20Prelim%20June%202022.pdf | https://economics.ucdavis.edu/sites/g/files/dgvnsk13091/files/inline-files/econometrics-preliminary-exam-2021-july.pdf | https://economics.ucdavis.edu/sites/g/files/dgvnsk13091/files/inline-files/econometrics-preliminary-exam-2021-august.pdf | https://economics.ucdavis.edu/sites/g/files/dgvnsk13091/files/inline-files/econometrics-preliminary-exam-2019-july.pdf | https://economics.ucdavis.edu/sites/g/files/dgvnsk13091/files/inline-files/econometrics_prelim_august_2019.pdf | https://economics.ucdavis.edu/sites/g/files/dgvnsk13091/files/inline-files/econometrics-preliminary-exam-2018-july.pdf | https://economics.ucdavis.edu/sites/g/files/dgvnsk13091/files/inline-files/econometrics-preliminary-exam-2018-august.pdf | https://economics.ucdavis.edu/sites/g/files/dgvnsk13091/files/inline-files/are_ecn240b_reference_sheet_2019.pdf | https://economics.ucdavis.edu/sites/g/files/dgvnsk13091/files/inline-files/Macro%20Prelim%20July%202025%20-%20AK.pdf | https://economics.ucdavis.edu/sites/g/files/dgvnsk13091/files/inline-files/Macro_Prelim_July2025_200E_AK.pdf | https://economics.ucdavis.edu/sites/g/files/dgvnsk13091/files/inline-files/Prelim_July_2025_AK_Q1-2.pdf | https://economics.ucdavis.edu/sites/g/files/dgvnsk13091/files/inline-files/PRELIM_JULY_2025_ALL_PARTS.pdf | https://economics.ucdavis.edu/sites/g/files/dgvnsk13091/files/inline-files/Prelim_July_2024_AK_Q1-2.pdf | https://economics.ucdavis.edu/sites/g/files/dgvnsk13091/files/inline-files/Prelim_July_2024_AK_Q3-5.pdf | https://economics.ucdavis.edu/sites/g/files/dgvnsk13091/files/inline-files/Macro%20Prelim%20July%202024.pdf | https://economics.ucdavis.edu/sites/g/files/dgvnsk13091/files/inline-files/MACRO%20PRELIM_JULY_2023.pdf | https://economics.ucdavis.edu/sites/g/files/dgvnsk13091/files/inline-files/Prelim_July_2023_AK_Q1-2.pdf | https://economics.ucdavis.edu/sites/g/files/dgvnsk13091/files/inline-files/Prelim_July_2023_AK_Q3-4.pdf | https://economics.ucdavis.edu/sites/g/files/dgvnsk13091/files/inline-files/Prelim_July_2023_AK_Q5-6.pdf | https://economics.ucdavis.edu/sites/g/files/dgvnsk13091/files/inline-files/Macro%20Prelim%202022.pdf | https://economics.ucdavis.edu/sites/g/files/dgvnsk13091/files/inline-files/Adv%20Econ%20Theory%20Prelim%20July%202004.pdf | https://economics.ucdavis.edu/sites/g/files/dgvnsk13091/files/inline-files/Adv%20Econ%20Theory%20Prelim%20July%202006.pdf | https://economics.ucdavis.edu/sites/g/files/dgvnsk13091/files/inline-files/Adv%20Econ%20Theory%20Prelim%20June%202007.pdf | https://economics.ucdavis.edu/sites/g/files/dgvnsk13091/files/inline-files/Adv%20Econ%20Theory%20Prelim%20Sept%202007.pdf | https://economics.ucdavis.edu/sites/g/files/dgvnsk13091/files/inline-files/Adv%20Econ%20Theory%20Prelim%20June%202008.pdf | https://economics.ucdavis.edu/sites/g/files/dgvnsk13091/files/inline-files/Adv%20Econ%20Theory%20Prelim%20June%202009.pdf | https://economics.ucdavis.edu/sites/g/files/dgvnsk13091/files/inline-files/Econ%20History%20Prelim%20June%202004.pdf | https://economics.ucdavis.edu/sites/g/files/dgvnsk13091/files/inline-files/Econ%20History%20Prelim%20July%202005.pdf | https://economics.ucdavis.edu/sites/g/files/dgvnsk13091/files/inline-files/Econ%20History%20Prelim%20July%202006.pdf | https://economics.ucdavis.edu/sites/g/files/dgvnsk13091/files/inline-files/Econ%20History%20Prelim%20July%202007.pdf | https://economics.ucdavis.edu/sites/g/files/dgvnsk13091/files/inline-files/Econ%20History%20Prelim%20June%202008.pdf | https://economics.ucdavis.edu/sites/g/files/dgvnsk13091/files/inline-files/Econ%20History%20Prelim%20July%202009.pdf | https://economics.ucdavis.edu/sites/g/files/dgvnsk13091/files/inline-files/Economics%20Growth%20Prelim%20July%202003.pdf | https://economics.ucdavis.edu/sites/g/files/dgvnsk13091/files/inline-files/Economics%20Growth%20Prelim%20July%202005.pdf | https://economics.ucdavis.edu/sites/g/files/dgvnsk13091/files/inline-files/Economics%20Growth%20Prelim%20Sept%202005.pdf | https://economics.ucdavis.edu/sites/g/files/dgvnsk13091/files/inline-files/Economics%20Growth%20Prelim%20July%202006.pdf | https://economics.ucdavis.edu/sites/g/files/dgvnsk13091/files/inline-files/Economics%20Growth%20Prelim%20Sept%202006.pdf | https://economics.ucdavis.edu/sites/g/files/dgvnsk13091/files/inline-files/Economic%20Growth%20Prelim%20July%202007.pdf | https://economics.ucdavis.edu/sites/g/files/dgvnsk13091/files/inline-files/Economics%20Growth%20Prelim%20July%202008.pdf | https://economics.ucdavis.edu/sites/g/files/dgvnsk13091/files/inline-files/Industrial%20Organization%20Prelim%20June%202004.pdf | http://www.klenow.com/Idea_Rents.pdf | https://www.jonathandroth.com/assets/files/EvaluatingCounterfactualsWithIV.pdf | https://www.anderson.ucla.edu/faculty_pages/keith.chen/papers/Final_PNAS26.pdf | https://eminakamura.com/papers/Commoditization.pdf,https://economics.ucdavis.edu/sites/g/files/dgvnsk13091/files/inline-files/Macro%20Prelim%202022%20ANSWERS%20200B.pdf | https://economics.ucdavis.edu/sites/g/files/dgvnsk13091/files/inline-files/Macro%20Prelim%202022%20ANSWERS%20200D.pdf | https://economics.ucdavis.edu/sites/g/files/dgvnsk13091/files/inline-files/Macro%20Prelim%202022%20ANSWERS%20200E.pdf | https://economics.ucdavis.edu/sites/g/files/dgvnsk13091/files/inline-files/Industrial%20Organization%20Prelim%20ANSWERS%20June%202004.pdf | https://economics.ucdavis.edu/sites/g/files/dgvnsk13091/files/inline-files/Industrial%20Organization%20Prelim%20ANSWERS%20June%202005.pdf | https://economics.ucdavis.edu/sites/g/files/dgvnsk13091/files/inline-files/Industrial%20Organization%20Prelim%20ANSWERS%20Sept%202005.pdf | https://economics.ucdavis.edu/sites/g/files/dgvnsk13091/files/inline-files/Industrial%20Organization%20Prelim%20ANSWERS%20June%202006.pdf | https://economics.ucdavis.edu/sites/g/files/dgvnsk13091/files/inline-files/Industrial%20Organization%20Prelim%20ANSWERS%20July%202007.pdf | https://economics.ucdavis.edu/sites/g/files/dgvnsk13091/files/inline-files/Industrial%20Organization%20Prelim%20ANSWERS%20Sept%202007.pdf | https://economics.ucdavis.edu/sites/g/files/dgvnsk13091/files/inline-files/Industrial%20Organization%20Prelim%20ANSWERS%20July%202008.pdf,https://economics.ucdavis.edu/past-preliminary-exams
Economics,Market Design & Mechanism Design,failed,,,https://www.econjobrumors.com/topic/links-for-micro-comprehensive-exams-and-solutions
Economics,Microeconomic Theory,downloaded,https://economics.ucdavis.edu/past-preliminary-exams | https://economics.sf.ucdavis.edu/sites/g/files/dgvnsk13091/files/inline-files/Graduate%20Handbook%20Fall%202019.pdf | https://economics.sf.ucdavis.edu/sites/g/files/dgvnsk13091/files/inline-files/Graduate%20Handbook%20Fall%202020%20-1.pdf | https://economics.sf.ucdavis.edu/sites/g/files/dgvnsk13091/files/inline-files/Graduate%20Handbook%20Fall%202021.pdf | https://economics.ucdavis.edu/sites/g/files/dgvnsk13091/files/inline-files/Econometrics%20Prelim2025_August.pdf | https://economics.ucdavis.edu/sites/g/files/dgvnsk13091/files/inline-files/Metrics_Prelim2025.pdf | https://economics.ucdavis.edu/sites/g/files/dgvnsk13091/files/inline-files/Metrics%20Prelim_June_2024.pdf | https://economics.ucdavis.edu/sites/g/files/dgvnsk13091/files/inline-files/econometrics-preliminary-exam-2023-june.pdf | https://economics.ucdavis.edu/sites/g/files/dgvnsk13091/files/inline-files/Econometrics%20Prelim%20June%202022.pdf | https://economics.ucdavis.edu/sites/g/files/dgvnsk13091/files/inline-files/econometrics-preliminary-exam-2021-july.pdf | https://economics.ucdavis.edu/sites/g/files/dgvnsk13091/files/inline-files/econometrics-preliminary-exam-2021-august.pdf | https://economics.ucdavis.edu/sites/g/files/dgvnsk13091/files/inline-files/econometrics-preliminary-exam-2019-july.pdf | https://economics.ucdavis.edu/sites/g/files/dgvnsk13091/files/inline-files/econometrics_prelim_august_2019.pdf | https://economics.ucdavis.edu/sites/g/files/dgvnsk13091/files/inline-files/econometrics-preliminary-exam-2018-july.pdf | https://economics.ucdavis.edu/sites/g/files/dgvnsk13091/files/inline-files/econometrics-preliminary-exam-2018-august.pdf | https://economics.ucdavis.edu/sites/g/files/dgvnsk13091/files/inline-files/are_ecn240b_reference_sheet_2019.pdf | https://economics.ucdavis.edu/sites/g/files/dgvnsk13091/files/inline-files/Macro%20Prelim%20July%202025%20-%20AK.pdf | https://economics.ucdavis.edu/sites/g/files/dgvnsk13091/files/inline-files/Macro_Prelim_July2025_200E_AK.pdf | https://economics.ucdavis.edu/sites/g/files/dgvnsk13091/files/inline-files/Prelim_July_2025_AK_Q1-2.pdf | https://economics.ucdavis.edu/sites/g/files/dgvnsk13091/files/inline-files/PRELIM_JULY_2025_ALL_PARTS.pdf | https://economics.ucdavis.edu/sites/g/files/dgvnsk13091/files/inline-files/Prelim_July_2024_AK_Q1-2.pdf | https://economics.ucdavis.edu/sites/g/files/dgvnsk13091/files/inline-files/Prelim_July_2024_AK_Q3-5.pdf | https://economics.ucdavis.edu/sites/g/files/dgvnsk13091/files/inline-files/Macro%20Prelim%20July%202024.pdf | https://economics.ucdavis.edu/sites/g/files/dgvnsk13091/files/inline-files/MACRO%20PRELIM_JULY_2023.pdf | https://economics.ucdavis.edu/sites/g/files/dgvnsk13091/files/inline-files/Prelim_July_2023_AK_Q1-2.pdf | https://economics.ucdavis.edu/sites/g/files/dgvnsk13091/files/inline-files/Prelim_July_2023_AK_Q3-4.pdf | https://economics.ucdavis.edu/sites/g/files/dgvnsk13091/files/inline-files/Prelim_July_2023_AK_Q5-6.pdf | https://economics.ucdavis.edu/sites/g/files/dgvnsk13091/files/inline-files/Macro%20Prelim%202022.pdf | https://economics.ucdavis.edu/sites/g/files/dgvnsk13091/files/inline-files/Adv%20Econ%20Theory%20Prelim%20July%202004.pdf | https://economics.ucdavis.edu/sites/g/files/dgvnsk13091/files/inline-files/Adv%20Econ%20Theory%20Prelim%20July%202006.pdf | https://economics.ucdavis.edu/sites/g/files/dgvnsk13091/files/inline-files/Adv%20Econ%20Theory%20Prelim%20June%202007.pdf | https://economics.ucdavis.edu/sites/g/files/dgvnsk13091/files/inline-files/Adv%20Econ%20Theory%20Prelim%20Sept%202007.pdf | https://economics.ucdavis.edu/sites/g/files/dgvnsk13091/files/inline-files/Adv%20Econ%20Theory%20Prelim%20June%202008.pdf | https://economics.ucdavis.edu/sites/g/files/dgvnsk13091/files/inline-files/Adv%20Econ%20Theory%20Prelim%20June%202009.pdf | https://economics.ucdavis.edu/sites/g/files/dgvnsk13091/files/inline-files/Econ%20History%20Prelim%20June%202004.pdf | https://economics.ucdavis.edu/sites/g/files/dgvnsk13091/files/inline-files/Econ%20History%20Prelim%20July%202005.pdf | https://economics.ucdavis.edu/sites/g/files/dgvnsk13091/files/inline-files/Econ%20History%20Prelim%20July%202006.pdf | https://economics.ucdavis.edu/sites/g/files/dgvnsk13091/files/inline-files/Econ%20History%20Prelim%20July%202007.pdf | https://economics.ucdavis.edu/sites/g/files/dgvnsk13091/files/inline-files/Econ%20History%20Prelim%20June%202008.pdf | https://economics.ucdavis.edu/sites/g/files/dgvnsk13091/files/inline-files/Econ%20History%20Prelim%20July%202009.pdf | https://economics.ucdavis.edu/sites/g/files/dgvnsk13091/files/inline-files/Economics%20Growth%20Prelim%20July%202003.pdf | https://economics.ucdavis.edu/sites/g/files/dgvnsk13091/files/inline-files/Economics%20Growth%20Prelim%20July%202005.pdf | https://economics.ucdavis.edu/sites/g/files/dgvnsk13091/files/inline-files/Economics%20Growth%20Prelim%20Sept%202005.pdf | https://economics.ucdavis.edu/sites/g/files/dgvnsk13091/files/inline-files/Economics%20Growth%20Prelim%20July%202006.pdf | https://economics.ucdavis.edu/sites/g/files/dgvnsk13091/files/inline-files/Economics%20Growth%20Prelim%20Sept%202006.pdf | https://economics.ucdavis.edu/sites/g/files/dgvnsk13091/files/inline-files/Economic%20Growth%20Prelim%20July%202007.pdf | https://economics.ucdavis.edu/sites/g/files/dgvnsk13091/files/inline-files/Economics%20Growth%20Prelim%20July%202008.pdf | https://economics.ucdavis.edu/sites/g/files/dgvnsk13091/files/inline-files/Industrial%20Organization%20Prelim%20June%202004.pdf | http://www.klenow.com/Idea_Rents.pdf | https://www.jonathandroth.com/assets/files/EvaluatingCounterfactualsWithIV.pdf | https://www.anderson.ucla.edu/faculty_pages/keith.chen/papers/Final_PNAS26.pdf | https://eminakamura.com/papers/Commoditization.pdf,https://economics.ucdavis.edu/sites/g/files/dgvnsk13091/files/inline-files/Macro%20Prelim%202022%20ANSWERS%20200B.pdf | https://economics.ucdavis.edu/sites/g/files/dgvnsk13091/files/inline-files/Macro%20Prelim%202022%20ANSWERS%20200D.pdf | https://economics.ucdavis.edu/sites/g/files/dgvnsk13091/files/inline-files/Macro%20Prelim%202022%20ANSWERS%20200E.pdf | https://economics.ucdavis.edu/sites/g/files/dgvnsk13091/files/inline-files/Industrial%20Organization%20Prelim%20ANSWERS%20June%202004.pdf | https://economics.ucdavis.edu/sites/g/files/dgvnsk13091/files/inline-files/Industrial%20Organization%20Prelim%20ANSWERS%20June%202005.pdf | https://economics.ucdavis.edu/sites/g/files/dgvnsk13091/files/inline-files/Industrial%20Organization%20Prelim%20ANSWERS%20Sept%202005.pdf | https://economics.ucdavis.edu/sites/g/files/dgvnsk13091/files/inline-files/Industrial%20Organization%20Prelim%20ANSWERS%20June%202006.pdf | https://economics.ucdavis.edu/sites/g/files/dgvnsk13091/files/inline-files/Industrial%20Organization%20Prelim%20ANSWERS%20July%202007.pdf | https://economics.ucdavis.edu/sites/g/files/dgvnsk13091/files/inline-files/Industrial%20Organization%20Prelim%20ANSWERS%20Sept%202007.pdf | https://economics.ucdavis.edu/sites/g/files/dgvnsk13091/files/inline-files/Industrial%20Organization%20Prelim%20ANSWERS%20July%202008.pdf,https://economics.ucdavis.edu/past-preliminary-exams
Economics,Political Economy,downloaded,https://economics.ucdavis.edu/past-preliminary-exams | https://economics.sf.ucdavis.edu/sites/g/files/dgvnsk13091/files/inline-files/Graduate%20Handbook%20Fall%202019.pdf | https://economics.sf.ucdavis.edu/sites/g/files/dgvnsk13091/files/inline-files/Graduate%20Handbook%20Fall%202020%20-1.pdf | https://economics.sf.ucdavis.edu/sites/g/files/dgvnsk13091/files/inline-files/Graduate%20Handbook%20Fall%202021.pdf | https://economics.ucdavis.edu/sites/g/files/dgvnsk13091/files/inline-files/Econometrics%20Prelim2025_August.pdf | https://economics.ucdavis.edu/sites/g/files/dgvnsk13091/files/inline-files/Metrics_Prelim2025.pdf | https://economics.ucdavis.edu/sites/g/files/dgvnsk13091/files/inline-files/Metrics%20Prelim_June_2024.pdf | https://economics.ucdavis.edu/sites/g/files/dgvnsk13091/files/inline-files/econometrics-preliminary-exam-2023-june.pdf | https://economics.ucdavis.edu/sites/g/files/dgvnsk13091/files/inline-files/Econometrics%20Prelim%20June%202022.pdf | https://economics.ucdavis.edu/sites/g/files/dgvnsk13091/files/inline-files/econometrics-preliminary-exam-2021-july.pdf | https://economics.ucdavis.edu/sites/g/files/dgvnsk13091/files/inline-files/econometrics-preliminary-exam-2021-august.pdf | https://economics.ucdavis.edu/sites/g/files/dgvnsk13091/files/inline-files/econometrics-preliminary-exam-2019-july.pdf | https://economics.ucdavis.edu/sites/g/files/dgvnsk13091/files/inline-files/econometrics_prelim_august_2019.pdf | https://economics.ucdavis.edu/sites/g/files/dgvnsk13091/files/inline-files/econometrics-preliminary-exam-2018-july.pdf | https://economics.ucdavis.edu/sites/g/files/dgvnsk13091/files/inline-files/econometrics-preliminary-exam-2018-august.pdf | https://economics.ucdavis.edu/sites/g/files/dgvnsk13091/files/inline-files/are_ecn240b_reference_sheet_2019.pdf | https://economics.ucdavis.edu/sites/g/files/dgvnsk13091/files/inline-files/Macro%20Prelim%20July%202025%20-%20AK.pdf | https://economics.ucdavis.edu/sites/g/files/dgvnsk13091/files/inline-files/Macro_Prelim_July2025_200E_AK.pdf | https://economics.ucdavis.edu/sites/g/files/dgvnsk13091/files/inline-files/Prelim_July_2025_AK_Q1-2.pdf | https://economics.ucdavis.edu/sites/g/files/dgvnsk13091/files/inline-files/PRELIM_JULY_2025_ALL_PARTS.pdf | https://economics.ucdavis.edu/sites/g/files/dgvnsk13091/files/inline-files/Prelim_July_2024_AK_Q1-2.pdf | https://economics.ucdavis.edu/sites/g/files/dgvnsk13091/files/inline-files/Prelim_July_2024_AK_Q3-5.pdf | https://economics.ucdavis.edu/sites/g/files/dgvnsk13091/files/inline-files/Macro%20Prelim%20July%202024.pdf | https://economics.ucdavis.edu/sites/g/files/dgvnsk13091/files/inline-files/MACRO%20PRELIM_JULY_2023.pdf | https://economics.ucdavis.edu/sites/g/files/dgvnsk13091/files/inline-files/Prelim_July_2023_AK_Q1-2.pdf | https://economics.ucdavis.edu/sites/g/files/dgvnsk13091/files/inline-files/Prelim_July_2023_AK_Q3-4.pdf | https://economics.ucdavis.edu/sites/g/files/dgvnsk13091/files/inline-files/Prelim_July_2023_AK_Q5-6.pdf | https://economics.ucdavis.edu/sites/g/files/dgvnsk13091/files/inline-files/Macro%20Prelim%202022.pdf | https://economics.ucdavis.edu/sites/g/files/dgvnsk13091/files/inline-files/Adv%20Econ%20Theory%20Prelim%20July%202004.pdf | https://economics.ucdavis.edu/sites/g/files/dgvnsk13091/files/inline-files/Adv%20Econ%20Theory%20Prelim%20July%202006.pdf | https://economics.ucdavis.edu/sites/g/files/dgvnsk13091/files/inline-files/Adv%20Econ%20Theory%20Prelim%20June%202007.pdf | https://economics.ucdavis.edu/sites/g/files/dgvnsk13091/files/inline-files/Adv%20Econ%20Theory%20Prelim%20Sept%202007.pdf | https://economics.ucdavis.edu/sites/g/files/dgvnsk13091/files/inline-files/Adv%20Econ%20Theory%20Prelim%20June%202008.pdf | https://economics.ucdavis.edu/sites/g/files/dgvnsk13091/files/inline-files/Adv%20Econ%20Theory%20Prelim%20June%202009.pdf | https://economics.ucdavis.edu/sites/g/files/dgvnsk13091/files/inline-files/Econ%20History%20Prelim%20June%202004.pdf | https://economics.ucdavis.edu/sites/g/files/dgvnsk13091/files/inline-files/Econ%20History%20Prelim%20July%202005.pdf | https://economics.ucdavis.edu/sites/g/files/dgvnsk13091/files/inline-files/Econ%20History%20Prelim%20July%202006.pdf | https://economics.ucdavis.edu/sites/g/files/dgvnsk13091/files/inline-files/Econ%20History%20Prelim%20July%202007.pdf | https://economics.ucdavis.edu/sites/g/files/dgvnsk13091/files/inline-files/Econ%20History%20Prelim%20June%202008.pdf | https://economics.ucdavis.edu/sites/g/files/dgvnsk13091/files/inline-files/Econ%20History%20Prelim%20July%202009.pdf | https://economics.ucdavis.edu/sites/g/files/dgvnsk13091/files/inline-files/Economics%20Growth%20Prelim%20July%202003.pdf | https://economics.ucdavis.edu/sites/g/files/dgvnsk13091/files/inline-files/Economics%20Growth%20Prelim%20July%202005.pdf | https://economics.ucdavis.edu/sites/g/files/dgvnsk13091/files/inline-files/Economics%20Growth%20Prelim%20Sept%202005.pdf | https://economics.ucdavis.edu/sites/g/files/dgvnsk13091/files/inline-files/Economics%20Growth%20Prelim%20July%202006.pdf | https://economics.ucdavis.edu/sites/g/files/dgvnsk13091/files/inline-files/Economics%20Growth%20Prelim%20Sept%202006.pdf | https://economics.ucdavis.edu/sites/g/files/dgvnsk13091/files/inline-files/Economic%20Growth%20Prelim%20July%202007.pdf | https://economics.ucdavis.edu/sites/g/files/dgvnsk13091/files/inline-files/Economics%20Growth%20Prelim%20July%202008.pdf | https://economics.ucdavis.edu/sites/g/files/dgvnsk13091/files/inline-files/Industrial%20Organization%20Prelim%20June%202004.pdf | http://www.klenow.com/Idea_Rents.pdf | https://www.jonathandroth.com/assets/files/EvaluatingCounterfactualsWithIV.pdf | https://www.anderson.ucla.edu/faculty_pages/keith.chen/papers/Final_PNAS26.pdf | https://eminakamura.com/papers/Commoditization.pdf,https://economics.ucdavis.edu/sites/g/files/dgvnsk13091/files/inline-files/Macro%20Prelim%202022%20ANSWERS%20200B.pdf | https://economics.ucdavis.edu/sites/g/files/dgvnsk13091/files/inline-files/Macro%20Prelim%202022%20ANSWERS%20200D.pdf | https://economics.ucdavis.edu/sites/g/files/dgvnsk13091/files/inline-files/Macro%20Prelim%202022%20ANSWERS%20200E.pdf | https://economics.ucdavis.edu/sites/g/files/dgvnsk13091/files/inline-files/Industrial%20Organization%20Prelim%20ANSWERS%20June%202004.pdf | https://economics.ucdavis.edu/sites/g/files/dgvnsk13091/files/inline-files/Industrial%20Organization%20Prelim%20ANSWERS%20June%202005.pdf | https://economics.ucdavis.edu/sites/g/files/dgvnsk13091/files/inline-files/Industrial%20Organization%20Prelim%20ANSWERS%20Sept%202005.pdf | https://economics.ucdavis.edu/sites/g/files/dgvnsk13091/files/inline-files/Industrial%20Organization%20Prelim%20ANSWERS%20June%202006.pdf | https://economics.ucdavis.edu/sites/g/files/dgvnsk13091/files/inline-files/Industrial%20Organization%20Prelim%20ANSWERS%20July%202007.pdf | https://economics.ucdavis.edu/sites/g/files/dgvnsk13091/files/inline-files/Industrial%20Organization%20Prelim%20ANSWERS%20Sept%202007.pdf | https://economics.ucdavis.edu/sites/g/files/dgvnsk13091/files/inline-files/Industrial%20Organization%20Prelim%20ANSWERS%20July%202008.pdf,https://economics.ucdavis.edu/past-preliminary-exams
Economics,Public Economics & Taxation,downloaded,https://economics.ucdavis.edu/past-preliminary-exams | https://economics.sf.ucdavis.edu/sites/g/files/dgvnsk13091/files/inline-files/Graduate%20Handbook%20Fall%202019.pdf | https://economics.sf.ucdavis.edu/sites/g/files/dgvnsk13091/files/inline-files/Graduate%20Handbook%20Fall%202020%20-1.pdf | https://economics.sf.ucdavis.edu/sites/g/files/dgvnsk13091/files/inline-files/Graduate%20Handbook%20Fall%202021.pdf | https://economics.ucdavis.edu/sites/g/files/dgvnsk13091/files/inline-files/Econometrics%20Prelim2025_August.pdf | https://economics.ucdavis.edu/sites/g/files/dgvnsk13091/files/inline-files/Metrics_Prelim2025.pdf | https://economics.ucdavis.edu/sites/g/files/dgvnsk13091/files/inline-files/Metrics%20Prelim_June_2024.pdf | https://economics.ucdavis.edu/sites/g/files/dgvnsk13091/files/inline-files/econometrics-preliminary-exam-2023-june.pdf | https://economics.ucdavis.edu/sites/g/files/dgvnsk13091/files/inline-files/Econometrics%20Prelim%20June%202022.pdf | https://economics.ucdavis.edu/sites/g/files/dgvnsk13091/files/inline-files/econometrics-preliminary-exam-2021-july.pdf | https://economics.ucdavis.edu/sites/g/files/dgvnsk13091/files/inline-files/econometrics-preliminary-exam-2021-august.pdf | https://economics.ucdavis.edu/sites/g/files/dgvnsk13091/files/inline-files/econometrics-preliminary-exam-2019-july.pdf | https://economics.ucdavis.edu/sites/g/files/dgvnsk13091/files/inline-files/econometrics_prelim_august_2019.pdf | https://economics.ucdavis.edu/sites/g/files/dgvnsk13091/files/inline-files/econometrics-preliminary-exam-2018-july.pdf | https://economics.ucdavis.edu/sites/g/files/dgvnsk13091/files/inline-files/econometrics-preliminary-exam-2018-august.pdf | https://economics.ucdavis.edu/sites/g/files/dgvnsk13091/files/inline-files/are_ecn240b_reference_sheet_2019.pdf | https://economics.ucdavis.edu/sites/g/files/dgvnsk13091/files/inline-files/Macro%20Prelim%20July%202025%20-%20AK.pdf | https://economics.ucdavis.edu/sites/g/files/dgvnsk13091/files/inline-files/Macro_Prelim_July2025_200E_AK.pdf | https://economics.ucdavis.edu/sites/g/files/dgvnsk13091/files/inline-files/Prelim_July_2025_AK_Q1-2.pdf | https://economics.ucdavis.edu/sites/g/files/dgvnsk13091/files/inline-files/PRELIM_JULY_2025_ALL_PARTS.pdf | https://economics.ucdavis.edu/sites/g/files/dgvnsk13091/files/inline-files/Prelim_July_2024_AK_Q1-2.pdf | https://economics.ucdavis.edu/sites/g/files/dgvnsk13091/files/inline-files/Prelim_July_2024_AK_Q3-5.pdf | https://economics.ucdavis.edu/sites/g/files/dgvnsk13091/files/inline-files/Macro%20Prelim%20July%202024.pdf | https://economics.ucdavis.edu/sites/g/files/dgvnsk13091/files/inline-files/MACRO%20PRELIM_JULY_2023.pdf | https://economics.ucdavis.edu/sites/g/files/dgvnsk13091/files/inline-files/Prelim_July_2023_AK_Q1-2.pdf | https://economics.ucdavis.edu/sites/g/files/dgvnsk13091/files/inline-files/Prelim_July_2023_AK_Q3-4.pdf | https://economics.ucdavis.edu/sites/g/files/dgvnsk13091/files/inline-files/Prelim_July_2023_AK_Q5-6.pdf | https://economics.ucdavis.edu/sites/g/files/dgvnsk13091/files/inline-files/Macro%20Prelim%202022.pdf | https://economics.ucdavis.edu/sites/g/files/dgvnsk13091/files/inline-files/Adv%20Econ%20Theory%20Prelim%20July%202004.pdf | https://economics.ucdavis.edu/sites/g/files/dgvnsk13091/files/inline-files/Adv%20Econ%20Theory%20Prelim%20July%202006.pdf | https://economics.ucdavis.edu/sites/g/files/dgvnsk13091/files/inline-files/Adv%20Econ%20Theory%20Prelim%20June%202007.pdf | https://economics.ucdavis.edu/sites/g/files/dgvnsk13091/files/inline-files/Adv%20Econ%20Theory%20Prelim%20Sept%202007.pdf | https://economics.ucdavis.edu/sites/g/files/dgvnsk13091/files/inline-files/Adv%20Econ%20Theory%20Prelim%20June%202008.pdf | https://economics.ucdavis.edu/sites/g/files/dgvnsk13091/files/inline-files/Adv%20Econ%20Theory%20Prelim%20June%202009.pdf | https://economics.ucdavis.edu/sites/g/files/dgvnsk13091/files/inline-files/Econ%20History%20Prelim%20June%202004.pdf | https://economics.ucdavis.edu/sites/g/files/dgvnsk13091/files/inline-files/Econ%20History%20Prelim%20July%202005.pdf | https://economics.ucdavis.edu/sites/g/files/dgvnsk13091/files/inline-files/Econ%20History%20Prelim%20July%202006.pdf | https://economics.ucdavis.edu/sites/g/files/dgvnsk13091/files/inline-files/Econ%20History%20Prelim%20July%202007.pdf | https://economics.ucdavis.edu/sites/g/files/dgvnsk13091/files/inline-files/Econ%20History%20Prelim%20June%202008.pdf | https://economics.ucdavis.edu/sites/g/files/dgvnsk13091/files/inline-files/Econ%20History%20Prelim%20July%202009.pdf | https://economics.ucdavis.edu/sites/g/files/dgvnsk13091/files/inline-files/Economics%20Growth%20Prelim%20July%202003.pdf | https://economics.ucdavis.edu/sites/g/files/dgvnsk13091/files/inline-files/Economics%20Growth%20Prelim%20July%202005.pdf | https://economics.ucdavis.edu/sites/g/files/dgvnsk13091/files/inline-files/Economics%20Growth%20Prelim%20Sept%202005.pdf | https://economics.ucdavis.edu/sites/g/files/dgvnsk13091/files/inline-files/Economics%20Growth%20Prelim%20July%202006.pdf | https://economics.ucdavis.edu/sites/g/files/dgvnsk13091/files/inline-files/Economics%20Growth%20Prelim%20Sept%202006.pdf | https://economics.ucdavis.edu/sites/g/files/dgvnsk13091/files/inline-files/Economic%20Growth%20Prelim%20July%202007.pdf | https://economics.ucdavis.edu/sites/g/files/dgvnsk13091/files/inline-files/Economics%20Growth%20Prelim%20July%202008.pdf | https://economics.ucdavis.edu/sites/g/files/dgvnsk13091/files/inline-files/Industrial%20Organization%20Prelim%20June%202004.pdf | http://www.klenow.com/Idea_Rents.pdf | https://www.jonathandroth.com/assets/files/EvaluatingCounterfactualsWithIV.pdf | https://www.anderson.ucla.edu/faculty_pages/keith.chen/papers/Final_PNAS26.pdf | https://eminakamura.com/papers/Commoditization.pdf,https://economics.ucdavis.edu/sites/g/files/dgvnsk13091/files/inline-files/Macro%20Prelim%202022%20ANSWERS%20200B.pdf | https://economics.ucdavis.edu/sites/g/files/dgvnsk13091/files/inline-files/Macro%20Prelim%202022%20ANSWERS%20200D.pdf | https://economics.ucdavis.edu/sites/g/files/dgvnsk13091/files/inline-files/Macro%20Prelim%202022%20ANSWERS%20200E.pdf | https://economics.ucdavis.edu/sites/g/files/dgvnsk13091/files/inline-files/Industrial%20Organization%20Prelim%20ANSWERS%20June%202004.pdf | https://economics.ucdavis.edu/sites/g/files/dgvnsk13091/files/inline-files/Industrial%20Organization%20Prelim%20ANSWERS%20June%202005.pdf | https://economics.ucdavis.edu/sites/g/files/dgvnsk13091/files/inline-files/Industrial%20Organization%20Prelim%20ANSWERS%20Sept%202005.pdf | https://economics.ucdavis.edu/sites/g/files/dgvnsk13091/files/inline-files/Industrial%20Organization%20Prelim%20ANSWERS%20June%202006.pdf | https://economics.ucdavis.edu/sites/g/files/dgvnsk13091/files/inline-files/Industrial%20Organization%20Prelim%20ANSWERS%20July%202007.pdf | https://economics.ucdavis.edu/sites/g/files/dgvnsk13091/files/inline-files/Industrial%20Organization%20Prelim%20ANSWERS%20Sept%202007.pdf | https://economics.ucdavis.edu/sites/g/files/dgvnsk13091/files/inline-files/Industrial%20Organization%20Prelim%20ANSWERS%20July%202008.pdf,https://economics.ucdavis.edu/past-preliminary-exams
Economics,Urban & Regional Economics,downloaded,https://economics.ucdavis.edu/past-preliminary-exams | https://economics.sf.ucdavis.edu/sites/g/files/dgvnsk13091/files/inline-files/Graduate%20Handbook%20Fall%202019.pdf | https://economics.sf.ucdavis.edu/sites/g/files/dgvnsk13091/files/inline-files/Graduate%20Handbook%20Fall%202020%20-1.pdf | https://economics.sf.ucdavis.edu/sites/g/files/dgvnsk13091/files/inline-files/Graduate%20Handbook%20Fall%202021.pdf | https://economics.ucdavis.edu/sites/g/files/dgvnsk13091/files/inline-files/Econometrics%20Prelim2025_August.pdf | https://economics.ucdavis.edu/sites/g/files/dgvnsk13091/files/inline-files/Metrics_Prelim2025.pdf | https://economics.ucdavis.edu/sites/g/files/dgvnsk13091/files/inline-files/Metrics%20Prelim_June_2024.pdf | https://economics.ucdavis.edu/sites/g/files/dgvnsk13091/files/inline-files/econometrics-preliminary-exam-2023-june.pdf | https://economics.ucdavis.edu/sites/g/files/dgvnsk13091/files/inline-files/Econometrics%20Prelim%20June%202022.pdf | https://economics.ucdavis.edu/sites/g/files/dgvnsk13091/files/inline-files/econometrics-preliminary-exam-2021-july.pdf | https://economics.ucdavis.edu/sites/g/files/dgvnsk13091/files/inline-files/econometrics-preliminary-exam-2021-august.pdf | https://economics.ucdavis.edu/sites/g/files/dgvnsk13091/files/inline-files/econometrics-preliminary-exam-2019-july.pdf | https://economics.ucdavis.edu/sites/g/files/dgvnsk13091/files/inline-files/econometrics_prelim_august_2019.pdf | https://economics.ucdavis.edu/sites/g/files/dgvnsk13091/files/inline-files/econometrics-preliminary-exam-2018-july.pdf | https://economics.ucdavis.edu/sites/g/files/dgvnsk13091/files/inline-files/econometrics-preliminary-exam-2018-august.pdf | https://economics.ucdavis.edu/sites/g/files/dgvnsk13091/files/inline-files/are_ecn240b_reference_sheet_2019.pdf | https://economics.ucdavis.edu/sites/g/files/dgvnsk13091/files/inline-files/Macro%20Prelim%20July%202025%20-%20AK.pdf | https://economics.ucdavis.edu/sites/g/files/dgvnsk13091/files/inline-files/Macro_Prelim_July2025_200E_AK.pdf | https://economics.ucdavis.edu/sites/g/files/dgvnsk13091/files/inline-files/Prelim_July_2025_AK_Q1-2.pdf | https://economics.ucdavis.edu/sites/g/files/dgvnsk13091/files/inline-files/PRELIM_JULY_2025_ALL_PARTS.pdf | https://economics.ucdavis.edu/sites/g/files/dgvnsk13091/files/inline-files/Prelim_July_2024_AK_Q1-2.pdf | https://economics.ucdavis.edu/sites/g/files/dgvnsk13091/files/inline-files/Prelim_July_2024_AK_Q3-5.pdf | https://economics.ucdavis.edu/sites/g/files/dgvnsk13091/files/inline-files/Macro%20Prelim%20July%202024.pdf | https://economics.ucdavis.edu/sites/g/files/dgvnsk13091/files/inline-files/MACRO%20PRELIM_JULY_2023.pdf | https://economics.ucdavis.edu/sites/g/files/dgvnsk13091/files/inline-files/Prelim_July_2023_AK_Q1-2.pdf | https://economics.ucdavis.edu/sites/g/files/dgvnsk13091/files/inline-files/Prelim_July_2023_AK_Q3-4.pdf | https://economics.ucdavis.edu/sites/g/files/dgvnsk13091/files/inline-files/Prelim_July_2023_AK_Q5-6.pdf | https://economics.ucdavis.edu/sites/g/files/dgvnsk13091/files/inline-files/Macro%20Prelim%202022.pdf | https://economics.ucdavis.edu/sites/g/files/dgvnsk13091/files/inline-files/Adv%20Econ%20Theory%20Prelim%20July%202004.pdf | https://economics.ucdavis.edu/sites/g/files/dgvnsk13091/files/inline-files/Adv%20Econ%20Theory%20Prelim%20July%202006.pdf | https://economics.ucdavis.edu/sites/g/files/dgvnsk13091/files/inline-files/Adv%20Econ%20Theory%20Prelim%20June%202007.pdf | https://economics.ucdavis.edu/sites/g/files/dgvnsk13091/files/inline-files/Adv%20Econ%20Theory%20Prelim%20Sept%202007.pdf | https://economics.ucdavis.edu/sites/g/files/dgvnsk13091/files/inline-files/Adv%20Econ%20Theory%20Prelim%20June%202008.pdf | https://economics.ucdavis.edu/sites/g/files/dgvnsk13091/files/inline-files/Adv%20Econ%20Theory%20Prelim%20June%202009.pdf | https://economics.ucdavis.edu/sites/g/files/dgvnsk13091/files/inline-files/Econ%20History%20Prelim%20June%202004.pdf | https://economics.ucdavis.edu/sites/g/files/dgvnsk13091/files/inline-files/Econ%20History%20Prelim%20July%202005.pdf | https://economics.ucdavis.edu/sites/g/files/dgvnsk13091/files/inline-files/Econ%20History%20Prelim%20July%202006.pdf | https://economics.ucdavis.edu/sites/g/files/dgvnsk13091/files/inline-files/Econ%20History%20Prelim%20July%202007.pdf | https://economics.ucdavis.edu/sites/g/files/dgvnsk13091/files/inline-files/Econ%20History%20Prelim%20June%202008.pdf | https://economics.ucdavis.edu/sites/g/files/dgvnsk13091/files/inline-files/Econ%20History%20Prelim%20July%202009.pdf | https://economics.ucdavis.edu/sites/g/files/dgvnsk13091/files/inline-files/Economics%20Growth%20Prelim%20July%202003.pdf | https://economics.ucdavis.edu/sites/g/files/dgvnsk13091/files/inline-files/Economics%20Growth%20Prelim%20July%202005.pdf | https://economics.ucdavis.edu/sites/g/files/dgvnsk13091/files/inline-files/Economics%20Growth%20Prelim%20Sept%202005.pdf | https://economics.ucdavis.edu/sites/g/files/dgvnsk13091/files/inline-files/Economics%20Growth%20Prelim%20July%202006.pdf | https://economics.ucdavis.edu/sites/g/files/dgvnsk13091/files/inline-files/Economics%20Growth%20Prelim%20Sept%202006.pdf | https://economics.ucdavis.edu/sites/g/files/dgvnsk13091/files/inline-files/Economic%20Growth%20Prelim%20July%202007.pdf | https://economics.ucdavis.edu/sites/g/files/dgvnsk13091/files/inline-files/Economics%20Growth%20Prelim%20July%202008.pdf | https://economics.ucdavis.edu/sites/g/files/dgvnsk13091/files/inline-files/Industrial%20Organization%20Prelim%20June%202004.pdf | http://www.klenow.com/Idea_Rents.pdf | https://www.jonathandroth.com/assets/files/EvaluatingCounterfactualsWithIV.pdf | https://www.anderson.ucla.edu/faculty_pages/keith.chen/papers/Final_PNAS26.pdf | https://eminakamura.com/papers/Commoditization.pdf,https://economics.ucdavis.edu/sites/g/files/dgvnsk13091/files/inline-files/Macro%20Prelim%202022%20ANSWERS%20200B.pdf | https://economics.ucdavis.edu/sites/g/files/dgvnsk13091/files/inline-files/Macro%20Prelim%202022%20ANSWERS%20200D.pdf | https://economics.ucdavis.edu/sites/g/files/dgvnsk13091/files/inline-files/Macro%20Prelim%202022%20ANSWERS%20200E.pdf | https://economics.ucdavis.edu/sites/g/files/dgvnsk13091/files/inline-files/Industrial%20Organization%20Prelim%20ANSWERS%20June%202004.pdf | https://economics.ucdavis.edu/sites/g/files/dgvnsk13091/files/inline-files/Industrial%20Organization%20Prelim%20ANSWERS%20June%202005.pdf | https://economics.ucdavis.edu/sites/g/files/dgvnsk13091/files/inline-files/Industrial%20Organization%20Prelim%20ANSWERS%20Sept%202005.pdf | https://economics.ucdavis.edu/sites/g/files/dgvnsk13091/files/inline-files/Industrial%20Organization%20Prelim%20ANSWERS%20June%202006.pdf | https://economics.ucdavis.edu/sites/g/files/dgvnsk13091/files/inline-files/Industrial%20Organization%20Prelim%20ANSWERS%20July%202007.pdf | https://economics.ucdavis.edu/sites/g/files/dgvnsk13091/files/inline-files/Industrial%20Organization%20Prelim%20ANSWERS%20Sept%202007.pdf | https://economics.ucdavis.edu/sites/g/files/dgvnsk13091/files/inline-files/Industrial%20Organization%20Prelim%20ANSWERS%20July%202008.pdf,https://economics.ucdavis.edu/past-preliminary-exams
Finance & Quantitative Methods,Algorithmic & High-Frequency Trading,downloaded,https://iam.metu.edu.tr/en/phd-qualifying-exam-financial-mathematics | https://iam.metu.edu.tr/sites/iam.metu.edu.tr/files/LectureNotes/ilk_4_sayfa_9700510_quantum_cryptography_removed.pdf,,https://iam.metu.edu.tr/en/phd-qualifying-exam-financial-mathematics
Finance & Quantitative Methods,Behavioral Finance,downloaded,https://iam.metu.edu.tr/en/phd-qualifying-exam-financial-mathematics | https://iam.metu.edu.tr/sites/iam.metu.edu.tr/files/LectureNotes/ilk_4_sayfa_9700510_quantum_cryptography_removed.pdf,,https://iam.metu.edu.tr/en/phd-qualifying-exam-financial-mathematics
Finance & Quantitative Methods,Blockchain & Digital Assets,downloaded,https://iam.metu.edu.tr/en/phd-qualifying-exam-financial-mathematics | https://iam.metu.edu.tr/sites/iam.metu.edu.tr/files/LectureNotes/ilk_4_sayfa_9700510_quantum_cryptography_removed.pdf,,https://iam.metu.edu.tr/en/phd-qualifying-exam-financial-mathematics
Finance & Quantitative Methods,Credit Risk & Default Modeling,downloaded,https://iam.metu.edu.tr/en/phd-qualifying-exam-financial-mathematics | https://iam.metu.edu.tr/sites/iam.metu.edu.tr/files/LectureNotes/ilk_4_sayfa_9700510_quantum_cryptography_removed.pdf,,https://iam.metu.edu.tr/en/phd-qualifying-exam-financial-mathematics
Finance & Quantitative Methods,Derivatives & Options Theory,downloaded,https://iam.metu.edu.tr/en/phd-qualifying-exam-financial-mathematics | https://iam.metu.edu.tr/sites/iam.metu.edu.tr/files/LectureNotes/ilk_4_sayfa_9700510_quantum_cryptography_removed.pdf,,https://iam.metu.edu.tr/en/phd-qualifying-exam-financial-mathematics
Finance & Quantitative Methods,Financial Econometrics & Volatility,downloaded,https://iam.metu.edu.tr/en/phd-qualifying-exam-financial-mathematics | https://iam.metu.edu.tr/sites/iam.metu.edu.tr/files/LectureNotes/ilk_4_sayfa_9700510_quantum_cryptography_removed.pdf,,https://iam.metu.edu.tr/en/phd-qualifying-exam-financial-mathematics
Finance & Quantitative Methods,Fixed Income Analytics,downloaded,https://iam.metu.edu.tr/en/phd-qualifying-exam-financial-mathematics | https://iam.metu.edu.tr/sites/iam.metu.edu.tr/files/LectureNotes/ilk_4_sayfa_9700510_quantum_cryptography_removed.pdf,,https://iam.metu.edu.tr/en/phd-qualifying-exam-financial-mathematics
Finance & Quantitative Methods,Market Microstructure,downloaded,https://iam.metu.edu.tr/en/phd-qualifying-exam-financial-mathematics | https://iam.metu.edu.tr/sites/iam.metu.edu.tr/files/LectureNotes/ilk_4_sayfa_9700510_quantum_cryptography_removed.pdf,,https://iam.metu.edu.tr/en/phd-qualifying-exam-financial-mathematics
Finance & Quantitative Methods,Portfolio Theory & Risk Management,downloaded,https://iam.metu.edu.tr/en/phd-qualifying-exam-financial-mathematics | https://iam.metu.edu.tr/sites/iam.metu.edu.tr/files/LectureNotes/ilk_4_sayfa_9700510_quantum_cryptography_removed.pdf,,https://iam.metu.edu.tr/en/phd-qualifying-exam-financial-mathematics
Finance & Quantitative Methods,Quantitative Asset Pricing,downloaded,https://areas.fuqua.duke.edu/finance/phd-overview/curriculum-program-requirements/,,https://areas.fuqua.duke.edu/finance/phd-overview/curriculum-program-requirements/
Finance & Quantitative Methods,Stochastic Calculus & Mathematical Finance,downloaded,https://iam.metu.edu.tr/en/phd-qualifying-exam-financial-mathematics | https://iam.metu.edu.tr/sites/iam.metu.edu.tr/files/LectureNotes/ilk_4_sayfa_9700510_quantum_cryptography_removed.pdf,,https://iam.metu.edu.tr/en/phd-qualifying-exam-financial-mathematics
Business & Management,Accounting & Financial Reporting,downloaded,https://areas.fuqua.duke.edu/finance/phd-overview/curriculum-program-requirements/,,https://areas.fuqua.duke.edu/finance/phd-overview/curriculum-program-requirements/
Business & Management,Business Analytics & Decision Science,downloaded,https://areas.fuqua.duke.edu/finance/phd-overview/curriculum-program-requirements/,,https://areas.fuqua.duke.edu/finance/phd-overview/curriculum-program-requirements/
Business & Management,Corporate Strategy & Competitive Dynamics,downloaded,https://areas.fuqua.duke.edu/finance/phd-overview/curriculum-program-requirements/,,https://areas.fuqua.duke.edu/finance/phd-overview/curriculum-program-requirements/
Business & Management,Entrepreneurship & Innovation,downloaded,https://areas.fuqua.duke.edu/finance/phd-overview/curriculum-program-requirements/,,https://areas.fuqua.duke.edu/finance/phd-overview/curriculum-program-requirements/
Business & Management,International Business & Globalization,downloaded,https://areas.fuqua.duke.edu/finance/phd-overview/curriculum-program-requirements/,,https://areas.fuqua.duke.edu/finance/phd-overview/curriculum-program-requirements/
Business & Management,Marketing Science & Consumer Behavior,downloaded,https://areas.fuqua.duke.edu/finance/phd-overview/curriculum-program-requirements/,,https://areas.fuqua.duke.edu/finance/phd-overview/curriculum-program-requirements/
Business & Management,Operations Management & Supply Chains,downloaded,https://areas.fuqua.duke.edu/finance/phd-overview/curriculum-program-requirements/,,https://areas.fuqua.duke.edu/finance/phd-overview/curriculum-program-requirements/
Business & Management,Organizational Behavior & Leadership,downloaded,https://areas.fuqua.duke.edu/finance/phd-overview/curriculum-program-requirements/,,https://areas.fuqua.duke.edu/finance/phd-overview/curriculum-program-requirements/
Business & Management,Technology Strategy & Management,downloaded,https://areas.fuqua.duke.edu/finance/phd-overview/curriculum-program-requirements/,,https://areas.fuqua.duke.edu/finance/phd-overview/curriculum-program-requirements/
Linguistics,Computational & Corpus Linguistics,downloaded,https://www.memphis.edu/english/pdfs/grad-advising-pdfs/al_phd_comps.pdf,,https://www.memphis.edu/english/pdfs/grad-advising-pdfs/al_phd_comps.pdf
Linguistics,Field Linguistics & Documentation,downloaded,https://www.memphis.edu/english/pdfs/grad-advising-pdfs/al_phd_comps.pdf,,https://www.memphis.edu/english/pdfs/grad-advising-pdfs/al_phd_comps.pdf
Linguistics,Historical & Comparative Linguistics,downloaded,https://www.memphis.edu/english/pdfs/grad-advising-pdfs/al_phd_comps.pdf,,https://www.memphis.edu/english/pdfs/grad-advising-pdfs/al_phd_comps.pdf
Linguistics,Morphology & Lexical Semantics,downloaded,https://www.memphis.edu/english/pdfs/grad-advising-pdfs/al_phd_comps.pdf,,https://www.memphis.edu/english/pdfs/grad-advising-pdfs/al_phd_comps.pdf
Linguistics,Phonetics & Phonology,downloaded,https://www.colorado.edu/linguistics/current-students/graduates/professional-ma-tesol/comprehensive-exam,,https://www.colorado.edu/linguistics/current-students/graduates/professional-ma-tesol/comprehensive-exam
Linguistics,Psycholinguistics & Language Acquisition,downloaded,https://www.memphis.edu/english/pdfs/grad-advising-pdfs/al_phd_comps.pdf,,https://www.memphis.edu/english/pdfs/grad-advising-pdfs/al_phd_comps.pdf
Linguistics,Semantics & Pragmatics,downloaded,https://www.memphis.edu/english/pdfs/grad-advising-pdfs/al_phd_comps.pdf,,https://www.memphis.edu/english/pdfs/grad-advising-pdfs/al_phd_comps.pdf
Linguistics,Sociolinguistics & Dialectology,downloaded,https://www.memphis.edu/english/pdfs/grad-advising-pdfs/al_phd_comps.pdf,,https://www.memphis.edu/english/pdfs/grad-advising-pdfs/al_phd_comps.pdf
Linguistics,Syntax & Formal Grammar,downloaded,https://www.uprm.edu/english/wp-content/uploads/sites/124/2023/05/MAEE-Comprehensive-Exams-Study-Guide-Rev.-May-2023.pdf,,https://www.uprm.edu/english/wp-content/uploads/sites/124/2023/05/MAEE-Comprehensive-Exams-Study-Guide-Rev.-May-2023.pdf
Law,AI & Technology Law,downloaded,https://www.ustcivillaw.com/wp-content/uploads/2020/03/REM-Bar-Exam-Questions.pdf,,https://www.ustcivillaw.com/wp-content/uploads/2020/03/REM-Bar-Exam-Questions.pdf
Law,Constitutional Law,downloaded,https://www.ustcivillaw.com/wp-content/uploads/2020/03/REM-Bar-Exam-Questions.pdf,,https://www.ustcivillaw.com/wp-content/uploads/2020/03/REM-Bar-Exam-Questions.pdf
Law,Contract & Commercial Law,downloaded,https://www.ustcivillaw.com/wp-content/uploads/2020/03/REM-Bar-Exam-Questions.pdf,,https://www.ustcivillaw.com/wp-content/uploads/2020/03/REM-Bar-Exam-Questions.pdf
Law,Corporate & Securities Law,downloaded,https://www.ustcivillaw.com/wp-content/uploads/2020/03/REM-Bar-Exam-Questions.pdf,,https://www.ustcivillaw.com/wp-content/uploads/2020/03/REM-Bar-Exam-Questions.pdf
Law,Criminal Law & Procedure,downloaded,https://www.ustcivillaw.com/wp-content/uploads/2020/03/REM-Bar-Exam-Questions.pdf,,https://www.ustcivillaw.com/wp-content/uploads/2020/03/REM-Bar-Exam-Questions.pdf
Law,Data Protection & Privacy Law,downloaded,https://www.ustcivillaw.com/wp-content/uploads/2020/03/REM-Bar-Exam-Questions.pdf,,https://www.ustcivillaw.com/wp-content/uploads/2020/03/REM-Bar-Exam-Questions.pdf
Law,Environmental & Energy Law,downloaded,https://www.ustcivillaw.com/wp-content/uploads/2020/03/REM-Bar-Exam-Questions.pdf,,https://www.ustcivillaw.com/wp-content/uploads/2020/03/REM-Bar-Exam-Questions.pdf
Law,Intellectual Property Law,downloaded,https://www.ustcivillaw.com/wp-content/uploads/2020/03/REM-Bar-Exam-Questions.pdf,,https://www.ustcivillaw.com/wp-content/uploads/2020/03/REM-Bar-Exam-Questions.pdf
Law,International Law & Human Rights,downloaded,https://www.ustcivillaw.com/wp-content/uploads/2020/03/REM-Bar-Exam-Questions.pdf,,https://www.ustcivillaw.com/wp-content/uploads/2020/03/REM-Bar-Exam-Questions.pdf
Education & Learning Science,Curriculum & Assessment Design,failed,,,
Education & Learning Science,Educational Policy & Reform,failed,,,
Education & Learning Science,Educational Technology & Online Learning,failed,,,
Education & Learning Science,Learning & Memory in Education,failed,,,
Education & Learning Science,Learning Sciences & Instructional Design,failed,,,
Education & Learning Science,STEM Education,failed,,,
Education & Learning Science,Second Language Acquisition & TESOL,failed,,,
Education & Learning Science,Special Education & Inclusive Learning,failed,,,
Human-Computer Interaction,Accessibility & Inclusive Design,downloaded,https://www.cc.gatech.edu/phd-cs-past-qualifying-exams | https://prod-cc.cc.gatech.edu/sites/default/files/documents/2021/qual_2019_fall.pdf | https://prod-cc.cc.gatech.edu/sites/default/files/documents/2021/qual_2018_spring_1.pdf | https://prod-cc.cc.gatech.edu/sites/default/files/documents/2021/qual_2017_spring.pdf | https://prod-cc.cc.gatech.edu/sites/default/files/documents/2021/2017intelligent_systemsqualifyingexam.pdf | https://prod-cc.cc.gatech.edu/sites/default/files/documents/2021/mlqual17_.pdf | https://prod-cc.cc.gatech.edu/sites/default/files/documents/2021/qual_2016_spring_0.pdf | https://prod-cc.cc.gatech.edu/sites/default/files/documents/2021/csphd_hci_qualsp2016.pdf | https://prod-cc.cc.gatech.edu/sites/default/files/documents/2021/2016intelligent_systemsqualifying-exam.pdf | https://prod-cc.cc.gatech.edu/sites/default/files/documents/2021/qual_spring_2015_0.pdf | https://prod-cc.cc.gatech.edu/sites/default/files/documents/2021/qualifying-exams-is-2015spring-formatted.pdf | https://prod-cc.cc.gatech.edu/sites/default/files/documents/2021/graphics_qual_2014.pdf | https://prod-cc.cc.gatech.edu/sites/default/files/documents/2021/qualifying-exams-is-2014spring-formatted.pdf | https://prod-cc.cc.gatech.edu/sites/default/files/documents/2021/gv_quals_2013_j_k_g.pdf | https://prod-cc.cc.gatech.edu/sites/default/files/documents/2021/qualifying-exams-is-2013spring-formatted.pdf | https://prod-cc.cc.gatech.edu/sites/default/files/documents/2021/201202gv_quals.pdf | https://prod-cc.cc.gatech.edu/sites/default/files/documents/2021/is-qual-spring-2012.pdf | https://prod-cc.cc.gatech.edu/sites/default/files/documents/2021/201108_architecture_1.pdf | https://prod-cc.cc.gatech.edu/sites/default/files/documents/2021/201108_machine_learning.pdf | https://prod-cc.cc.gatech.edu/sites/default/files/documents/2021/201108_security_0.pdf | https://prod-cc.cc.gatech.edu/sites/default/files/documents/2021/201102_is_0.pdf | https://prod-cc.cc.gatech.edu/sites/default/files/documents/2021/201102_networking_p1_0.pdf | https://prod-cc.cc.gatech.edu/sites/default/files/documents/2021/201102_plc_0.pdf | https://prod-cc.cc.gatech.edu/sites/default/files/documents/2021/201102_security.pdf | https://prod-cc.cc.gatech.edu/sites/default/files/documents/2021/201102_sweng.pdf | https://prod-cc.cc.gatech.edu/sites/default/files/documents/2021/201102_systems.pdf | https://www.cc.gatech.edu/sites/default/files/documents/2023/nace-career-readiness-competencies-revised-apr-2021.pdf,,https://www.cc.gatech.edu/phd-cs-past-qualifying-exams
Human-Computer Interaction,BCI & Neural Interfaces,downloaded,https://www.cc.gatech.edu/phd-cs-past-qualifying-exams | https://prod-cc.cc.gatech.edu/sites/default/files/documents/2021/qual_2019_fall.pdf | https://prod-cc.cc.gatech.edu/sites/default/files/documents/2021/qual_2018_spring_1.pdf | https://prod-cc.cc.gatech.edu/sites/default/files/documents/2021/qual_2017_spring.pdf | https://prod-cc.cc.gatech.edu/sites/default/files/documents/2021/2017intelligent_systemsqualifyingexam.pdf | https://prod-cc.cc.gatech.edu/sites/default/files/documents/2021/mlqual17_.pdf | https://prod-cc.cc.gatech.edu/sites/default/files/documents/2021/qual_2016_spring_0.pdf | https://prod-cc.cc.gatech.edu/sites/default/files/documents/2021/csphd_hci_qualsp2016.pdf | https://prod-cc.cc.gatech.edu/sites/default/files/documents/2021/2016intelligent_systemsqualifying-exam.pdf | https://prod-cc.cc.gatech.edu/sites/default/files/documents/2021/qual_spring_2015_0.pdf | https://prod-cc.cc.gatech.edu/sites/default/files/documents/2021/qualifying-exams-is-2015spring-formatted.pdf | https://prod-cc.cc.gatech.edu/sites/default/files/documents/2021/graphics_qual_2014.pdf | https://prod-cc.cc.gatech.edu/sites/default/files/documents/2021/qualifying-exams-is-2014spring-formatted.pdf | https://prod-cc.cc.gatech.edu/sites/default/files/documents/2021/gv_quals_2013_j_k_g.pdf | https://prod-cc.cc.gatech.edu/sites/default/files/documents/2021/qualifying-exams-is-2013spring-formatted.pdf | https://prod-cc.cc.gatech.edu/sites/default/files/documents/2021/201202gv_quals.pdf | https://prod-cc.cc.gatech.edu/sites/default/files/documents/2021/is-qual-spring-2012.pdf | https://prod-cc.cc.gatech.edu/sites/default/files/documents/2021/201108_architecture_1.pdf | https://prod-cc.cc.gatech.edu/sites/default/files/documents/2021/201108_machine_learning.pdf | https://prod-cc.cc.gatech.edu/sites/default/files/documents/2021/201108_security_0.pdf | https://prod-cc.cc.gatech.edu/sites/default/files/documents/2021/201102_is_0.pdf | https://prod-cc.cc.gatech.edu/sites/default/files/documents/2021/201102_networking_p1_0.pdf | https://prod-cc.cc.gatech.edu/sites/default/files/documents/2021/201102_plc_0.pdf | https://prod-cc.cc.gatech.edu/sites/default/files/documents/2021/201102_security.pdf | https://prod-cc.cc.gatech.edu/sites/default/files/documents/2021/201102_sweng.pdf | https://prod-cc.cc.gatech.edu/sites/default/files/documents/2021/201102_systems.pdf | https://www.cc.gatech.edu/sites/default/files/documents/2023/nace-career-readiness-competencies-revised-apr-2021.pdf,,https://www.cc.gatech.edu/phd-cs-past-qualifying-exams
Human-Computer Interaction,Computer-Supported Cooperative Work,downloaded,https://www.cc.gatech.edu/phd-cs-past-qualifying-exams | https://prod-cc.cc.gatech.edu/sites/default/files/documents/2021/qual_2019_fall.pdf | https://prod-cc.cc.gatech.edu/sites/default/files/documents/2021/qual_2018_spring_1.pdf | https://prod-cc.cc.gatech.edu/sites/default/files/documents/2021/qual_2017_spring.pdf | https://prod-cc.cc.gatech.edu/sites/default/files/documents/2021/2017intelligent_systemsqualifyingexam.pdf | https://prod-cc.cc.gatech.edu/sites/default/files/documents/2021/mlqual17_.pdf | https://prod-cc.cc.gatech.edu/sites/default/files/documents/2021/qual_2016_spring_0.pdf | https://prod-cc.cc.gatech.edu/sites/default/files/documents/2021/csphd_hci_qualsp2016.pdf | https://prod-cc.cc.gatech.edu/sites/default/files/documents/2021/2016intelligent_systemsqualifying-exam.pdf | https://prod-cc.cc.gatech.edu/sites/default/files/documents/2021/qual_spring_2015_0.pdf | https://prod-cc.cc.gatech.edu/sites/default/files/documents/2021/qualifying-exams-is-2015spring-formatted.pdf | https://prod-cc.cc.gatech.edu/sites/default/files/documents/2021/graphics_qual_2014.pdf | https://prod-cc.cc.gatech.edu/sites/default/files/documents/2021/qualifying-exams-is-2014spring-formatted.pdf | https://prod-cc.cc.gatech.edu/sites/default/files/documents/2021/gv_quals_2013_j_k_g.pdf | https://prod-cc.cc.gatech.edu/sites/default/files/documents/2021/qualifying-exams-is-2013spring-formatted.pdf | https://prod-cc.cc.gatech.edu/sites/default/files/documents/2021/201202gv_quals.pdf | https://prod-cc.cc.gatech.edu/sites/default/files/documents/2021/is-qual-spring-2012.pdf | https://prod-cc.cc.gatech.edu/sites/default/files/documents/2021/201108_architecture_1.pdf | https://prod-cc.cc.gatech.edu/sites/default/files/documents/2021/201108_machine_learning.pdf | https://prod-cc.cc.gatech.edu/sites/default/files/documents/2021/201108_security_0.pdf | https://prod-cc.cc.gatech.edu/sites/default/files/documents/2021/201102_is_0.pdf | https://prod-cc.cc.gatech.edu/sites/default/files/documents/2021/201102_networking_p1_0.pdf | https://prod-cc.cc.gatech.edu/sites/default/files/documents/2021/201102_plc_0.pdf | https://prod-cc.cc.gatech.edu/sites/default/files/documents/2021/201102_security.pdf | https://prod-cc.cc.gatech.edu/sites/default/files/documents/2021/201102_sweng.pdf | https://prod-cc.cc.gatech.edu/sites/default/files/documents/2021/201102_systems.pdf | https://www.cc.gatech.edu/sites/default/files/documents/2023/nace-career-readiness-competencies-revised-apr-2021.pdf,,https://www.cc.gatech.edu/phd-cs-past-qualifying-exams
Human-Computer Interaction,Human Factors & Ergonomics,downloaded,https://www.cc.gatech.edu/phd-cs-past-qualifying-exams | https://prod-cc.cc.gatech.edu/sites/default/files/documents/2021/qual_2019_fall.pdf | https://prod-cc.cc.gatech.edu/sites/default/files/documents/2021/qual_2018_spring_1.pdf | https://prod-cc.cc.gatech.edu/sites/default/files/documents/2021/qual_2017_spring.pdf | https://prod-cc.cc.gatech.edu/sites/default/files/documents/2021/2017intelligent_systemsqualifyingexam.pdf | https://prod-cc.cc.gatech.edu/sites/default/files/documents/2021/mlqual17_.pdf | https://prod-cc.cc.gatech.edu/sites/default/files/documents/2021/qual_2016_spring_0.pdf | https://prod-cc.cc.gatech.edu/sites/default/files/documents/2021/csphd_hci_qualsp2016.pdf | https://prod-cc.cc.gatech.edu/sites/default/files/documents/2021/2016intelligent_systemsqualifying-exam.pdf | https://prod-cc.cc.gatech.edu/sites/default/files/documents/2021/qual_spring_2015_0.pdf | https://prod-cc.cc.gatech.edu/sites/default/files/documents/2021/qualifying-exams-is-2015spring-formatted.pdf | https://prod-cc.cc.gatech.edu/sites/default/files/documents/2021/graphics_qual_2014.pdf | https://prod-cc.cc.gatech.edu/sites/default/files/documents/2021/qualifying-exams-is-2014spring-formatted.pdf | https://prod-cc.cc.gatech.edu/sites/default/files/documents/2021/gv_quals_2013_j_k_g.pdf | https://prod-cc.cc.gatech.edu/sites/default/files/documents/2021/qualifying-exams-is-2013spring-formatted.pdf | https://prod-cc.cc.gatech.edu/sites/default/files/documents/2021/201202gv_quals.pdf | https://prod-cc.cc.gatech.edu/sites/default/files/documents/2021/is-qual-spring-2012.pdf | https://prod-cc.cc.gatech.edu/sites/default/files/documents/2021/201108_architecture_1.pdf | https://prod-cc.cc.gatech.edu/sites/default/files/documents/2021/201108_machine_learning.pdf | https://prod-cc.cc.gatech.edu/sites/default/files/documents/2021/201108_security_0.pdf | https://prod-cc.cc.gatech.edu/sites/default/files/documents/2021/201102_is_0.pdf | https://prod-cc.cc.gatech.edu/sites/default/files/documents/2021/201102_networking_p1_0.pdf | https://prod-cc.cc.gatech.edu/sites/default/files/documents/2021/201102_plc_0.pdf | https://prod-cc.cc.gatech.edu/sites/default/files/documents/2021/201102_security.pdf | https://prod-cc.cc.gatech.edu/sites/default/files/documents/2021/201102_sweng.pdf | https://prod-cc.cc.gatech.edu/sites/default/files/documents/2021/201102_systems.pdf | https://www.cc.gatech.edu/sites/default/files/documents/2023/nace-career-readiness-competencies-revised-apr-2021.pdf,,https://www.cc.gatech.edu/phd-cs-past-qualifying-exams
Human-Computer Interaction,Information Visualization,downloaded,https://www.cc.gatech.edu/phd-cs-past-qualifying-exams | https://prod-cc.cc.gatech.edu/sites/default/files/documents/2021/qual_2019_fall.pdf | https://prod-cc.cc.gatech.edu/sites/default/files/documents/2021/qual_2018_spring_1.pdf | https://prod-cc.cc.gatech.edu/sites/default/files/documents/2021/qual_2017_spring.pdf | https://prod-cc.cc.gatech.edu/sites/default/files/documents/2021/2017intelligent_systemsqualifyingexam.pdf | https://prod-cc.cc.gatech.edu/sites/default/files/documents/2021/mlqual17_.pdf | https://prod-cc.cc.gatech.edu/sites/default/files/documents/2021/qual_2016_spring_0.pdf | https://prod-cc.cc.gatech.edu/sites/default/files/documents/2021/csphd_hci_qualsp2016.pdf | https://prod-cc.cc.gatech.edu/sites/default/files/documents/2021/2016intelligent_systemsqualifying-exam.pdf | https://prod-cc.cc.gatech.edu/sites/default/files/documents/2021/qual_spring_2015_0.pdf | https://prod-cc.cc.gatech.edu/sites/default/files/documents/2021/qualifying-exams-is-2015spring-formatted.pdf | https://prod-cc.cc.gatech.edu/sites/default/files/documents/2021/graphics_qual_2014.pdf | https://prod-cc.cc.gatech.edu/sites/default/files/documents/2021/qualifying-exams-is-2014spring-formatted.pdf | https://prod-cc.cc.gatech.edu/sites/default/files/documents/2021/gv_quals_2013_j_k_g.pdf | https://prod-cc.cc.gatech.edu/sites/default/files/documents/2021/qualifying-exams-is-2013spring-formatted.pdf | https://prod-cc.cc.gatech.edu/sites/default/files/documents/2021/201202gv_quals.pdf | https://prod-cc.cc.gatech.edu/sites/default/files/documents/2021/is-qual-spring-2012.pdf | https://prod-cc.cc.gatech.edu/sites/default/files/documents/2021/201108_architecture_1.pdf | https://prod-cc.cc.gatech.edu/sites/default/files/documents/2021/201108_machine_learning.pdf | https://prod-cc.cc.gatech.edu/sites/default/files/documents/2021/201108_security_0.pdf | https://prod-cc.cc.gatech.edu/sites/default/files/documents/2021/201102_is_0.pdf | https://prod-cc.cc.gatech.edu/sites/default/files/documents/2021/201102_networking_p1_0.pdf | https://prod-cc.cc.gatech.edu/sites/default/files/documents/2021/201102_plc_0.pdf | https://prod-cc.cc.gatech.edu/sites/default/files/documents/2021/201102_security.pdf | https://prod-cc.cc.gatech.edu/sites/default/files/documents/2021/201102_sweng.pdf | https://prod-cc.cc.gatech.edu/sites/default/files/documents/2021/201102_systems.pdf | https://www.cc.gatech.edu/sites/default/files/documents/2023/nace-career-readiness-competencies-revised-apr-2021.pdf,,https://www.cc.gatech.edu/phd-cs-past-qualifying-exams
Human-Computer Interaction,Interaction Design & Usability,downloaded,https://www.cc.gatech.edu/phd-cs-past-qualifying-exams | https://prod-cc.cc.gatech.edu/sites/default/files/documents/2021/qual_2019_fall.pdf | https://prod-cc.cc.gatech.edu/sites/default/files/documents/2021/qual_2018_spring_1.pdf | https://prod-cc.cc.gatech.edu/sites/default/files/documents/2021/qual_2017_spring.pdf | https://prod-cc.cc.gatech.edu/sites/default/files/documents/2021/2017intelligent_systemsqualifyingexam.pdf | https://prod-cc.cc.gatech.edu/sites/default/files/documents/2021/mlqual17_.pdf | https://prod-cc.cc.gatech.edu/sites/default/files/documents/2021/qual_2016_spring_0.pdf | https://prod-cc.cc.gatech.edu/sites/default/files/documents/2021/csphd_hci_qualsp2016.pdf | https://prod-cc.cc.gatech.edu/sites/default/files/documents/2021/2016intelligent_systemsqualifying-exam.pdf | https://prod-cc.cc.gatech.edu/sites/default/files/documents/2021/qual_spring_2015_0.pdf | https://prod-cc.cc.gatech.edu/sites/default/files/documents/2021/qualifying-exams-is-2015spring-formatted.pdf | https://prod-cc.cc.gatech.edu/sites/default/files/documents/2021/graphics_qual_2014.pdf | https://prod-cc.cc.gatech.edu/sites/default/files/documents/2021/qualifying-exams-is-2014spring-formatted.pdf | https://prod-cc.cc.gatech.edu/sites/default/files/documents/2021/gv_quals_2013_j_k_g.pdf | https://prod-cc.cc.gatech.edu/sites/default/files/documents/2021/qualifying-exams-is-2013spring-formatted.pdf | https://prod-cc.cc.gatech.edu/sites/default/files/documents/2021/201202gv_quals.pdf | https://prod-cc.cc.gatech.edu/sites/default/files/documents/2021/is-qual-spring-2012.pdf | https://prod-cc.cc.gatech.edu/sites/default/files/documents/2021/201108_architecture_1.pdf | https://prod-cc.cc.gatech.edu/sites/default/files/documents/2021/201108_machine_learning.pdf | https://prod-cc.cc.gatech.edu/sites/default/files/documents/2021/201108_security_0.pdf | https://prod-cc.cc.gatech.edu/sites/default/files/documents/2021/201102_is_0.pdf | https://prod-cc.cc.gatech.edu/sites/default/files/documents/2021/201102_networking_p1_0.pdf | https://prod-cc.cc.gatech.edu/sites/default/files/documents/2021/201102_plc_0.pdf | https://prod-cc.cc.gatech.edu/sites/default/files/documents/2021/201102_security.pdf | https://prod-cc.cc.gatech.edu/sites/default/files/documents/2021/201102_sweng.pdf | https://prod-cc.cc.gatech.edu/sites/default/files/documents/2021/201102_systems.pdf | https://www.cc.gatech.edu/sites/default/files/documents/2023/nace-career-readiness-competencies-revised-apr-2021.pdf,,https://www.cc.gatech.edu/phd-cs-past-qualifying-exams
Human-Computer Interaction,Mobile & Wearable Interaction,downloaded,https://www.cc.gatech.edu/phd-cs-past-qualifying-exams | https://prod-cc.cc.gatech.edu/sites/default/files/documents/2021/qual_2019_fall.pdf | https://prod-cc.cc.gatech.edu/sites/default/files/documents/2021/qual_2018_spring_1.pdf | https://prod-cc.cc.gatech.edu/sites/default/files/documents/2021/qual_2017_spring.pdf | https://prod-cc.cc.gatech.edu/sites/default/files/documents/2021/2017intelligent_systemsqualifyingexam.pdf | https://prod-cc.cc.gatech.edu/sites/default/files/documents/2021/mlqual17_.pdf | https://prod-cc.cc.gatech.edu/sites/default/files/documents/2021/qual_2016_spring_0.pdf | https://prod-cc.cc.gatech.edu/sites/default/files/documents/2021/csphd_hci_qualsp2016.pdf | https://prod-cc.cc.gatech.edu/sites/default/files/documents/2021/2016intelligent_systemsqualifying-exam.pdf | https://prod-cc.cc.gatech.edu/sites/default/files/documents/2021/qual_spring_2015_0.pdf | https://prod-cc.cc.gatech.edu/sites/default/files/documents/2021/qualifying-exams-is-2015spring-formatted.pdf | https://prod-cc.cc.gatech.edu/sites/default/files/documents/2021/graphics_qual_2014.pdf | https://prod-cc.cc.gatech.edu/sites/default/files/documents/2021/qualifying-exams-is-2014spring-formatted.pdf | https://prod-cc.cc.gatech.edu/sites/default/files/documents/2021/gv_quals_2013_j_k_g.pdf | https://prod-cc.cc.gatech.edu/sites/default/files/documents/2021/qualifying-exams-is-2013spring-formatted.pdf | https://prod-cc.cc.gatech.edu/sites/default/files/documents/2021/201202gv_quals.pdf | https://prod-cc.cc.gatech.edu/sites/default/files/documents/2021/is-qual-spring-2012.pdf | https://prod-cc.cc.gatech.edu/sites/default/files/documents/2021/201108_architecture_1.pdf | https://prod-cc.cc.gatech.edu/sites/default/files/documents/2021/201108_machine_learning.pdf | https://prod-cc.cc.gatech.edu/sites/default/files/documents/2021/201108_security_0.pdf | https://prod-cc.cc.gatech.edu/sites/default/files/documents/2021/201102_is_0.pdf | https://prod-cc.cc.gatech.edu/sites/default/files/documents/2021/201102_networking_p1_0.pdf | https://prod-cc.cc.gatech.edu/sites/default/files/documents/2021/201102_plc_0.pdf | https://prod-cc.cc.gatech.edu/sites/default/files/documents/2021/201102_security.pdf | https://prod-cc.cc.gatech.edu/sites/default/files/documents/2021/201102_sweng.pdf | https://prod-cc.cc.gatech.edu/sites/default/files/documents/2021/201102_systems.pdf | https://www.cc.gatech.edu/sites/default/files/documents/2023/nace-career-readiness-competencies-revised-apr-2021.pdf,,https://www.cc.gatech.edu/phd-cs-past-qualifying-exams
Human-Computer Interaction,Tangible & Embodied Interaction,downloaded,https://www.cc.gatech.edu/phd-cs-past-qualifying-exams | https://prod-cc.cc.gatech.edu/sites/default/files/documents/2021/qual_2019_fall.pdf | https://prod-cc.cc.gatech.edu/sites/default/files/documents/2021/qual_2018_spring_1.pdf | https://prod-cc.cc.gatech.edu/sites/default/files/documents/2021/qual_2017_spring.pdf | https://prod-cc.cc.gatech.edu/sites/default/files/documents/2021/2017intelligent_systemsqualifyingexam.pdf | https://prod-cc.cc.gatech.edu/sites/default/files/documents/2021/mlqual17_.pdf | https://prod-cc.cc.gatech.edu/sites/default/files/documents/2021/qual_2016_spring_0.pdf | https://prod-cc.cc.gatech.edu/sites/default/files/documents/2021/csphd_hci_qualsp2016.pdf | https://prod-cc.cc.gatech.edu/sites/default/files/documents/2021/2016intelligent_systemsqualifying-exam.pdf | https://prod-cc.cc.gatech.edu/sites/default/files/documents/2021/qual_spring_2015_0.pdf | https://prod-cc.cc.gatech.edu/sites/default/files/documents/2021/qualifying-exams-is-2015spring-formatted.pdf | https://prod-cc.cc.gatech.edu/sites/default/files/documents/2021/graphics_qual_2014.pdf | https://prod-cc.cc.gatech.edu/sites/default/files/documents/2021/qualifying-exams-is-2014spring-formatted.pdf | https://prod-cc.cc.gatech.edu/sites/default/files/documents/2021/gv_quals_2013_j_k_g.pdf | https://prod-cc.cc.gatech.edu/sites/default/files/documents/2021/qualifying-exams-is-2013spring-formatted.pdf | https://prod-cc.cc.gatech.edu/sites/default/files/documents/2021/201202gv_quals.pdf | https://prod-cc.cc.gatech.edu/sites/default/files/documents/2021/is-qual-spring-2012.pdf | https://prod-cc.cc.gatech.edu/sites/default/files/documents/2021/201108_architecture_1.pdf | https://prod-cc.cc.gatech.edu/sites/default/files/documents/2021/201108_machine_learning.pdf | https://prod-cc.cc.gatech.edu/sites/default/files/documents/2021/201108_security_0.pdf | https://prod-cc.cc.gatech.edu/sites/default/files/documents/2021/201102_is_0.pdf | https://prod-cc.cc.gatech.edu/sites/default/files/documents/2021/201102_networking_p1_0.pdf | https://prod-cc.cc.gatech.edu/sites/default/files/documents/2021/201102_plc_0.pdf | https://prod-cc.cc.gatech.edu/sites/default/files/documents/2021/201102_security.pdf | https://prod-cc.cc.gatech.edu/sites/default/files/documents/2021/201102_sweng.pdf | https://prod-cc.cc.gatech.edu/sites/default/files/documents/2021/201102_systems.pdf | https://www.cc.gatech.edu/sites/default/files/documents/2023/nace-career-readiness-competencies-revised-apr-2021.pdf,,https://www.cc.gatech.edu/phd-cs-past-qualifying-exams
Human-Computer Interaction,Ubiquitous & Pervasive Computing,downloaded,https://www.cc.gatech.edu/phd-cs-past-qualifying-exams | https://prod-cc.cc.gatech.edu/sites/default/files/documents/2021/qual_2019_fall.pdf | https://prod-cc.cc.gatech.edu/sites/default/files/documents/2021/qual_2018_spring_1.pdf | https://prod-cc.cc.gatech.edu/sites/default/files/documents/2021/qual_2017_spring.pdf | https://prod-cc.cc.gatech.edu/sites/default/files/documents/2021/2017intelligent_systemsqualifyingexam.pdf | https://prod-cc.cc.gatech.edu/sites/default/files/documents/2021/mlqual17_.pdf | https://prod-cc.cc.gatech.edu/sites/default/files/documents/2021/qual_2016_spring_0.pdf | https://prod-cc.cc.gatech.edu/sites/default/files/documents/2021/csphd_hci_qualsp2016.pdf | https://prod-cc.cc.gatech.edu/sites/default/files/documents/2021/2016intelligent_systemsqualifying-exam.pdf | https://prod-cc.cc.gatech.edu/sites/default/files/documents/2021/qual_spring_2015_0.pdf | https://prod-cc.cc.gatech.edu/sites/default/files/documents/2021/qualifying-exams-is-2015spring-formatted.pdf | https://prod-cc.cc.gatech.edu/sites/default/files/documents/2021/graphics_qual_2014.pdf | https://prod-cc.cc.gatech.edu/sites/default/files/documents/2021/qualifying-exams-is-2014spring-formatted.pdf | https://prod-cc.cc.gatech.edu/sites/default/files/documents/2021/gv_quals_2013_j_k_g.pdf | https://prod-cc.cc.gatech.edu/sites/default/files/documents/2021/qualifying-exams-is-2013spring-formatted.pdf | https://prod-cc.cc.gatech.edu/sites/default/files/documents/2021/201202gv_quals.pdf | https://prod-cc.cc.gatech.edu/sites/default/files/documents/2021/is-qual-spring-2012.pdf | https://prod-cc.cc.gatech.edu/sites/default/files/documents/2021/201108_architecture_1.pdf | https://prod-cc.cc.gatech.edu/sites/default/files/documents/2021/201108_machine_learning.pdf | https://prod-cc.cc.gatech.edu/sites/default/files/documents/2021/201108_security_0.pdf | https://prod-cc.cc.gatech.edu/sites/default/files/documents/2021/201102_is_0.pdf | https://prod-cc.cc.gatech.edu/sites/default/files/documents/2021/201102_networking_p1_0.pdf | https://prod-cc.cc.gatech.edu/sites/default/files/documents/2021/201102_plc_0.pdf | https://prod-cc.cc.gatech.edu/sites/default/files/documents/2021/201102_security.pdf | https://prod-cc.cc.gatech.edu/sites/default/files/documents/2021/201102_sweng.pdf | https://prod-cc.cc.gatech.edu/sites/default/files/documents/2021/201102_systems.pdf | https://www.cc.gatech.edu/sites/default/files/documents/2023/nace-career-readiness-competencies-revised-apr-2021.pdf,,https://www.cc.gatech.edu/phd-cs-past-qualifying-exams
Robotics & Control,Aerial Robotics & UAV Control,downloaded,https://me.sabanciuniv.edu/en/graduate/phd-qualifying-written-exam,,https://me.sabanciuniv.edu/en/graduate/phd-qualifying-written-exam
Robotics & Control,Human-Robot Interaction,downloaded,https://www.me.byu.edu/https:/brightspotcdn.byu.edu/f8/62/b5c031444c5b9d40f25924fbff43/controls-infosheet-and-sample-problems-0.pdf,,https://www.me.byu.edu/https:/brightspotcdn.byu.edu/f8/62/b5c031444c5b9d40f25924fbff43/controls-infosheet-and-sample-problems-0.pdf
Robotics & Control,Learning for Control (RL in robotics),downloaded,https://www.me.gatech.edu/sites/default/files/2021-09/Appendix%20-%20Example%20Exams.pdf,,https://www.me.gatech.edu/sites/default/files/2021-09/Appendix%20-%20Example%20Exams.pdf
Robotics & Control,Legged Locomotion & Balance,downloaded,https://www.me.byu.edu/https:/brightspotcdn.byu.edu/f8/62/b5c031444c5b9d40f25924fbff43/controls-infosheet-and-sample-problems-0.pdf,,https://www.me.byu.edu/https:/brightspotcdn.byu.edu/f8/62/b5c031444c5b9d40f25924fbff43/controls-infosheet-and-sample-problems-0.pdf
Robotics & Control,Manipulation & Grasping,downloaded,https://eecs.berkeley.edu/book/phd/exam-prep/ | https://www2.eecs.berkeley.edu/Protected/Grads/qual-overview.pdf,,https://eecs.berkeley.edu/book/phd/exam-prep/
Robotics & Control,Mobile Robotics & Navigation,downloaded,https://www.me.byu.edu/https:/brightspotcdn.byu.edu/f8/62/b5c031444c5b9d40f25924fbff43/controls-infosheet-and-sample-problems-0.pdf,,https://www.me.byu.edu/https:/brightspotcdn.byu.edu/f8/62/b5c031444c5b9d40f25924fbff43/controls-infosheet-and-sample-problems-0.pdf
Robotics & Control,Model Predictive Control,downloaded,https://www.bu.edu/eng/files/2024/09/May-2024-SE-Qual-Exam-Assembled.pdf,,https://www.bu.edu/eng/files/2024/09/May-2024-SE-Qual-Exam-Assembled.pdf
Robotics & Control,Motion Planning & Trajectory Optimization,downloaded,https://www.me.byu.edu/https:/brightspotcdn.byu.edu/f8/62/b5c031444c5b9d40f25924fbff43/controls-infosheet-and-sample-problems-0.pdf,,https://www.me.byu.edu/https:/brightspotcdn.byu.edu/f8/62/b5c031444c5b9d40f25924fbff43/controls-infosheet-and-sample-problems-0.pdf
Robotics & Control,Nonlinear & Adaptive Control,downloaded,https://www.me.byu.edu/https:/brightspotcdn.byu.edu/f8/62/b5c031444c5b9d40f25924fbff43/controls-infosheet-and-sample-problems-0.pdf,,https://www.me.byu.edu/https:/brightspotcdn.byu.edu/f8/62/b5c031444c5b9d40f25924fbff43/controls-infosheet-and-sample-problems-0.pdf
Robotics & Control,Optimal Control Theory,downloaded,https://www.bu.edu/eng/files/2024/09/May-2024-SE-Qual-Exam-Assembled.pdf,,https://www.bu.edu/eng/files/2024/09/May-2024-SE-Qual-Exam-Assembled.pdf
Robotics & Control,Robotic Perception & SLAM,downloaded,https://www.me.byu.edu/https:/brightspotcdn.byu.edu/f8/62/b5c031444c5b9d40f25924fbff43/controls-infosheet-and-sample-problems-0.pdf,,https://www.me.byu.edu/https:/brightspotcdn.byu.edu/f8/62/b5c031444c5b9d40f25924fbff43/controls-infosheet-and-sample-problems-0.pdf
Robotics & Control,Soft Robotics & Actuation,downloaded,https://www.me.byu.edu/https:/brightspotcdn.byu.edu/f8/62/b5c031444c5b9d40f25924fbff43/controls-infosheet-and-sample-problems-0.pdf,,https://www.me.byu.edu/https:/brightspotcdn.byu.edu/f8/62/b5c031444c5b9d40f25924fbff43/controls-infosheet-and-sample-problems-0.pdf
Robotics & Control,Swarm & Multi-Robot Systems,downloaded,https://www.me.byu.edu/https:/brightspotcdn.byu.edu/f8/62/b5c031444c5b9d40f25924fbff43/controls-infosheet-and-sample-problems-0.pdf,,https://www.me.byu.edu/https:/brightspotcdn.byu.edu/f8/62/b5c031444c5b9d40f25924fbff43/controls-infosheet-and-sample-problems-0.pdf
Programming Languages & Software Engineering,Build Systems & Continuous Delivery,downloaded,https://eecs.berkeley.edu/book/phd/exam-prep/ | https://www2.eecs.berkeley.edu/Protected/Grads/qual-overview.pdf,,https://eecs.berkeley.edu/book/phd/exam-prep/
Programming Languages & Software Engineering,Compiler Optimization,downloaded,https://eecs.berkeley.edu/book/phd/exam-prep/ | https://www2.eecs.berkeley.edu/Protected/Grads/qual-overview.pdf,,https://eecs.berkeley.edu/book/phd/exam-prep/
Programming Languages & Software Engineering,Developer Tools & IDEs,downloaded,https://eecs.berkeley.edu/book/phd/exam-prep/ | https://www2.eecs.berkeley.edu/Protected/Grads/qual-overview.pdf,,https://eecs.berkeley.edu/book/phd/exam-prep/
Programming Languages & Software Engineering,Empirical Software Engineering,downloaded,https://eecs.berkeley.edu/book/phd/exam-prep/ | https://www2.eecs.berkeley.edu/Protected/Grads/qual-overview.pdf,,https://eecs.berkeley.edu/book/phd/exam-prep/
Programming Languages & Software Engineering,Formal Verification & Model Checking,downloaded,https://eecs.berkeley.edu/book/phd/exam-prep/ | https://www2.eecs.berkeley.edu/Protected/Grads/qual-overview.pdf,,https://eecs.berkeley.edu/book/phd/exam-prep/
Programming Languages & Software Engineering,Language Semantics,downloaded,https://eecs.berkeley.edu/book/phd/exam-prep/ | https://www2.eecs.berkeley.edu/Protected/Grads/qual-overview.pdf,,https://eecs.berkeley.edu/book/phd/exam-prep/
Programming Languages & Software Engineering,Parallel & Concurrent Programming Models,downloaded,https://eecs.berkeley.edu/book/phd/exam-prep/ | https://www2.eecs.berkeley.edu/Protected/Grads/qual-overview.pdf,,https://eecs.berkeley.edu/book/phd/exam-prep/
Programming Languages & Software Engineering,Program Analysis & Bug Finding,downloaded,https://eecs.berkeley.edu/book/phd/exam-prep/ | https://www2.eecs.berkeley.edu/Protected/Grads/qual-overview.pdf,,https://eecs.berkeley.edu/book/phd/exam-prep/
Programming Languages & Software Engineering,Program Synthesis,downloaded,https://eecs.berkeley.edu/book/phd/exam-prep/ | https://www2.eecs.berkeley.edu/Protected/Grads/qual-overview.pdf,,https://eecs.berkeley.edu/book/phd/exam-prep/
Programming Languages & Software Engineering,Software Architecture & Design,downloaded,https://eecs.berkeley.edu/book/phd/exam-prep/ | https://www2.eecs.berkeley.edu/Protected/Grads/qual-overview.pdf,,https://eecs.berkeley.edu/book/phd/exam-prep/
Programming Languages & Software Engineering,Software Security Engineering,downloaded,https://eecs.berkeley.edu/book/phd/exam-prep/ | https://www2.eecs.berkeley.edu/Protected/Grads/qual-overview.pdf,,https://eecs.berkeley.edu/book/phd/exam-prep/
Programming Languages & Software Engineering,Static & Dynamic Analysis Tooling,downloaded,https://eecs.berkeley.edu/book/phd/exam-prep/ | https://www2.eecs.berkeley.edu/Protected/Grads/qual-overview.pdf,,https://eecs.berkeley.edu/book/phd/exam-prep/
Programming Languages & Software Engineering,Testing & Debugging Automation,downloaded,https://eecs.berkeley.edu/book/phd/exam-prep/ | https://www2.eecs.berkeley.edu/Protected/Grads/qual-overview.pdf,,https://eecs.berkeley.edu/book/phd/exam-prep/
Programming Languages & Software Engineering,Type Theory & Type Systems,downloaded,https://eecs.berkeley.edu/book/phd/exam-prep/ | https://www2.eecs.berkeley.edu/Protected/Grads/qual-overview.pdf,,https://eecs.berkeley.edu/book/phd/exam-prep/
Political Science & International Relations,American Politics & Institutions,downloaded,https://political-science.uchicago.edu/graduate-study/graduate-degree-requirements/comprehensive-exams/american-politics,,https://political-science.uchicago.edu/graduate-study/graduate-degree-requirements/comprehensive-exams/american-politics
Political Science & International Relations,Comparative Politics,downloaded,https://polisci.columbia.edu/content/study-resources-comprehensive-exams | https://polisci.columbia.edu/sites/polisci.columbia.edu/files/content/pdfs/Comps/AP/APComps_Aug2025_NO_NAMES.pdf | https://polisci.columbia.edu/sites/polisci.columbia.edu/files/content/pdfs/Comps/APComps_Jan2025_NONAMES.pdf | https://polisci.columbia.edu/sites/default/files/content/pdfs/Comps/AP/APComps_Aug2022_with_out_names.pdf | https://polisci.columbia.edu/sites/default/files/content/pdfs/Comps/AP/Final AP August 2021 Comps Exam.pdf | https://polisci.columbia.edu/sites/default/files/content/pdfs/Comps/AP/August 2020 AP Comps Exam Final.pdf | https://polisci.columbia.edu/sites/default/files/content/pdfs/Comps/AP/AP January 2020 Final Comps Exam.pdf | https://polisci.columbia.edu/sites/default/files/content/pdfs/Comps/AP/Final AP August 2019 Comps Exam.pdf | https://polisci.columbia.edu/sites/default/files/content/pdfs/Comps/AP/AP Aug 2018 Final Exam.pdf | https://polisci.columbia.edu/sites/default/files/content/pdfs/Comps/APComps FinalVersion August2017.pdf | https://polisci.columbia.edu/sites/default/files/content/pdfs/Comps/Comps_January17_AP.pdf | https://polisci.columbia.edu/sites/default/files/content/pdfs/Comps/AP/CompExam_August15_AP.pdf | https://polisci.columbia.edu/sites/default/files/content/pdfs/Comps/AP/Comps_April15_AP.pdf | https://polisci.columbia.edu/sites/polisci.columbia.edu/files/content/pdfs/Comps/CP/Comps%20Jan%2026%20Exam.pdf | https://polisci.columbia.edu/sites/polisci.columbia.edu/files/content/pdfs/Comps/CP/CP%20Exam_No%20Names.pdf | https://polisci.columbia.edu/sites/polisci.columbia.edu/files/content/pdfs/Comps/Comparative%20Politics%20Comprehensive%20Examination_Jan%2025.docx%20(2).pdf | https://polisci.columbia.edu/sites/default/files/content/pdfs/Comps/CP/2024_08 Comparative Exam.pdf | https://polisci.columbia.edu/sites/default/files/content/pdfs/Comps/CP/CP August Comps Final.pdf | https://polisci.columbia.edu/sites/default/files/content/pdfs/Comps/CP/Final CP Comps Exam January 2022.pdf | https://polisci.columbia.edu/sites/default/files/content/pdfs/Comps/CP/CP August 2021 Comps Exam Final.pdf | https://polisci.columbia.edu/sites/default/files/content/pdfs/Comps/CP/CP January 2021 Comps Final Exam.pdf | https://polisci.columbia.edu/sites/default/files/content/pdfs/Comps/CP/August 2020 CP Comps Exam Final.pdf | https://polisci.columbia.edu/sites/default/files/content/pdfs/Comps/CP/January 2020 CP Comps Exam.pdf | https://polisci.columbia.edu/sites/default/files/content/pdfs/Comps/CP/Final August 2019 CP Comps Exam.pdf | https://polisci.columbia.edu/sites/default/files/content/pdfs/Comps/CP/2019 CP Final Exam.pdf | https://polisci.columbia.edu/sites/default/files/content/pdfs/Comps/CP/CP Final Version Exam.pdf | https://polisci.columbia.edu/sites/default/files/content/pdfs/Comps/CP Exam January 2018.pdf | https://polisci.columbia.edu/sites/default/files/content/pdfs/Comps/CP Exam August 2017.pdf | https://polisci.columbia.edu/sites/default/files/content/pdfs/Comps/CP Comp January 2017.pdf | https://polisci.columbia.edu/sites/default/files/content/pdfs/Comps/CP/CompExam_August15_CP.pdf | https://polisci.columbia.edu/sites/default/files/content/pdfs/Comps/CP/Comps_January15_CP.pdf,,https://polisci.columbia.edu/content/study-resources-comprehensive-exams
Political Science & International Relations,Democracy & Authoritarianism,downloaded,https://polisci.columbia.edu/content/study-resources-comprehensive-exams | https://polisci.columbia.edu/sites/polisci.columbia.edu/files/content/pdfs/Comps/AP/APComps_Aug2025_NO_NAMES.pdf | https://polisci.columbia.edu/sites/polisci.columbia.edu/files/content/pdfs/Comps/APComps_Jan2025_NONAMES.pdf | https://polisci.columbia.edu/sites/default/files/content/pdfs/Comps/AP/APComps_Aug2022_with_out_names.pdf | https://polisci.columbia.edu/sites/default/files/content/pdfs/Comps/AP/Final AP August 2021 Comps Exam.pdf | https://polisci.columbia.edu/sites/default/files/content/pdfs/Comps/AP/August 2020 AP Comps Exam Final.pdf | https://polisci.columbia.edu/sites/default/files/content/pdfs/Comps/AP/AP January 2020 Final Comps Exam.pdf | https://polisci.columbia.edu/sites/default/files/content/pdfs/Comps/AP/Final AP August 2019 Comps Exam.pdf | https://polisci.columbia.edu/sites/default/files/content/pdfs/Comps/AP/AP Aug 2018 Final Exam.pdf | https://polisci.columbia.edu/sites/default/files/content/pdfs/Comps/APComps FinalVersion August2017.pdf | https://polisci.columbia.edu/sites/default/files/content/pdfs/Comps/Comps_January17_AP.pdf | https://polisci.columbia.edu/sites/default/files/content/pdfs/Comps/AP/CompExam_August15_AP.pdf | https://polisci.columbia.edu/sites/default/files/content/pdfs/Comps/AP/Comps_April15_AP.pdf | https://polisci.columbia.edu/sites/polisci.columbia.edu/files/content/pdfs/Comps/CP/Comps%20Jan%2026%20Exam.pdf | https://polisci.columbia.edu/sites/polisci.columbia.edu/files/content/pdfs/Comps/CP/CP%20Exam_No%20Names.pdf | https://polisci.columbia.edu/sites/polisci.columbia.edu/files/content/pdfs/Comps/Comparative%20Politics%20Comprehensive%20Examination_Jan%2025.docx%20(2).pdf | https://polisci.columbia.edu/sites/default/files/content/pdfs/Comps/CP/2024_08 Comparative Exam.pdf | https://polisci.columbia.edu/sites/default/files/content/pdfs/Comps/CP/CP August Comps Final.pdf | https://polisci.columbia.edu/sites/default/files/content/pdfs/Comps/CP/Final CP Comps Exam January 2022.pdf | https://polisci.columbia.edu/sites/default/files/content/pdfs/Comps/CP/CP August 2021 Comps Exam Final.pdf | https://polisci.columbia.edu/sites/default/files/content/pdfs/Comps/CP/CP January 2021 Comps Final Exam.pdf | https://polisci.columbia.edu/sites/default/files/content/pdfs/Comps/CP/August 2020 CP Comps Exam Final.pdf | https://polisci.columbia.edu/sites/default/files/content/pdfs/Comps/CP/January 2020 CP Comps Exam.pdf | https://polisci.columbia.edu/sites/default/files/content/pdfs/Comps/CP/Final August 2019 CP Comps Exam.pdf | https://polisci.columbia.edu/sites/default/files/content/pdfs/Comps/CP/2019 CP Final Exam.pdf | https://polisci.columbia.edu/sites/default/files/content/pdfs/Comps/CP/CP Final Version Exam.pdf | https://polisci.columbia.edu/sites/default/files/content/pdfs/Comps/CP Exam January 2018.pdf | https://polisci.columbia.edu/sites/default/files/content/pdfs/Comps/CP Exam August 2017.pdf | https://polisci.columbia.edu/sites/default/files/content/pdfs/Comps/CP Comp January 2017.pdf | https://polisci.columbia.edu/sites/default/files/content/pdfs/Comps/CP/CompExam_August15_CP.pdf | https://polisci.columbia.edu/sites/default/files/content/pdfs/Comps/CP/Comps_January15_CP.pdf,,https://polisci.columbia.edu/content/study-resources-comprehensive-exams
Political Science & International Relations,Geopolitics & Strategy,downloaded,https://polisci.columbia.edu/content/study-resources-comprehensive-exams | https://polisci.columbia.edu/sites/polisci.columbia.edu/files/content/pdfs/Comps/AP/APComps_Aug2025_NO_NAMES.pdf | https://polisci.columbia.edu/sites/polisci.columbia.edu/files/content/pdfs/Comps/APComps_Jan2025_NONAMES.pdf | https://polisci.columbia.edu/sites/default/files/content/pdfs/Comps/AP/APComps_Aug2022_with_out_names.pdf | https://polisci.columbia.edu/sites/default/files/content/pdfs/Comps/AP/Final AP August 2021 Comps Exam.pdf | https://polisci.columbia.edu/sites/default/files/content/pdfs/Comps/AP/August 2020 AP Comps Exam Final.pdf | https://polisci.columbia.edu/sites/default/files/content/pdfs/Comps/AP/AP January 2020 Final Comps Exam.pdf | https://polisci.columbia.edu/sites/default/files/content/pdfs/Comps/AP/Final AP August 2019 Comps Exam.pdf | https://polisci.columbia.edu/sites/default/files/content/pdfs/Comps/AP/AP Aug 2018 Final Exam.pdf | https://polisci.columbia.edu/sites/default/files/content/pdfs/Comps/APComps FinalVersion August2017.pdf | https://polisci.columbia.edu/sites/default/files/content/pdfs/Comps/Comps_January17_AP.pdf | https://polisci.columbia.edu/sites/default/files/content/pdfs/Comps/AP/CompExam_August15_AP.pdf | https://polisci.columbia.edu/sites/default/files/content/pdfs/Comps/AP/Comps_April15_AP.pdf | https://polisci.columbia.edu/sites/polisci.columbia.edu/files/content/pdfs/Comps/CP/Comps%20Jan%2026%20Exam.pdf | https://polisci.columbia.edu/sites/polisci.columbia.edu/files/content/pdfs/Comps/CP/CP%20Exam_No%20Names.pdf | https://polisci.columbia.edu/sites/polisci.columbia.edu/files/content/pdfs/Comps/Comparative%20Politics%20Comprehensive%20Examination_Jan%2025.docx%20(2).pdf | https://polisci.columbia.edu/sites/default/files/content/pdfs/Comps/CP/2024_08 Comparative Exam.pdf | https://polisci.columbia.edu/sites/default/files/content/pdfs/Comps/CP/CP August Comps Final.pdf | https://polisci.columbia.edu/sites/default/files/content/pdfs/Comps/CP/Final CP Comps Exam January 2022.pdf | https://polisci.columbia.edu/sites/default/files/content/pdfs/Comps/CP/CP August 2021 Comps Exam Final.pdf | https://polisci.columbia.edu/sites/default/files/content/pdfs/Comps/CP/CP January 2021 Comps Final Exam.pdf | https://polisci.columbia.edu/sites/default/files/content/pdfs/Comps/CP/August 2020 CP Comps Exam Final.pdf | https://polisci.columbia.edu/sites/default/files/content/pdfs/Comps/CP/January 2020 CP Comps Exam.pdf | https://polisci.columbia.edu/sites/default/files/content/pdfs/Comps/CP/Final August 2019 CP Comps Exam.pdf | https://polisci.columbia.edu/sites/default/files/content/pdfs/Comps/CP/2019 CP Final Exam.pdf | https://polisci.columbia.edu/sites/default/files/content/pdfs/Comps/CP/CP Final Version Exam.pdf | https://polisci.columbia.edu/sites/default/files/content/pdfs/Comps/CP Exam January 2018.pdf | https://polisci.columbia.edu/sites/default/files/content/pdfs/Comps/CP Exam August 2017.pdf | https://polisci.columbia.edu/sites/default/files/content/pdfs/Comps/CP Comp January 2017.pdf | https://polisci.columbia.edu/sites/default/files/content/pdfs/Comps/CP/CompExam_August15_CP.pdf | https://polisci.columbia.edu/sites/default/files/content/pdfs/Comps/CP/Comps_January15_CP.pdf,,https://polisci.columbia.edu/content/study-resources-comprehensive-exams
Political Science & International Relations,International Political Economy,downloaded,https://polisci.columbia.edu/content/study-resources-comprehensive-exams | https://polisci.columbia.edu/sites/polisci.columbia.edu/files/content/pdfs/Comps/AP/APComps_Aug2025_NO_NAMES.pdf | https://polisci.columbia.edu/sites/polisci.columbia.edu/files/content/pdfs/Comps/APComps_Jan2025_NONAMES.pdf | https://polisci.columbia.edu/sites/default/files/content/pdfs/Comps/AP/APComps_Aug2022_with_out_names.pdf | https://polisci.columbia.edu/sites/default/files/content/pdfs/Comps/AP/Final AP August 2021 Comps Exam.pdf | https://polisci.columbia.edu/sites/default/files/content/pdfs/Comps/AP/August 2020 AP Comps Exam Final.pdf | https://polisci.columbia.edu/sites/default/files/content/pdfs/Comps/AP/AP January 2020 Final Comps Exam.pdf | https://polisci.columbia.edu/sites/default/files/content/pdfs/Comps/AP/Final AP August 2019 Comps Exam.pdf | https://polisci.columbia.edu/sites/default/files/content/pdfs/Comps/AP/AP Aug 2018 Final Exam.pdf | https://polisci.columbia.edu/sites/default/files/content/pdfs/Comps/APComps FinalVersion August2017.pdf | https://polisci.columbia.edu/sites/default/files/content/pdfs/Comps/Comps_January17_AP.pdf | https://polisci.columbia.edu/sites/default/files/content/pdfs/Comps/AP/CompExam_August15_AP.pdf | https://polisci.columbia.edu/sites/default/files/content/pdfs/Comps/AP/Comps_April15_AP.pdf | https://polisci.columbia.edu/sites/polisci.columbia.edu/files/content/pdfs/Comps/CP/Comps%20Jan%2026%20Exam.pdf | https://polisci.columbia.edu/sites/polisci.columbia.edu/files/content/pdfs/Comps/CP/CP%20Exam_No%20Names.pdf | https://polisci.columbia.edu/sites/polisci.columbia.edu/files/content/pdfs/Comps/Comparative%20Politics%20Comprehensive%20Examination_Jan%2025.docx%20(2).pdf | https://polisci.columbia.edu/sites/default/files/content/pdfs/Comps/CP/2024_08 Comparative Exam.pdf | https://polisci.columbia.edu/sites/default/files/content/pdfs/Comps/CP/CP August Comps Final.pdf | https://polisci.columbia.edu/sites/default/files/content/pdfs/Comps/CP/Final CP Comps Exam January 2022.pdf | https://polisci.columbia.edu/sites/default/files/content/pdfs/Comps/CP/CP August 2021 Comps Exam Final.pdf | https://polisci.columbia.edu/sites/default/files/content/pdfs/Comps/CP/CP January 2021 Comps Final Exam.pdf | https://polisci.columbia.edu/sites/default/files/content/pdfs/Comps/CP/August 2020 CP Comps Exam Final.pdf | https://polisci.columbia.edu/sites/default/files/content/pdfs/Comps/CP/January 2020 CP Comps Exam.pdf | https://polisci.columbia.edu/sites/default/files/content/pdfs/Comps/CP/Final August 2019 CP Comps Exam.pdf | https://polisci.columbia.edu/sites/default/files/content/pdfs/Comps/CP/2019 CP Final Exam.pdf | https://polisci.columbia.edu/sites/default/files/content/pdfs/Comps/CP/CP Final Version Exam.pdf | https://polisci.columbia.edu/sites/default/files/content/pdfs/Comps/CP Exam January 2018.pdf | https://polisci.columbia.edu/sites/default/files/content/pdfs/Comps/CP Exam August 2017.pdf | https://polisci.columbia.edu/sites/default/files/content/pdfs/Comps/CP Comp January 2017.pdf | https://polisci.columbia.edu/sites/default/files/content/pdfs/Comps/CP/CompExam_August15_CP.pdf | https://polisci.columbia.edu/sites/default/files/content/pdfs/Comps/CP/Comps_January15_CP.pdf,,https://polisci.columbia.edu/content/study-resources-comprehensive-exams
Political Science & International Relations,International Relations Theory,downloaded,https://polisci.columbia.edu/content/study-resources-comprehensive-exams | https://polisci.columbia.edu/sites/polisci.columbia.edu/files/content/pdfs/Comps/AP/APComps_Aug2025_NO_NAMES.pdf | https://polisci.columbia.edu/sites/polisci.columbia.edu/files/content/pdfs/Comps/APComps_Jan2025_NONAMES.pdf | https://polisci.columbia.edu/sites/default/files/content/pdfs/Comps/AP/APComps_Aug2022_with_out_names.pdf | https://polisci.columbia.edu/sites/default/files/content/pdfs/Comps/AP/Final AP August 2021 Comps Exam.pdf | https://polisci.columbia.edu/sites/default/files/content/pdfs/Comps/AP/August 2020 AP Comps Exam Final.pdf | https://polisci.columbia.edu/sites/default/files/content/pdfs/Comps/AP/AP January 2020 Final Comps Exam.pdf | https://polisci.columbia.edu/sites/default/files/content/pdfs/Comps/AP/Final AP August 2019 Comps Exam.pdf | https://polisci.columbia.edu/sites/default/files/content/pdfs/Comps/AP/AP Aug 2018 Final Exam.pdf | https://polisci.columbia.edu/sites/default/files/content/pdfs/Comps/APComps FinalVersion August2017.pdf | https://polisci.columbia.edu/sites/default/files/content/pdfs/Comps/Comps_January17_AP.pdf | https://polisci.columbia.edu/sites/default/files/content/pdfs/Comps/AP/CompExam_August15_AP.pdf | https://polisci.columbia.edu/sites/default/files/content/pdfs/Comps/AP/Comps_April15_AP.pdf | https://polisci.columbia.edu/sites/polisci.columbia.edu/files/content/pdfs/Comps/CP/Comps%20Jan%2026%20Exam.pdf | https://polisci.columbia.edu/sites/polisci.columbia.edu/files/content/pdfs/Comps/CP/CP%20Exam_No%20Names.pdf | https://polisci.columbia.edu/sites/polisci.columbia.edu/files/content/pdfs/Comps/Comparative%20Politics%20Comprehensive%20Examination_Jan%2025.docx%20(2).pdf | https://polisci.columbia.edu/sites/default/files/content/pdfs/Comps/CP/2024_08 Comparative Exam.pdf | https://polisci.columbia.edu/sites/default/files/content/pdfs/Comps/CP/CP August Comps Final.pdf | https://polisci.columbia.edu/sites/default/files/content/pdfs/Comps/CP/Final CP Comps Exam January 2022.pdf | https://polisci.columbia.edu/sites/default/files/content/pdfs/Comps/CP/CP August 2021 Comps Exam Final.pdf | https://polisci.columbia.edu/sites/default/files/content/pdfs/Comps/CP/CP January 2021 Comps Final Exam.pdf | https://polisci.columbia.edu/sites/default/files/content/pdfs/Comps/CP/August 2020 CP Comps Exam Final.pdf | https://polisci.columbia.edu/sites/default/files/content/pdfs/Comps/CP/January 2020 CP Comps Exam.pdf | https://polisci.columbia.edu/sites/default/files/content/pdfs/Comps/CP/Final August 2019 CP Comps Exam.pdf | https://polisci.columbia.edu/sites/default/files/content/pdfs/Comps/CP/2019 CP Final Exam.pdf | https://polisci.columbia.edu/sites/default/files/content/pdfs/Comps/CP/CP Final Version Exam.pdf | https://polisci.columbia.edu/sites/default/files/content/pdfs/Comps/CP Exam January 2018.pdf | https://polisci.columbia.edu/sites/default/files/content/pdfs/Comps/CP Exam August 2017.pdf | https://polisci.columbia.edu/sites/default/files/content/pdfs/Comps/CP Comp January 2017.pdf | https://polisci.columbia.edu/sites/default/files/content/pdfs/Comps/CP/CompExam_August15_CP.pdf | https://polisci.columbia.edu/sites/default/files/content/pdfs/Comps/CP/Comps_January15_CP.pdf,,https://polisci.columbia.edu/content/study-resources-comprehensive-exams
Political Science & International Relations,Political Behavior & Public Opinion,downloaded,https://polisci.columbia.edu/content/study-resources-comprehensive-exams | https://polisci.columbia.edu/sites/polisci.columbia.edu/files/content/pdfs/Comps/AP/APComps_Aug2025_NO_NAMES.pdf | https://polisci.columbia.edu/sites/polisci.columbia.edu/files/content/pdfs/Comps/APComps_Jan2025_NONAMES.pdf | https://polisci.columbia.edu/sites/default/files/content/pdfs/Comps/AP/APComps_Aug2022_with_out_names.pdf | https://polisci.columbia.edu/sites/default/files/content/pdfs/Comps/AP/Final AP August 2021 Comps Exam.pdf | https://polisci.columbia.edu/sites/default/files/content/pdfs/Comps/AP/August 2020 AP Comps Exam Final.pdf | https://polisci.columbia.edu/sites/default/files/content/pdfs/Comps/AP/AP January 2020 Final Comps Exam.pdf | https://polisci.columbia.edu/sites/default/files/content/pdfs/Comps/AP/Final AP August 2019 Comps Exam.pdf | https://polisci.columbia.edu/sites/default/files/content/pdfs/Comps/AP/AP Aug 2018 Final Exam.pdf | https://polisci.columbia.edu/sites/default/files/content/pdfs/Comps/APComps FinalVersion August2017.pdf | https://polisci.columbia.edu/sites/default/files/content/pdfs/Comps/Comps_January17_AP.pdf | https://polisci.columbia.edu/sites/default/files/content/pdfs/Comps/AP/CompExam_August15_AP.pdf | https://polisci.columbia.edu/sites/default/files/content/pdfs/Comps/AP/Comps_April15_AP.pdf | https://polisci.columbia.edu/sites/polisci.columbia.edu/files/content/pdfs/Comps/CP/Comps%20Jan%2026%20Exam.pdf | https://polisci.columbia.edu/sites/polisci.columbia.edu/files/content/pdfs/Comps/CP/CP%20Exam_No%20Names.pdf | https://polisci.columbia.edu/sites/polisci.columbia.edu/files/content/pdfs/Comps/Comparative%20Politics%20Comprehensive%20Examination_Jan%2025.docx%20(2).pdf | https://polisci.columbia.edu/sites/default/files/content/pdfs/Comps/CP/2024_08 Comparative Exam.pdf | https://polisci.columbia.edu/sites/default/files/content/pdfs/Comps/CP/CP August Comps Final.pdf | https://polisci.columbia.edu/sites/default/files/content/pdfs/Comps/CP/Final CP Comps Exam January 2022.pdf | https://polisci.columbia.edu/sites/default/files/content/pdfs/Comps/CP/CP August 2021 Comps Exam Final.pdf | https://polisci.columbia.edu/sites/default/files/content/pdfs/Comps/CP/CP January 2021 Comps Final Exam.pdf | https://polisci.columbia.edu/sites/default/files/content/pdfs/Comps/CP/August 2020 CP Comps Exam Final.pdf | https://polisci.columbia.edu/sites/default/files/content/pdfs/Comps/CP/January 2020 CP Comps Exam.pdf | https://polisci.columbia.edu/sites/default/files/content/pdfs/Comps/CP/Final August 2019 CP Comps Exam.pdf | https://polisci.columbia.edu/sites/default/files/content/pdfs/Comps/CP/2019 CP Final Exam.pdf | https://polisci.columbia.edu/sites/default/files/content/pdfs/Comps/CP/CP Final Version Exam.pdf | https://polisci.columbia.edu/sites/default/files/content/pdfs/Comps/CP Exam January 2018.pdf | https://polisci.columbia.edu/sites/default/files/content/pdfs/Comps/CP Exam August 2017.pdf | https://polisci.columbia.edu/sites/default/files/content/pdfs/Comps/CP Comp January 2017.pdf | https://polisci.columbia.edu/sites/default/files/content/pdfs/Comps/CP/CompExam_August15_CP.pdf | https://polisci.columbia.edu/sites/default/files/content/pdfs/Comps/CP/Comps_January15_CP.pdf,,https://polisci.columbia.edu/content/study-resources-comprehensive-exams
Political Science & International Relations,Political Theory,downloaded,https://polisci.columbia.edu/content/study-resources-comprehensive-exams | https://polisci.columbia.edu/sites/polisci.columbia.edu/files/content/pdfs/Comps/AP/APComps_Aug2025_NO_NAMES.pdf | https://polisci.columbia.edu/sites/polisci.columbia.edu/files/content/pdfs/Comps/APComps_Jan2025_NONAMES.pdf | https://polisci.columbia.edu/sites/default/files/content/pdfs/Comps/AP/APComps_Aug2022_with_out_names.pdf | https://polisci.columbia.edu/sites/default/files/content/pdfs/Comps/AP/Final AP August 2021 Comps Exam.pdf | https://polisci.columbia.edu/sites/default/files/content/pdfs/Comps/AP/August 2020 AP Comps Exam Final.pdf | https://polisci.columbia.edu/sites/default/files/content/pdfs/Comps/AP/AP January 2020 Final Comps Exam.pdf | https://polisci.columbia.edu/sites/default/files/content/pdfs/Comps/AP/Final AP August 2019 Comps Exam.pdf | https://polisci.columbia.edu/sites/default/files/content/pdfs/Comps/AP/AP Aug 2018 Final Exam.pdf | https://polisci.columbia.edu/sites/default/files/content/pdfs/Comps/APComps FinalVersion August2017.pdf | https://polisci.columbia.edu/sites/default/files/content/pdfs/Comps/Comps_January17_AP.pdf | https://polisci.columbia.edu/sites/default/files/content/pdfs/Comps/AP/CompExam_August15_AP.pdf | https://polisci.columbia.edu/sites/default/files/content/pdfs/Comps/AP/Comps_April15_AP.pdf | https://polisci.columbia.edu/sites/polisci.columbia.edu/files/content/pdfs/Comps/CP/Comps%20Jan%2026%20Exam.pdf | https://polisci.columbia.edu/sites/polisci.columbia.edu/files/content/pdfs/Comps/CP/CP%20Exam_No%20Names.pdf | https://polisci.columbia.edu/sites/polisci.columbia.edu/files/content/pdfs/Comps/Comparative%20Politics%20Comprehensive%20Examination_Jan%2025.docx%20(2).pdf | https://polisci.columbia.edu/sites/default/files/content/pdfs/Comps/CP/2024_08 Comparative Exam.pdf | https://polisci.columbia.edu/sites/default/files/content/pdfs/Comps/CP/CP August Comps Final.pdf | https://polisci.columbia.edu/sites/default/files/content/pdfs/Comps/CP/Final CP Comps Exam January 2022.pdf | https://polisci.columbia.edu/sites/default/files/content/pdfs/Comps/CP/CP August 2021 Comps Exam Final.pdf | https://polisci.columbia.edu/sites/default/files/content/pdfs/Comps/CP/CP January 2021 Comps Final Exam.pdf | https://polisci.columbia.edu/sites/default/files/content/pdfs/Comps/CP/August 2020 CP Comps Exam Final.pdf | https://polisci.columbia.edu/sites/default/files/content/pdfs/Comps/CP/January 2020 CP Comps Exam.pdf | https://polisci.columbia.edu/sites/default/files/content/pdfs/Comps/CP/Final August 2019 CP Comps Exam.pdf | https://polisci.columbia.edu/sites/default/files/content/pdfs/Comps/CP/2019 CP Final Exam.pdf | https://polisci.columbia.edu/sites/default/files/content/pdfs/Comps/CP/CP Final Version Exam.pdf | https://polisci.columbia.edu/sites/default/files/content/pdfs/Comps/CP Exam January 2018.pdf | https://polisci.columbia.edu/sites/default/files/content/pdfs/Comps/CP Exam August 2017.pdf | https://polisci.columbia.edu/sites/default/files/content/pdfs/Comps/CP Comp January 2017.pdf | https://polisci.columbia.edu/sites/default/files/content/pdfs/Comps/CP/CompExam_August15_CP.pdf | https://polisci.columbia.edu/sites/default/files/content/pdfs/Comps/CP/Comps_January15_CP.pdf,,https://polisci.columbia.edu/content/study-resources-comprehensive-exams
Political Science & International Relations,Public Policy & Governance,downloaded,https://polisci.columbia.edu/content/study-resources-comprehensive-exams | https://polisci.columbia.edu/sites/polisci.columbia.edu/files/content/pdfs/Comps/AP/APComps_Aug2025_NO_NAMES.pdf | https://polisci.columbia.edu/sites/polisci.columbia.edu/files/content/pdfs/Comps/APComps_Jan2025_NONAMES.pdf | https://polisci.columbia.edu/sites/default/files/content/pdfs/Comps/AP/APComps_Aug2022_with_out_names.pdf | https://polisci.columbia.edu/sites/default/files/content/pdfs/Comps/AP/Final AP August 2021 Comps Exam.pdf | https://polisci.columbia.edu/sites/default/files/content/pdfs/Comps/AP/August 2020 AP Comps Exam Final.pdf | https://polisci.columbia.edu/sites/default/files/content/pdfs/Comps/AP/AP January 2020 Final Comps Exam.pdf | https://polisci.columbia.edu/sites/default/files/content/pdfs/Comps/AP/Final AP August 2019 Comps Exam.pdf | https://polisci.columbia.edu/sites/default/files/content/pdfs/Comps/AP/AP Aug 2018 Final Exam.pdf | https://polisci.columbia.edu/sites/default/files/content/pdfs/Comps/APComps FinalVersion August2017.pdf | https://polisci.columbia.edu/sites/default/files/content/pdfs/Comps/Comps_January17_AP.pdf | https://polisci.columbia.edu/sites/default/files/content/pdfs/Comps/AP/CompExam_August15_AP.pdf | https://polisci.columbia.edu/sites/default/files/content/pdfs/Comps/AP/Comps_April15_AP.pdf | https://polisci.columbia.edu/sites/polisci.columbia.edu/files/content/pdfs/Comps/CP/Comps%20Jan%2026%20Exam.pdf | https://polisci.columbia.edu/sites/polisci.columbia.edu/files/content/pdfs/Comps/CP/CP%20Exam_No%20Names.pdf | https://polisci.columbia.edu/sites/polisci.columbia.edu/files/content/pdfs/Comps/Comparative%20Politics%20Comprehensive%20Examination_Jan%2025.docx%20(2).pdf | https://polisci.columbia.edu/sites/default/files/content/pdfs/Comps/CP/2024_08 Comparative Exam.pdf | https://polisci.columbia.edu/sites/default/files/content/pdfs/Comps/CP/CP August Comps Final.pdf | https://polisci.columbia.edu/sites/default/files/content/pdfs/Comps/CP/Final CP Comps Exam January 2022.pdf | https://polisci.columbia.edu/sites/default/files/content/pdfs/Comps/CP/CP August 2021 Comps Exam Final.pdf | https://polisci.columbia.edu/sites/default/files/content/pdfs/Comps/CP/CP January 2021 Comps Final Exam.pdf | https://polisci.columbia.edu/sites/default/files/content/pdfs/Comps/CP/August 2020 CP Comps Exam Final.pdf | https://polisci.columbia.edu/sites/default/files/content/pdfs/Comps/CP/January 2020 CP Comps Exam.pdf | https://polisci.columbia.edu/sites/default/files/content/pdfs/Comps/CP/Final August 2019 CP Comps Exam.pdf | https://polisci.columbia.edu/sites/default/files/content/pdfs/Comps/CP/2019 CP Final Exam.pdf | https://polisci.columbia.edu/sites/default/files/content/pdfs/Comps/CP/CP Final Version Exam.pdf | https://polisci.columbia.edu/sites/default/files/content/pdfs/Comps/CP Exam January 2018.pdf | https://polisci.columbia.edu/sites/default/files/content/pdfs/Comps/CP Exam August 2017.pdf | https://polisci.columbia.edu/sites/default/files/content/pdfs/Comps/CP Comp January 2017.pdf | https://polisci.columbia.edu/sites/default/files/content/pdfs/Comps/CP/CompExam_August15_CP.pdf | https://polisci.columbia.edu/sites/default/files/content/pdfs/Comps/CP/Comps_January15_CP.pdf,,https://polisci.columbia.edu/content/study-resources-comprehensive-exams
Political Science & International Relations,Quantitative Political Methodology,downloaded,https://politicalscience.yale.edu/academics/graduate-program/field-reading-lists-requirements-and-exams | https://politicalscience.yale.edu/sites/default/files/american_politics-2019-05.pdf | https://politicalscience.yale.edu/sites/default/files/2024-01-17-american-politics-grad-course-offerings-and-subfield-requirements.pdf | https://politicalscience.yale.edu/sites/default/files/comparative_politics_reading_list-2020-04_revised.pdf | https://politicalscience.yale.edu/sites/default/files/2023-10-02-comparative-politics-grad-course-offerings-and-subfield-requirements.pdf | https://politicalscience.yale.edu/sites/default/files/2025-12-18-ir-grad-course-offerings-and-subfield-reqs_december-2025.pdf | https://politicalscience.yale.edu/sites/default/files/2021-05-04-political_economy_reading_list_revised_may_2_2021-02.pdf | https://politicalscience.yale.edu/sites/default/files/2023-01-31-political_theory_reading_list_2021.pdf | https://politicalscience.yale.edu/sites/default/files/political_theory_grad_course_offerings_and_subfield_requirements_august_28_2025.pdf | https://politicalscience.yale.edu/sites/default/files/qualitative_and_archival_methods-reading_list-2016-06-03.pdf | https://politicalscience.yale.edu/sites/default/files/qualitative-methods-grad-course-offerings-and-subfield-requirements-2026-01-27.pdf | https://politicalscience.yale.edu/sites/default/files/2021-06-02-quantitative_empirical_methods_reading_list.pdf | https://politicalscience.yale.edu/sites/default/files/2025-08-29-quantitative-empirical-methods-grad-course-offerings-and-subfield-requirements.pdf | https://politicalscience.yale.edu/sites/default/files/american_politics_field_exam_2026-01.pdf | https://politicalscience.yale.edu/sites/default/files/american_politics_field_exam-2025-08.pdf | https://politicalscience.yale.edu/sites/default/files/american_politics_field_exam-2024-08.pdf | https://politicalscience.yale.edu/sites/default/files/american_politics_field_exam-2023-08.pdf | https://politicalscience.yale.edu/sites/default/files/american_politics_field_exam-2023-01_0.pdf | https://politicalscience.yale.edu/sites/default/files/american_politics_field_exam-2022-01_0.pdf | https://politicalscience.yale.edu/sites/default/files/american_politics_field_exam-2021-08_0.pdf | https://politicalscience.yale.edu/sites/default/files/american_politics_field_exam-2020-01.pdf | https://politicalscience.yale.edu/sites/default/files/american_politics_field_exam-2019-08.pdf | https://politicalscience.yale.edu/sites/default/files/2019-01-ampols_0.pdf | https://politicalscience.yale.edu/sites/default/files/ampols_aug_2018.pdf | https://politicalscience.yale.edu/sites/default/files/ampols_aug_2017.pdf | https://politicalscience.yale.edu/sites/default/files/american_politics_field_exam-2016-10-12.pdf | https://politicalscience.yale.edu/sites/default/files/american_politics-2016-01.pdf | https://politicalscience.yale.edu/sites/default/files/ampols_aug_2015.pdf | https://politicalscience.yale.edu/sites/default/files/americanpolitics_15.pdf | https://politicalscience.yale.edu/sites/default/files/ampols_aug_2014.pdf | https://politicalscience.yale.edu/sites/default/files/ampols_aug_2012.pdf | https://politicalscience.yale.edu/sites/default/files/ampols_aug_2011.pdf | https://politicalscience.yale.edu/sites/default/files/ampols_aug_2010.pdf | https://politicalscience.yale.edu/sites/default/files/ampols_aug_2009.pdf | https://politicalscience.yale.edu/sites/default/files/ampols_jan_2009.pdf | https://politicalscience.yale.edu/sites/default/files/ampols_aug_2008.pdf | https://politicalscience.yale.edu/sites/default/files/ampols_jan_2008.pdf | https://politicalscience.yale.edu/sites/default/files/comparative_aug_2025.pdf | https://politicalscience.yale.edu/sites/default/files/comparative_politics_field_exam-2025-01.pdf | https://politicalscience.yale.edu/sites/default/files/comparative_politics_field_exam-2024-08.pdf | https://politicalscience.yale.edu/sites/default/files/comparative_politics_field_exam-2023-11-13.pdf | https://politicalscience.yale.edu/sites/default/files/comparative_politics_field_exam-2022-08.pdf | https://politicalscience.yale.edu/sites/default/files/comparative_politics_field_exam-2021-08_0.pdf | https://politicalscience.yale.edu/sites/default/files/comparative_aug_2020.pdf | https://politicalscience.yale.edu/sites/default/files/comparative_politics_field_exam-2019-08.pdf | https://politicalscience.yale.edu/sites/default/files/comparative_aug_2018.pdf | https://politicalscience.yale.edu/sites/default/files/comparative_politics_field_exam-2018-01.pdf | https://politicalscience.yale.edu/sites/default/files/comparative_politics_field_exam-2017-08.pdf | https://politicalscience.yale.edu/sites/default/files/comparative_politics_field_exam-2016-10-12.pdf | https://politicalscience.yale.edu/sites/default/files/comparative_aug_2015.pdf | https://politicalscience.yale.edu/sites/default/files/comparative_2014_jan.pdf | https://politicalscience.yale.edu/sites/default/files/comparative_2013_aug.pdf | https://politicalscience.yale.edu/sites/default/files/comparative_dec_2014.pdf | https://politicalscience.yale.edu/sites/default/files/comparative_jan_2013.pdf | https://politicalscience.yale.edu/sites/default/files/comparative_aug_2012.pdf | https://politicalscience.yale.edu/sites/default/files/comparative_jan_2012.pdf | https://politicalscience.yale.edu/sites/default/files/comparative_aug_2011.pdf | https://politicalscience.yale.edu/sites/default/files/comparative_jan_2011.pdf | https://politicalscience.yale.edu/sites/default/files/comparative_aug_2010.pdf | https://politicalscience.yale.edu/sites/default/files/comparative_aug_2009.pdf | https://politicalscience.yale.edu/sites/default/files/comparative_jan_2008.pdf | https://politicalscience.yale.edu/sites/default/files/comparative_aug_2008.pdf | https://politicalscience.yale.edu/sites/default/files/ir_field_exam_2026-01.pdf | https://politicalscience.yale.edu/sites/default/files/ir_field_exam_2025-08.pdf | https://politicalscience.yale.edu/sites/default/files/ir_field_exam_2024-08.pdf | https://politicalscience.yale.edu/sites/default/files/ir_field_exam_2024-01.pdf | https://politicalscience.yale.edu/sites/default/files/ir_field_exam_2023-08.pdf | https://politicalscience.yale.edu/sites/default/files/ir_field_exam_2022-08_0.pdf | https://politicalscience.yale.edu/sites/default/files/ir_field_exam_2020-08.pdf | https://politicalscience.yale.edu/sites/default/files/ir_field_exam_2020-01.pdf | https://politicalscience.yale.edu/sites/default/files/ir_field_exam_2019-08.pdf | https://politicalscience.yale.edu/sites/default/files/2019-01-ir_0.pdf | https://politicalscience.yale.edu/sites/default/files/ir_aug2018.pdf | https://politicalscience.yale.edu/sites/default/files/ir_exam_jan_2018.pdf | https://politicalscience.yale.edu/sites/default/files/ir_exam_aug_2017.pdf | https://politicalscience.yale.edu/sites/default/files/ir_exam_aug_2016.pdf | https://politicalscience.yale.edu/sites/default/files/ir_aug2015.pdf | https://politicalscience.yale.edu/sites/default/files/international_relations-2015-01.pdf | https://politicalscience.yale.edu/sites/default/files/ir_aug2014.pdf | https://politicalscience.yale.edu/sites/default/files/ir_jan2014.pdf | https://politicalscience.yale.edu/sites/default/files/ir_aug2013.pdf | https://politicalscience.yale.edu/sites/default/files/ir_jan2013.pdf | https://politicalscience.yale.edu/sites/default/files/ir_aug2011.pdf | https://politicalscience.yale.edu/sites/default/files/ir_aug2010.pdf | https://politicalscience.yale.edu/sites/default/files/ir_jan2010.pdf | https://politicalscience.yale.edu/sites/default/files/ir_aug2009.pdf | https://politicalscience.yale.edu/sites/default/files/ir_aug2008.pdf | https://politicalscience.yale.edu/sites/default/files/politicaleconomy_aug2025.pdf | https://politicalscience.yale.edu/sites/default/files/politicaleconomyexam-aug2024.pdf | https://politicalscience.yale.edu/sites/default/files/politicaleconomyexam-jan2024.pdf | https://politicalscience.yale.edu/sites/default/files/politicaleconomyexam-aug2023.pdf | https://politicalscience.yale.edu/sites/default/files/politicaleconomy_exam-aug2022.pdf | https://politicalscience.yale.edu/sites/default/files/politicaleconomy_aug2020.pdf | https://politicalscience.yale.edu/sites/default/files/politicaleconomyexam-jan2020.pdf | https://politicalscience.yale.edu/sites/default/files/politicaleconomyexam-aug2019.pdf | https://politicalscience.yale.edu/sites/default/files/politicaleconomy_aug2018.pdf | https://politicalscience.yale.edu/sites/default/files/politicaleconomyexam-aug2017.pdf | https://politicalscience.yale.edu/sites/default/files/politicaleconomyexam-aug2016.pdf | https://politicalscience.yale.edu/sites/default/files/politicaleconomy_aug2015.pdf | https://politicalscience.yale.edu/sites/default/files/politicaleconomy_aug2014.pdf | https://politicalscience.yale.edu/sites/default/files/politicaleconomy_jan2012.pdf | https://politicalscience.yale.edu/sites/default/files/politicaleconomy_aug2011.pdf | https://politicalscience.yale.edu/sites/default/files/politicaleconomy_aug2009_.pdf | https://politicalscience.yale.edu/sites/default/files/politicaleconomy_jan2009.pdf | https://politicalscience.yale.edu/sites/default/files/politicaleconomy_aug2008.pdf | https://politicalscience.yale.edu/sites/default/files/politicaleconomy_jan2008.pdf | https://politicalscience.yale.edu/sites/default/files/politicaltheory_jan2026.pdf | https://politicalscience.yale.edu/sites/default/files/politicaltheory_aug2025.pdf | https://politicalscience.yale.edu/sites/default/files/politicaltheoryexam-aug2024-2024-04-28.pdf | https://politicalscience.yale.edu/sites/default/files/politicaltheoryexam-aug2023-2023-11-13.pdf | https://politicalscience.yale.edu/sites/default/files/politicaltheoryexam-aug-2022_0.pdf | https://politicalscience.yale.edu/sites/default/files/politicaltheory_aug2020.pdf | https://politicalscience.yale.edu/sites/default/files/politicaltheoryexam-aug2019-2020-01-08.pdf | https://politicalscience.yale.edu/sites/default/files/politicaltheory_aug2018.pdf | https://politicalscience.yale.edu/sites/default/files/politicaltheoryexam-aug2017-2018-05-25.pdf | https://politicalscience.yale.edu/sites/default/files/politicaltheoryexam-aug2016-20170803.pdf | https://politicalscience.yale.edu/sites/default/files/politicaltheory_august_2015.pdf | https://politicalscience.yale.edu/sites/default/files/political_theory-2015-01.pdf | https://politicalscience.yale.edu/sites/default/files/politicaltheory_jan2014.pdf | https://politicalscience.yale.edu/sites/default/files/politicaltheory_august_2014.pdf | https://politicalscience.yale.edu/sites/default/files/politicaltheory_jan2013.pdf | https://politicalscience.yale.edu/sites/default/files/politicaltheory_aug2013.pdf | https://politicalscience.yale.edu/sites/default/files/politicaltheory_jan2012.pdf | https://politicalscience.yale.edu/sites/default/files/politicaltheory_aug2012.pdf | https://politicalscience.yale.edu/sites/default/files/politicaltheory_jan2011.pdf | https://politicalscience.yale.edu/sites/default/files/politicaltheory_aug2011.pdf | https://politicalscience.yale.edu/sites/default/files/politicaltheory_aug2010.pdf | https://politicalscience.yale.edu/sites/default/files/quant_exam_aug_2025.pdf | https://politicalscience.yale.edu/sites/default/files/quant_exam_jan_2025.pdf | https://politicalscience.yale.edu/sites/default/files/quant_exam_aug_2024.pdf | https://politicalscience.yale.edu/sites/default/files/quant_exam_jan_2024.pdf | https://politicalscience.yale.edu/sites/default/files/quant_exam_aug_2023-002.pdf | https://politicalscience.yale.edu/sites/default/files/quant_exam_jan_2023.pdf | https://politicalscience.yale.edu/sites/default/files/quant_exam_aug_2022-2022-12-09.pdf | https://politicalscience.yale.edu/sites/default/files/quantitative_empirical_methods_exam-2022-01_0.pdf | https://politicalscience.yale.edu/sites/default/files/quantitative_empirical_methods_exam-2021-08.pdf | https://politicalscience.yale.edu/sites/default/files/2021-07-09-quant_exam_august_2020.pdf | https://politicalscience.yale.edu/sites/default/files/quant_exam_august_2019.pdf | https://politicalscience.yale.edu/sites/default/files/2019-01-earm_0.pdf | https://politicalscience.yale.edu/sites/default/files/earm_aug2018.pdf | https://politicalscience.yale.edu/sites/default/files/quantitative_empirical_methods_exam-2018-01.pdf | https://politicalscience.yale.edu/sites/default/files/quantitative_empirical_methods_exam-2017-08.pdf | https://politicalscience.yale.edu/sites/default/files/quantitative_empirical_methods_exam-2017-08-11.pdf | https://politicalscience.yale.edu/sites/default/files/quantitative_empirical_methods_exam-2016-10-12.pdf | https://politicalscience.yale.edu/sites/default/files/earm_aug2015.pdf | https://politicalscience.yale.edu/sites/default/files/earm_jan2015.pdf | https://politicalscience.yale.edu/sites/default/files/earm_aug2014_0.pdf | https://politicalscience.yale.edu/sites/default/files/earm_jan2014.pdf | https://politicalscience.yale.edu/sites/default/files/earm_aug2013.pdf | https://politicalscience.yale.edu/sites/default/files/earm_jan2013.pdf | https://politicalscience.yale.edu/sites/default/files/earm_aug2012.pdf | https://politicalscience.yale.edu/sites/default/files/earm_jan2012.pdf | https://politicalscience.yale.edu/sites/default/files/earm_aug2011.pdf | https://politicalscience.yale.edu/sites/default/files/earm_jan2011.pdf | https://politicalscience.yale.edu/sites/default/files/earm_aug2010.pdf | https://politicalscience.yale.edu/sites/default/files/earm_aug2009.pdf | https://politicalscience.yale.edu/sites/default/files/earm_jan2008.pdf,,https://politicalscience.yale.edu/academics/graduate-program/field-reading-lists-requirements-and-exams
Political Science & International Relations,Security Studies & Conflict Resolution,downloaded,https://government.georgetown.edu/ph-d-in-government/program-details/exam-reading/,,https://government.georgetown.edu/ph-d-in-government/program-details/exam-reading/
Systems & Networking,Cloud & Datacenter Systems,downloaded,https://eecs.berkeley.edu/book/phd/exam-prep/ | https://www2.eecs.berkeley.edu/Protected/Grads/qual-overview.pdf,,https://eecs.berkeley.edu/book/phd/exam-prep/
Systems & Networking,Compiler Construction,downloaded,https://eecs.berkeley.edu/book/phd/exam-prep/ | https://www2.eecs.berkeley.edu/Protected/Grads/qual-overview.pdf,,https://eecs.berkeley.edu/book/phd/exam-prep/
Systems & Networking,Computer Architecture,downloaded,https://eecs.berkeley.edu/book/phd/exam-prep/ | https://www2.eecs.berkeley.edu/Protected/Grads/qual-overview.pdf,,https://eecs.berkeley.edu/book/phd/exam-prep/
Systems & Networking,Computer Networks & Protocols,downloaded,https://ece.illinois.edu/academics/grad/msphd-manual/qual,,https://ece.illinois.edu/academics/grad/msphd-manual/qual
Systems & Networking,Concurrency & Parallelism,downloaded,https://eecs.berkeley.edu/book/phd/exam-prep/ | https://www2.eecs.berkeley.edu/Protected/Grads/qual-overview.pdf,,https://eecs.berkeley.edu/book/phd/exam-prep/
Systems & Networking,Distributed Systems,downloaded,https://eecs.berkeley.edu/book/phd/exam-prep/ | https://www2.eecs.berkeley.edu/Protected/Grads/qual-overview.pdf,,https://eecs.berkeley.edu/book/phd/exam-prep/
Systems & Networking,Edge & IoT Systems,downloaded,https://eecs.berkeley.edu/book/phd/exam-prep/ | https://www2.eecs.berkeley.edu/Protected/Grads/qual-overview.pdf,,https://eecs.berkeley.edu/book/phd/exam-prep/
Systems & Networking,Fault-Tolerant & Reliable Systems,downloaded,https://eecs.berkeley.edu/book/phd/exam-prep/ | https://www2.eecs.berkeley.edu/Protected/Grads/qual-overview.pdf,,https://eecs.berkeley.edu/book/phd/exam-prep/
Systems & Networking,High-Performance Computing,downloaded,https://eecs.berkeley.edu/book/phd/exam-prep/ | https://www2.eecs.berkeley.edu/Protected/Grads/qual-overview.pdf,,https://eecs.berkeley.edu/book/phd/exam-prep/
Systems & Networking,Networked Systems & Measurement,downloaded,https://eecs.berkeley.edu/book/phd/exam-prep/ | https://www2.eecs.berkeley.edu/Protected/Grads/qual-overview.pdf,,https://eecs.berkeley.edu/book/phd/exam-prep/
Systems & Networking,Operating Systems,downloaded,https://eecs.berkeley.edu/book/phd/exam-prep/ | https://www2.eecs.berkeley.edu/Protected/Grads/qual-overview.pdf,,https://eecs.berkeley.edu/book/phd/exam-prep/
Systems & Networking,Performance Evaluation & Modeling,downloaded,https://eecs.berkeley.edu/book/phd/exam-prep/ | https://www2.eecs.berkeley.edu/Protected/Grads/qual-overview.pdf,,https://eecs.berkeley.edu/book/phd/exam-prep/
Systems & Networking,Real-Time Systems,downloaded,https://eecs.berkeley.edu/book/phd/exam-prep/ | https://www2.eecs.berkeley.edu/Protected/Grads/qual-overview.pdf,,https://eecs.berkeley.edu/book/phd/exam-prep/
Systems & Networking,Runtime Systems & Virtual Machines,downloaded,https://eecs.berkeley.edu/book/phd/exam-prep/ | https://www2.eecs.berkeley.edu/Protected/Grads/qual-overview.pdf,,https://eecs.berkeley.edu/book/phd/exam-prep/
Systems & Networking,Storage & File Systems,downloaded,https://eecs.berkeley.edu/book/phd/exam-prep/ | https://www2.eecs.berkeley.edu/Protected/Grads/qual-overview.pdf,,https://eecs.berkeley.edu/book/phd/exam-prep/
Systems & Networking,Wireless & Mobile Networks,downloaded,https://eecs.berkeley.edu/book/phd/exam-prep/ | https://www2.eecs.berkeley.edu/Protected/Grads/qual-overview.pdf,,https://eecs.berkeley.edu/book/phd/exam-prep/
Pharmacology & Drug Discovery,Antimicrobial Pharmacology & Resistance,downloaded,https://chem.mst.edu/academic-programs/graduate-programs/examinations/,,https://chem.mst.edu/academic-programs/graduate-programs/examinations/
Pharmacology & Drug Discovery,Cancer Pharmacology & Targeted Therapy,downloaded,https://chem.mst.edu/academic-programs/graduate-programs/examinations/,,https://chem.mst.edu/academic-programs/graduate-programs/examinations/
Pharmacology & Drug Discovery,Clinical Pharmacology,downloaded,https://chem.mst.edu/academic-programs/graduate-programs/examinations/,,https://chem.mst.edu/academic-programs/graduate-programs/examinations/
Pharmacology & Drug Discovery,Computational Drug Discovery (ML + docking),downloaded,https://chem.mst.edu/academic-programs/graduate-programs/examinations/,,https://chem.mst.edu/academic-programs/graduate-programs/examinations/
Pharmacology & Drug Discovery,Drug Delivery Systems,downloaded,https://chem.mst.edu/academic-programs/graduate-programs/examinations/,,https://chem.mst.edu/academic-programs/graduate-programs/examinations/
Pharmacology & Drug Discovery,Drug Metabolism & Toxicology,downloaded,https://chem.mst.edu/academic-programs/graduate-programs/examinations/,,https://chem.mst.edu/academic-programs/graduate-programs/examinations/
Pharmacology & Drug Discovery,Neuropharmacology,downloaded,https://chem.mst.edu/academic-programs/graduate-programs/examinations/,,https://chem.mst.edu/academic-programs/graduate-programs/examinations/
Pharmacology & Drug Discovery,Pharmacogenomics & Precision Dosing,downloaded,https://chem.mst.edu/academic-programs/graduate-programs/examinations/,,https://chem.mst.edu/academic-programs/graduate-programs/examinations/
Pharmacology & Drug Discovery,Pharmacokinetics & Pharmacodynamics,downloaded,https://chem.mst.edu/academic-programs/graduate-programs/examinations/,,https://chem.mst.edu/academic-programs/graduate-programs/examinations/
Pharmacology & Drug Discovery,Pharmacovigilance & Drug Safety,downloaded,https://chem.mst.edu/academic-programs/graduate-programs/examinations/,,https://chem.mst.edu/academic-programs/graduate-programs/examinations/
Pharmacology & Drug Discovery,Structure-Based Drug Design,downloaded,https://chem.mst.edu/academic-programs/graduate-programs/examinations/,,https://chem.mst.edu/academic-programs/graduate-programs/examinations/
Theoretical & Particle Physics,Astroparticle Physics,downloaded,https://physics.yale.edu/sites/default/files/files/qualifier2019.pdf | https://physics.yale.edu/sites/default/files/files/qualifier2018.pdf | https://physics.yale.edu/academics/graduate-studies/graduate-student-handbook/qualifying-exam-past-exams | https://physics.yale.edu/sites/default/files/files/Grad%20Misc/QualExam_24_Combined.pdf | https://physics.yale.edu/sites/default/files/files/Grad%20Misc/2023%20Qualifying%20Exams%20Combined.pdf | https://physics.yale.edu/sites/default/files/files/Grad%20Misc/2022%20Qualifying%20Exams.pdf | https://physics.yale.edu/sites/default/files/files/Grad%20Misc/2021%20Qualifying%20Exams.pdf,https://physics.yale.edu/sites/default/files/files/qual_19_p1_sol.pdf | https://physics.yale.edu/sites/default/files/files/qual_19_p2_sol.pdf | https://physics.yale.edu/sites/default/files/files/qual_19_p3_sol.pdf | https://physics.yale.edu/sites/default/files/files/qual_19_p4_sol.pdf | https://physics.yale.edu/sites/default/files/files/qual_18_p1_sol.pdf | https://physics.yale.edu/sites/default/files/files/qual_18_p2_sol.pdf | https://physics.yale.edu/sites/default/files/files/qual_18_p3_sol.pdf | https://physics.yale.edu/sites/default/files/files/qual_18_p4_sol.pdf | https://physics.yale.edu/sites/default/files/files/Grad%20Misc/qual_24_p1_sol.pdf | https://physics.yale.edu/sites/default/files/files/Grad%20Misc/qual_24_p2_sol.pdf | https://physics.yale.edu/sites/default/files/files/Grad%20Misc/qual_24_p3_sol.pdf | https://physics.yale.edu/sites/default/files/files/Grad%20Misc/qual_24_p4_sol.pdf | https://physics.yale.edu/sites/default/files/files/Grad%20Misc/qual_23_p1_sol.pdf | https://physics.yale.edu/sites/default/files/files/Grad%20Misc/qual_23_p2_sol.pdf | https://physics.yale.edu/sites/default/files/files/Grad%20Misc/qual_23_p3_sol.pdf | https://physics.yale.edu/sites/default/files/files/Grad%20Misc/qual_23_p4_sol.pdf | https://physics.yale.edu/sites/default/files/files/Grad%20Misc/qual_22_p1_sol.pdf | https://physics.yale.edu/sites/default/files/files/Grad%20Misc/qual_22_p2_sol.pdf | https://physics.yale.edu/sites/default/files/files/Grad%20Misc/qual_22_p3_sol.pdf | https://physics.yale.edu/sites/default/files/files/Grad%20Misc/qual_22_p4_sol.pdf | https://physics.yale.edu/sites/default/files/files/Grad%20Misc/qual_21_p1_sol.pdf | https://physics.yale.edu/sites/default/files/files/Grad%20Misc/qual_21_p2_sol.pdf | https://physics.yale.edu/sites/default/files/files/Grad%20Misc/qual_21_p3_sol.pdf | https://physics.yale.edu/sites/default/files/files/Grad%20Misc/qual_21_p4_sol.pdf,https://physics.yale.edu/academics/graduate-studies/graduate-student-handbook/qualifying-exam-past-exams
Theoretical & Particle Physics,Black Hole Physics & Information,downloaded,https://physics.yale.edu/sites/default/files/files/qualifier2019.pdf | https://physics.yale.edu/sites/default/files/files/qualifier2018.pdf | https://physics.yale.edu/academics/graduate-studies/graduate-student-handbook/qualifying-exam-past-exams | https://physics.yale.edu/sites/default/files/files/Grad%20Misc/QualExam_24_Combined.pdf | https://physics.yale.edu/sites/default/files/files/Grad%20Misc/2023%20Qualifying%20Exams%20Combined.pdf | https://physics.yale.edu/sites/default/files/files/Grad%20Misc/2022%20Qualifying%20Exams.pdf | https://physics.yale.edu/sites/default/files/files/Grad%20Misc/2021%20Qualifying%20Exams.pdf,https://physics.yale.edu/sites/default/files/files/qual_19_p1_sol.pdf | https://physics.yale.edu/sites/default/files/files/qual_19_p2_sol.pdf | https://physics.yale.edu/sites/default/files/files/qual_19_p3_sol.pdf | https://physics.yale.edu/sites/default/files/files/qual_19_p4_sol.pdf | https://physics.yale.edu/sites/default/files/files/qual_18_p1_sol.pdf | https://physics.yale.edu/sites/default/files/files/qual_18_p2_sol.pdf | https://physics.yale.edu/sites/default/files/files/qual_18_p3_sol.pdf | https://physics.yale.edu/sites/default/files/files/qual_18_p4_sol.pdf | https://physics.yale.edu/sites/default/files/files/Grad%20Misc/qual_24_p1_sol.pdf | https://physics.yale.edu/sites/default/files/files/Grad%20Misc/qual_24_p2_sol.pdf | https://physics.yale.edu/sites/default/files/files/Grad%20Misc/qual_24_p3_sol.pdf | https://physics.yale.edu/sites/default/files/files/Grad%20Misc/qual_24_p4_sol.pdf | https://physics.yale.edu/sites/default/files/files/Grad%20Misc/qual_23_p1_sol.pdf | https://physics.yale.edu/sites/default/files/files/Grad%20Misc/qual_23_p2_sol.pdf | https://physics.yale.edu/sites/default/files/files/Grad%20Misc/qual_23_p3_sol.pdf | https://physics.yale.edu/sites/default/files/files/Grad%20Misc/qual_23_p4_sol.pdf | https://physics.yale.edu/sites/default/files/files/Grad%20Misc/qual_22_p1_sol.pdf | https://physics.yale.edu/sites/default/files/files/Grad%20Misc/qual_22_p2_sol.pdf | https://physics.yale.edu/sites/default/files/files/Grad%20Misc/qual_22_p3_sol.pdf | https://physics.yale.edu/sites/default/files/files/Grad%20Misc/qual_22_p4_sol.pdf | https://physics.yale.edu/sites/default/files/files/Grad%20Misc/qual_21_p1_sol.pdf | https://physics.yale.edu/sites/default/files/files/Grad%20Misc/qual_21_p2_sol.pdf | https://physics.yale.edu/sites/default/files/files/Grad%20Misc/qual_21_p3_sol.pdf | https://physics.yale.edu/sites/default/files/files/Grad%20Misc/qual_21_p4_sol.pdf,https://physics.yale.edu/academics/graduate-studies/graduate-student-handbook/qualifying-exam-past-exams
Theoretical & Particle Physics,Dark Matter & Dark Energy,downloaded,https://physics.yale.edu/sites/default/files/files/qualifier2019.pdf | https://physics.yale.edu/sites/default/files/files/qualifier2018.pdf | https://physics.yale.edu/academics/graduate-studies/graduate-student-handbook/qualifying-exam-past-exams | https://physics.yale.edu/sites/default/files/files/Grad%20Misc/QualExam_24_Combined.pdf | https://physics.yale.edu/sites/default/files/files/Grad%20Misc/2023%20Qualifying%20Exams%20Combined.pdf | https://physics.yale.edu/sites/default/files/files/Grad%20Misc/2022%20Qualifying%20Exams.pdf | https://physics.yale.edu/sites/default/files/files/Grad%20Misc/2021%20Qualifying%20Exams.pdf,https://physics.yale.edu/sites/default/files/files/qual_19_p1_sol.pdf | https://physics.yale.edu/sites/default/files/files/qual_19_p2_sol.pdf | https://physics.yale.edu/sites/default/files/files/qual_19_p3_sol.pdf | https://physics.yale.edu/sites/default/files/files/qual_19_p4_sol.pdf | https://physics.yale.edu/sites/default/files/files/qual_18_p1_sol.pdf | https://physics.yale.edu/sites/default/files/files/qual_18_p2_sol.pdf | https://physics.yale.edu/sites/default/files/files/qual_18_p3_sol.pdf | https://physics.yale.edu/sites/default/files/files/qual_18_p4_sol.pdf | https://physics.yale.edu/sites/default/files/files/Grad%20Misc/qual_24_p1_sol.pdf | https://physics.yale.edu/sites/default/files/files/Grad%20Misc/qual_24_p2_sol.pdf | https://physics.yale.edu/sites/default/files/files/Grad%20Misc/qual_24_p3_sol.pdf | https://physics.yale.edu/sites/default/files/files/Grad%20Misc/qual_24_p4_sol.pdf | https://physics.yale.edu/sites/default/files/files/Grad%20Misc/qual_23_p1_sol.pdf | https://physics.yale.edu/sites/default/files/files/Grad%20Misc/qual_23_p2_sol.pdf | https://physics.yale.edu/sites/default/files/files/Grad%20Misc/qual_23_p3_sol.pdf | https://physics.yale.edu/sites/default/files/files/Grad%20Misc/qual_23_p4_sol.pdf | https://physics.yale.edu/sites/default/files/files/Grad%20Misc/qual_22_p1_sol.pdf | https://physics.yale.edu/sites/default/files/files/Grad%20Misc/qual_22_p2_sol.pdf | https://physics.yale.edu/sites/default/files/files/Grad%20Misc/qual_22_p3_sol.pdf | https://physics.yale.edu/sites/default/files/files/Grad%20Misc/qual_22_p4_sol.pdf | https://physics.yale.edu/sites/default/files/files/Grad%20Misc/qual_21_p1_sol.pdf | https://physics.yale.edu/sites/default/files/files/Grad%20Misc/qual_21_p2_sol.pdf | https://physics.yale.edu/sites/default/files/files/Grad%20Misc/qual_21_p3_sol.pdf | https://physics.yale.edu/sites/default/files/files/Grad%20Misc/qual_21_p4_sol.pdf,https://physics.yale.edu/academics/graduate-studies/graduate-student-handbook/qualifying-exam-past-exams
Theoretical & Particle Physics,Experimental Particle Physics,downloaded,https://physics.yale.edu/sites/default/files/files/qualifier2019.pdf | https://physics.yale.edu/sites/default/files/files/qualifier2018.pdf | https://physics.yale.edu/academics/graduate-studies/graduate-student-handbook/qualifying-exam-past-exams | https://physics.yale.edu/sites/default/files/files/Grad%20Misc/QualExam_24_Combined.pdf | https://physics.yale.edu/sites/default/files/files/Grad%20Misc/2023%20Qualifying%20Exams%20Combined.pdf | https://physics.yale.edu/sites/default/files/files/Grad%20Misc/2022%20Qualifying%20Exams.pdf | https://physics.yale.edu/sites/default/files/files/Grad%20Misc/2021%20Qualifying%20Exams.pdf,https://physics.yale.edu/sites/default/files/files/qual_19_p1_sol.pdf | https://physics.yale.edu/sites/default/files/files/qual_19_p2_sol.pdf | https://physics.yale.edu/sites/default/files/files/qual_19_p3_sol.pdf | https://physics.yale.edu/sites/default/files/files/qual_19_p4_sol.pdf | https://physics.yale.edu/sites/default/files/files/qual_18_p1_sol.pdf | https://physics.yale.edu/sites/default/files/files/qual_18_p2_sol.pdf | https://physics.yale.edu/sites/default/files/files/qual_18_p3_sol.pdf | https://physics.yale.edu/sites/default/files/files/qual_18_p4_sol.pdf | https://physics.yale.edu/sites/default/files/files/Grad%20Misc/qual_24_p1_sol.pdf | https://physics.yale.edu/sites/default/files/files/Grad%20Misc/qual_24_p2_sol.pdf | https://physics.yale.edu/sites/default/files/files/Grad%20Misc/qual_24_p3_sol.pdf | https://physics.yale.edu/sites/default/files/files/Grad%20Misc/qual_24_p4_sol.pdf | https://physics.yale.edu/sites/default/files/files/Grad%20Misc/qual_23_p1_sol.pdf | https://physics.yale.edu/sites/default/files/files/Grad%20Misc/qual_23_p2_sol.pdf | https://physics.yale.edu/sites/default/files/files/Grad%20Misc/qual_23_p3_sol.pdf | https://physics.yale.edu/sites/default/files/files/Grad%20Misc/qual_23_p4_sol.pdf | https://physics.yale.edu/sites/default/files/files/Grad%20Misc/qual_22_p1_sol.pdf | https://physics.yale.edu/sites/default/files/files/Grad%20Misc/qual_22_p2_sol.pdf | https://physics.yale.edu/sites/default/files/files/Grad%20Misc/qual_22_p3_sol.pdf | https://physics.yale.edu/sites/default/files/files/Grad%20Misc/qual_22_p4_sol.pdf | https://physics.yale.edu/sites/default/files/files/Grad%20Misc/qual_21_p1_sol.pdf | https://physics.yale.edu/sites/default/files/files/Grad%20Misc/qual_21_p2_sol.pdf | https://physics.yale.edu/sites/default/files/files/Grad%20Misc/qual_21_p3_sol.pdf | https://physics.yale.edu/sites/default/files/files/Grad%20Misc/qual_21_p4_sol.pdf,https://physics.yale.edu/academics/graduate-studies/graduate-student-handbook/qualifying-exam-past-exams
Theoretical & Particle Physics,Gauge Theories & Yang-Mills,downloaded,https://physics.yale.edu/sites/default/files/files/qualifier2019.pdf | https://physics.yale.edu/sites/default/files/files/qualifier2018.pdf | https://physics.yale.edu/academics/graduate-studies/graduate-student-handbook/qualifying-exam-past-exams | https://physics.yale.edu/sites/default/files/files/Grad%20Misc/QualExam_24_Combined.pdf | https://physics.yale.edu/sites/default/files/files/Grad%20Misc/2023%20Qualifying%20Exams%20Combined.pdf | https://physics.yale.edu/sites/default/files/files/Grad%20Misc/2022%20Qualifying%20Exams.pdf | https://physics.yale.edu/sites/default/files/files/Grad%20Misc/2021%20Qualifying%20Exams.pdf,https://physics.yale.edu/sites/default/files/files/qual_19_p1_sol.pdf | https://physics.yale.edu/sites/default/files/files/qual_19_p2_sol.pdf | https://physics.yale.edu/sites/default/files/files/qual_19_p3_sol.pdf | https://physics.yale.edu/sites/default/files/files/qual_19_p4_sol.pdf | https://physics.yale.edu/sites/default/files/files/qual_18_p1_sol.pdf | https://physics.yale.edu/sites/default/files/files/qual_18_p2_sol.pdf | https://physics.yale.edu/sites/default/files/files/qual_18_p3_sol.pdf | https://physics.yale.edu/sites/default/files/files/qual_18_p4_sol.pdf | https://physics.yale.edu/sites/default/files/files/Grad%20Misc/qual_24_p1_sol.pdf | https://physics.yale.edu/sites/default/files/files/Grad%20Misc/qual_24_p2_sol.pdf | https://physics.yale.edu/sites/default/files/files/Grad%20Misc/qual_24_p3_sol.pdf | https://physics.yale.edu/sites/default/files/files/Grad%20Misc/qual_24_p4_sol.pdf | https://physics.yale.edu/sites/default/files/files/Grad%20Misc/qual_23_p1_sol.pdf | https://physics.yale.edu/sites/default/files/files/Grad%20Misc/qual_23_p2_sol.pdf | https://physics.yale.edu/sites/default/files/files/Grad%20Misc/qual_23_p3_sol.pdf | https://physics.yale.edu/sites/default/files/files/Grad%20Misc/qual_23_p4_sol.pdf | https://physics.yale.edu/sites/default/files/files/Grad%20Misc/qual_22_p1_sol.pdf | https://physics.yale.edu/sites/default/files/files/Grad%20Misc/qual_22_p2_sol.pdf | https://physics.yale.edu/sites/default/files/files/Grad%20Misc/qual_22_p3_sol.pdf | https://physics.yale.edu/sites/default/files/files/Grad%20Misc/qual_22_p4_sol.pdf | https://physics.yale.edu/sites/default/files/files/Grad%20Misc/qual_21_p1_sol.pdf | https://physics.yale.edu/sites/default/files/files/Grad%20Misc/qual_21_p2_sol.pdf | https://physics.yale.edu/sites/default/files/files/Grad%20Misc/qual_21_p3_sol.pdf | https://physics.yale.edu/sites/default/files/files/Grad%20Misc/qual_21_p4_sol.pdf,https://physics.yale.edu/academics/graduate-studies/graduate-student-handbook/qualifying-exam-past-exams
Theoretical & Particle Physics,General Relativity,downloaded,https://physics.yale.edu/sites/default/files/files/qualifier2019.pdf | https://physics.yale.edu/sites/default/files/files/qualifier2018.pdf | https://physics.yale.edu/academics/graduate-studies/graduate-student-handbook/qualifying-exam-past-exams | https://physics.yale.edu/sites/default/files/files/Grad%20Misc/QualExam_24_Combined.pdf | https://physics.yale.edu/sites/default/files/files/Grad%20Misc/2023%20Qualifying%20Exams%20Combined.pdf | https://physics.yale.edu/sites/default/files/files/Grad%20Misc/2022%20Qualifying%20Exams.pdf | https://physics.yale.edu/sites/default/files/files/Grad%20Misc/2021%20Qualifying%20Exams.pdf,https://physics.yale.edu/sites/default/files/files/qual_19_p1_sol.pdf | https://physics.yale.edu/sites/default/files/files/qual_19_p2_sol.pdf | https://physics.yale.edu/sites/default/files/files/qual_19_p3_sol.pdf | https://physics.yale.edu/sites/default/files/files/qual_19_p4_sol.pdf | https://physics.yale.edu/sites/default/files/files/qual_18_p1_sol.pdf | https://physics.yale.edu/sites/default/files/files/qual_18_p2_sol.pdf | https://physics.yale.edu/sites/default/files/files/qual_18_p3_sol.pdf | https://physics.yale.edu/sites/default/files/files/qual_18_p4_sol.pdf | https://physics.yale.edu/sites/default/files/files/Grad%20Misc/qual_24_p1_sol.pdf | https://physics.yale.edu/sites/default/files/files/Grad%20Misc/qual_24_p2_sol.pdf | https://physics.yale.edu/sites/default/files/files/Grad%20Misc/qual_24_p3_sol.pdf | https://physics.yale.edu/sites/default/files/files/Grad%20Misc/qual_24_p4_sol.pdf | https://physics.yale.edu/sites/default/files/files/Grad%20Misc/qual_23_p1_sol.pdf | https://physics.yale.edu/sites/default/files/files/Grad%20Misc/qual_23_p2_sol.pdf | https://physics.yale.edu/sites/default/files/files/Grad%20Misc/qual_23_p3_sol.pdf | https://physics.yale.edu/sites/default/files/files/Grad%20Misc/qual_23_p4_sol.pdf | https://physics.yale.edu/sites/default/files/files/Grad%20Misc/qual_22_p1_sol.pdf | https://physics.yale.edu/sites/default/files/files/Grad%20Misc/qual_22_p2_sol.pdf | https://physics.yale.edu/sites/default/files/files/Grad%20Misc/qual_22_p3_sol.pdf | https://physics.yale.edu/sites/default/files/files/Grad%20Misc/qual_22_p4_sol.pdf | https://physics.yale.edu/sites/default/files/files/Grad%20Misc/qual_21_p1_sol.pdf | https://physics.yale.edu/sites/default/files/files/Grad%20Misc/qual_21_p2_sol.pdf | https://physics.yale.edu/sites/default/files/files/Grad%20Misc/qual_21_p3_sol.pdf | https://physics.yale.edu/sites/default/files/files/Grad%20Misc/qual_21_p4_sol.pdf,https://physics.yale.edu/academics/graduate-studies/graduate-student-handbook/qualifying-exam-past-exams
Theoretical & Particle Physics,Gravitational Waves,downloaded,https://physrefs.mit.edu/wp-content/uploads/2019/08/fall2012_E_M_1-5.pdf | https://physrefs.mit.edu/wp-content/uploads/2019/08/P2Spring12.pdf | https://physrefs.mit.edu/wp-content/uploads/2019/08/P2Fall02.pdf | https://physrefs.mit.edu/files/2025/01/Fall_2002_CM.pdf | https://physrefs.mit.edu/wp-content/uploads/2019/08/P2Spring02.pdf | https://physrefs.mit.edu/general-exam-preparation/ | https://physrefs.mit.edu/wp-content/uploads/2019/08/pgsc_report1.pdf | https://physrefs.mit.edu/wp-content/uploads/2019/08/comparisonreport.pdf | https://physrefs.mit.edu/wp-content/uploads/2019/08/testexamples2.pdf | https://physrefs.mit.edu/wp-content/uploads/2019/08/PartIIStudyGuide_ALeder.pdf | https://physrefs.mit.edu/wp-content/uploads/2019/08/P2Fall21.pdf | https://physrefs.mit.edu/wp-content/uploads/2019/08/sm-sol-Fall2021.pdf | https://physrefs.mit.edu/wp-content/uploads/2019/08/em-sol-Fall2021.pdf | https://physrefs.mit.edu/wp-content/uploads/2019/08/QM_fall_21.pdf | https://physrefs.mit.edu/wp-content/uploads/2019/08/P2Spring21.pdf | https://physrefs.mit.edu/wp-content/uploads/2019/08/MIT_PhD_Spring2021_Statistical_Mechanics-1.pdf | https://physrefs.mit.edu/wp-content/uploads/2019/08/P2Spring21_EM_mreefe.pdf | https://physrefs.mit.edu/wp-content/uploads/2019/08/QM_spring_21.pdf | https://physrefs.mit.edu/wp-content/uploads/2019/08/P2Spring16.pdf | https://physrefs.mit.edu/files/2025/08/Spring_2016_QM_1d_.pdf | https://physrefs.mit.edu/wp-content/uploads/2019/08/P2Fall15.pdf | https://physrefs.mit.edu/wp-content/uploads/2019/08/P2Fall12.pdf,https://physrefs.mit.edu/wp-content/uploads/2019/08/P2Fall12Sol.pdf | https://physrefs.mit.edu/wp-content/uploads/2019/08/P2Spring12Sol.pdf | https://physrefs.mit.edu/wp-content/uploads/2019/08/P2Fall02Sol.pdf | https://physrefs.mit.edu/wp-content/uploads/2019/08/P2Fall02_EM1_soln.pdf | https://physrefs.mit.edu/wp-content/uploads/2019/08/P2Spring02Sol.pdf | https://physrefs.mit.edu/wp-content/uploads/2019/08/P2Fall21_CM_soln.pdf | https://physrefs.mit.edu/wp-content/uploads/2019/08/P2Spring21_CM_soln.pdf | https://physrefs.mit.edu/wp-content/uploads/2019/08/P2Spring16Sol.pdf | https://physrefs.mit.edu/wp-content/uploads/2019/08/P2Fall15Sol.pdf,https://physrefs.mit.edu/general-exam-preparation/
Theoretical & Particle Physics,High-Energy Scattering Theory,downloaded,https://physics.yale.edu/sites/default/files/files/qualifier2019.pdf | https://physics.yale.edu/sites/default/files/files/qualifier2018.pdf | https://physics.yale.edu/academics/graduate-studies/graduate-student-handbook/qualifying-exam-past-exams | https://physics.yale.edu/sites/default/files/files/Grad%20Misc/QualExam_24_Combined.pdf | https://physics.yale.edu/sites/default/files/files/Grad%20Misc/2023%20Qualifying%20Exams%20Combined.pdf | https://physics.yale.edu/sites/default/files/files/Grad%20Misc/2022%20Qualifying%20Exams.pdf | https://physics.yale.edu/sites/default/files/files/Grad%20Misc/2021%20Qualifying%20Exams.pdf,https://physics.yale.edu/sites/default/files/files/qual_19_p1_sol.pdf | https://physics.yale.edu/sites/default/files/files/qual_19_p2_sol.pdf | https://physics.yale.edu/sites/default/files/files/qual_19_p3_sol.pdf | https://physics.yale.edu/sites/default/files/files/qual_19_p4_sol.pdf | https://physics.yale.edu/sites/default/files/files/qual_18_p1_sol.pdf | https://physics.yale.edu/sites/default/files/files/qual_18_p2_sol.pdf | https://physics.yale.edu/sites/default/files/files/qual_18_p3_sol.pdf | https://physics.yale.edu/sites/default/files/files/qual_18_p4_sol.pdf | https://physics.yale.edu/sites/default/files/files/Grad%20Misc/qual_24_p1_sol.pdf | https://physics.yale.edu/sites/default/files/files/Grad%20Misc/qual_24_p2_sol.pdf | https://physics.yale.edu/sites/default/files/files/Grad%20Misc/qual_24_p3_sol.pdf | https://physics.yale.edu/sites/default/files/files/Grad%20Misc/qual_24_p4_sol.pdf | https://physics.yale.edu/sites/default/files/files/Grad%20Misc/qual_23_p1_sol.pdf | https://physics.yale.edu/sites/default/files/files/Grad%20Misc/qual_23_p2_sol.pdf | https://physics.yale.edu/sites/default/files/files/Grad%20Misc/qual_23_p3_sol.pdf | https://physics.yale.edu/sites/default/files/files/Grad%20Misc/qual_23_p4_sol.pdf | https://physics.yale.edu/sites/default/files/files/Grad%20Misc/qual_22_p1_sol.pdf | https://physics.yale.edu/sites/default/files/files/Grad%20Misc/qual_22_p2_sol.pdf | https://physics.yale.edu/sites/default/files/files/Grad%20Misc/qual_22_p3_sol.pdf | https://physics.yale.edu/sites/default/files/files/Grad%20Misc/qual_22_p4_sol.pdf | https://physics.yale.edu/sites/default/files/files/Grad%20Misc/qual_21_p1_sol.pdf | https://physics.yale.edu/sites/default/files/files/Grad%20Misc/qual_21_p2_sol.pdf | https://physics.yale.edu/sites/default/files/files/Grad%20Misc/qual_21_p3_sol.pdf | https://physics.yale.edu/sites/default/files/files/Grad%20Misc/qual_21_p4_sol.pdf,https://physics.yale.edu/academics/graduate-studies/graduate-student-handbook/qualifying-exam-past-exams
Theoretical & Particle Physics,Inflation & Early Universe,downloaded,https://physics.yale.edu/sites/default/files/files/qualifier2019.pdf | https://physics.yale.edu/sites/default/files/files/qualifier2018.pdf | https://physics.yale.edu/academics/graduate-studies/graduate-student-handbook/qualifying-exam-past-exams | https://physics.yale.edu/sites/default/files/files/Grad%20Misc/QualExam_24_Combined.pdf | https://physics.yale.edu/sites/default/files/files/Grad%20Misc/2023%20Qualifying%20Exams%20Combined.pdf | https://physics.yale.edu/sites/default/files/files/Grad%20Misc/2022%20Qualifying%20Exams.pdf | https://physics.yale.edu/sites/default/files/files/Grad%20Misc/2021%20Qualifying%20Exams.pdf,https://physics.yale.edu/sites/default/files/files/qual_19_p1_sol.pdf | https://physics.yale.edu/sites/default/files/files/qual_19_p2_sol.pdf | https://physics.yale.edu/sites/default/files/files/qual_19_p3_sol.pdf | https://physics.yale.edu/sites/default/files/files/qual_19_p4_sol.pdf | https://physics.yale.edu/sites/default/files/files/qual_18_p1_sol.pdf | https://physics.yale.edu/sites/default/files/files/qual_18_p2_sol.pdf | https://physics.yale.edu/sites/default/files/files/qual_18_p3_sol.pdf | https://physics.yale.edu/sites/default/files/files/qual_18_p4_sol.pdf | https://physics.yale.edu/sites/default/files/files/Grad%20Misc/qual_24_p1_sol.pdf | https://physics.yale.edu/sites/default/files/files/Grad%20Misc/qual_24_p2_sol.pdf | https://physics.yale.edu/sites/default/files/files/Grad%20Misc/qual_24_p3_sol.pdf | https://physics.yale.edu/sites/default/files/files/Grad%20Misc/qual_24_p4_sol.pdf | https://physics.yale.edu/sites/default/files/files/Grad%20Misc/qual_23_p1_sol.pdf | https://physics.yale.edu/sites/default/files/files/Grad%20Misc/qual_23_p2_sol.pdf | https://physics.yale.edu/sites/default/files/files/Grad%20Misc/qual_23_p3_sol.pdf | https://physics.yale.edu/sites/default/files/files/Grad%20Misc/qual_23_p4_sol.pdf | https://physics.yale.edu/sites/default/files/files/Grad%20Misc/qual_22_p1_sol.pdf | https://physics.yale.edu/sites/default/files/files/Grad%20Misc/qual_22_p2_sol.pdf | https://physics.yale.edu/sites/default/files/files/Grad%20Misc/qual_22_p3_sol.pdf | https://physics.yale.edu/sites/default/files/files/Grad%20Misc/qual_22_p4_sol.pdf | https://physics.yale.edu/sites/default/files/files/Grad%20Misc/qual_21_p1_sol.pdf | https://physics.yale.edu/sites/default/files/files/Grad%20Misc/qual_21_p2_sol.pdf | https://physics.yale.edu/sites/default/files/files/Grad%20Misc/qual_21_p3_sol.pdf | https://physics.yale.edu/sites/default/files/files/Grad%20Misc/qual_21_p4_sol.pdf,https://physics.yale.edu/academics/graduate-studies/graduate-student-handbook/qualifying-exam-past-exams
Theoretical & Particle Physics,Integrable Systems,downloaded,https://physics.yale.edu/sites/default/files/files/qualifier2019.pdf | https://physics.yale.edu/sites/default/files/files/qualifier2018.pdf | https://physics.yale.edu/academics/graduate-studies/graduate-student-handbook/qualifying-exam-past-exams | https://physics.yale.edu/sites/default/files/files/Grad%20Misc/QualExam_24_Combined.pdf | https://physics.yale.edu/sites/default/files/files/Grad%20Misc/2023%20Qualifying%20Exams%20Combined.pdf | https://physics.yale.edu/sites/default/files/files/Grad%20Misc/2022%20Qualifying%20Exams.pdf | https://physics.yale.edu/sites/default/files/files/Grad%20Misc/2021%20Qualifying%20Exams.pdf,https://physics.yale.edu/sites/default/files/files/qual_19_p1_sol.pdf | https://physics.yale.edu/sites/default/files/files/qual_19_p2_sol.pdf | https://physics.yale.edu/sites/default/files/files/qual_19_p3_sol.pdf | https://physics.yale.edu/sites/default/files/files/qual_19_p4_sol.pdf | https://physics.yale.edu/sites/default/files/files/qual_18_p1_sol.pdf | https://physics.yale.edu/sites/default/files/files/qual_18_p2_sol.pdf | https://physics.yale.edu/sites/default/files/files/qual_18_p3_sol.pdf | https://physics.yale.edu/sites/default/files/files/qual_18_p4_sol.pdf | https://physics.yale.edu/sites/default/files/files/Grad%20Misc/qual_24_p1_sol.pdf | https://physics.yale.edu/sites/default/files/files/Grad%20Misc/qual_24_p2_sol.pdf | https://physics.yale.edu/sites/default/files/files/Grad%20Misc/qual_24_p3_sol.pdf | https://physics.yale.edu/sites/default/files/files/Grad%20Misc/qual_24_p4_sol.pdf | https://physics.yale.edu/sites/default/files/files/Grad%20Misc/qual_23_p1_sol.pdf | https://physics.yale.edu/sites/default/files/files/Grad%20Misc/qual_23_p2_sol.pdf | https://physics.yale.edu/sites/default/files/files/Grad%20Misc/qual_23_p3_sol.pdf | https://physics.yale.edu/sites/default/files/files/Grad%20Misc/qual_23_p4_sol.pdf | https://physics.yale.edu/sites/default/files/files/Grad%20Misc/qual_22_p1_sol.pdf | https://physics.yale.edu/sites/default/files/files/Grad%20Misc/qual_22_p2_sol.pdf | https://physics.yale.edu/sites/default/files/files/Grad%20Misc/qual_22_p3_sol.pdf | https://physics.yale.edu/sites/default/files/files/Grad%20Misc/qual_22_p4_sol.pdf | https://physics.yale.edu/sites/default/files/files/Grad%20Misc/qual_21_p1_sol.pdf | https://physics.yale.edu/sites/default/files/files/Grad%20Misc/qual_21_p2_sol.pdf | https://physics.yale.edu/sites/default/files/files/Grad%20Misc/qual_21_p3_sol.pdf | https://physics.yale.edu/sites/default/files/files/Grad%20Misc/qual_21_p4_sol.pdf,https://physics.yale.edu/academics/graduate-studies/graduate-student-handbook/qualifying-exam-past-exams
Theoretical & Particle Physics,Lattice QCD,downloaded,https://physics.yale.edu/sites/default/files/files/qualifier2019.pdf | https://physics.yale.edu/sites/default/files/files/qualifier2018.pdf | https://physics.yale.edu/academics/graduate-studies/graduate-student-handbook/qualifying-exam-past-exams | https://physics.yale.edu/sites/default/files/files/Grad%20Misc/QualExam_24_Combined.pdf | https://physics.yale.edu/sites/default/files/files/Grad%20Misc/2023%20Qualifying%20Exams%20Combined.pdf | https://physics.yale.edu/sites/default/files/files/Grad%20Misc/2022%20Qualifying%20Exams.pdf | https://physics.yale.edu/sites/default/files/files/Grad%20Misc/2021%20Qualifying%20Exams.pdf,https://physics.yale.edu/sites/default/files/files/qual_19_p1_sol.pdf | https://physics.yale.edu/sites/default/files/files/qual_19_p2_sol.pdf | https://physics.yale.edu/sites/default/files/files/qual_19_p3_sol.pdf | https://physics.yale.edu/sites/default/files/files/qual_19_p4_sol.pdf | https://physics.yale.edu/sites/default/files/files/qual_18_p1_sol.pdf | https://physics.yale.edu/sites/default/files/files/qual_18_p2_sol.pdf | https://physics.yale.edu/sites/default/files/files/qual_18_p3_sol.pdf | https://physics.yale.edu/sites/default/files/files/qual_18_p4_sol.pdf | https://physics.yale.edu/sites/default/files/files/Grad%20Misc/qual_24_p1_sol.pdf | https://physics.yale.edu/sites/default/files/files/Grad%20Misc/qual_24_p2_sol.pdf | https://physics.yale.edu/sites/default/files/files/Grad%20Misc/qual_24_p3_sol.pdf | https://physics.yale.edu/sites/default/files/files/Grad%20Misc/qual_24_p4_sol.pdf | https://physics.yale.edu/sites/default/files/files/Grad%20Misc/qual_23_p1_sol.pdf | https://physics.yale.edu/sites/default/files/files/Grad%20Misc/qual_23_p2_sol.pdf | https://physics.yale.edu/sites/default/files/files/Grad%20Misc/qual_23_p3_sol.pdf | https://physics.yale.edu/sites/default/files/files/Grad%20Misc/qual_23_p4_sol.pdf | https://physics.yale.edu/sites/default/files/files/Grad%20Misc/qual_22_p1_sol.pdf | https://physics.yale.edu/sites/default/files/files/Grad%20Misc/qual_22_p2_sol.pdf | https://physics.yale.edu/sites/default/files/files/Grad%20Misc/qual_22_p3_sol.pdf | https://physics.yale.edu/sites/default/files/files/Grad%20Misc/qual_22_p4_sol.pdf | https://physics.yale.edu/sites/default/files/files/Grad%20Misc/qual_21_p1_sol.pdf | https://physics.yale.edu/sites/default/files/files/Grad%20Misc/qual_21_p2_sol.pdf | https://physics.yale.edu/sites/default/files/files/Grad%20Misc/qual_21_p3_sol.pdf | https://physics.yale.edu/sites/default/files/files/Grad%20Misc/qual_21_p4_sol.pdf,https://physics.yale.edu/academics/graduate-studies/graduate-student-handbook/qualifying-exam-past-exams
Theoretical & Particle Physics,Neutrino Physics,downloaded,https://physics.yale.edu/sites/default/files/files/qualifier2019.pdf | https://physics.yale.edu/sites/default/files/files/qualifier2018.pdf | https://physics.yale.edu/academics/graduate-studies/graduate-student-handbook/qualifying-exam-past-exams | https://physics.yale.edu/sites/default/files/files/Grad%20Misc/QualExam_24_Combined.pdf | https://physics.yale.edu/sites/default/files/files/Grad%20Misc/2023%20Qualifying%20Exams%20Combined.pdf | https://physics.yale.edu/sites/default/files/files/Grad%20Misc/2022%20Qualifying%20Exams.pdf | https://physics.yale.edu/sites/default/files/files/Grad%20Misc/2021%20Qualifying%20Exams.pdf,https://physics.yale.edu/sites/default/files/files/qual_19_p1_sol.pdf | https://physics.yale.edu/sites/default/files/files/qual_19_p2_sol.pdf | https://physics.yale.edu/sites/default/files/files/qual_19_p3_sol.pdf | https://physics.yale.edu/sites/default/files/files/qual_19_p4_sol.pdf | https://physics.yale.edu/sites/default/files/files/qual_18_p1_sol.pdf | https://physics.yale.edu/sites/default/files/files/qual_18_p2_sol.pdf | https://physics.yale.edu/sites/default/files/files/qual_18_p3_sol.pdf | https://physics.yale.edu/sites/default/files/files/qual_18_p4_sol.pdf | https://physics.yale.edu/sites/default/files/files/Grad%20Misc/qual_24_p1_sol.pdf | https://physics.yale.edu/sites/default/files/files/Grad%20Misc/qual_24_p2_sol.pdf | https://physics.yale.edu/sites/default/files/files/Grad%20Misc/qual_24_p3_sol.pdf | https://physics.yale.edu/sites/default/files/files/Grad%20Misc/qual_24_p4_sol.pdf | https://physics.yale.edu/sites/default/files/files/Grad%20Misc/qual_23_p1_sol.pdf | https://physics.yale.edu/sites/default/files/files/Grad%20Misc/qual_23_p2_sol.pdf | https://physics.yale.edu/sites/default/files/files/Grad%20Misc/qual_23_p3_sol.pdf | https://physics.yale.edu/sites/default/files/files/Grad%20Misc/qual_23_p4_sol.pdf | https://physics.yale.edu/sites/default/files/files/Grad%20Misc/qual_22_p1_sol.pdf | https://physics.yale.edu/sites/default/files/files/Grad%20Misc/qual_22_p2_sol.pdf | https://physics.yale.edu/sites/default/files/files/Grad%20Misc/qual_22_p3_sol.pdf | https://physics.yale.edu/sites/default/files/files/Grad%20Misc/qual_22_p4_sol.pdf | https://physics.yale.edu/sites/default/files/files/Grad%20Misc/qual_21_p1_sol.pdf | https://physics.yale.edu/sites/default/files/files/Grad%20Misc/qual_21_p2_sol.pdf | https://physics.yale.edu/sites/default/files/files/Grad%20Misc/qual_21_p3_sol.pdf | https://physics.yale.edu/sites/default/files/files/Grad%20Misc/qual_21_p4_sol.pdf,https://physics.yale.edu/academics/graduate-studies/graduate-student-handbook/qualifying-exam-past-exams
Theoretical & Particle Physics,Nuclear Physics,downloaded,https://physics.howard.edu/graduate/qualifying-exam | https://physics.howard.edu/sites/physics.howard.edu/files/2023-11/Final-Questions-CM-EM-combined.pdf | https://physics.howard.edu/sites/physics.howard.edu/files/2020-01/CQXm2018.pdf | https://physics.howard.edu/sites/physics.howard.edu/files/2020-01/CQXm2016.pdf | https://physics.howard.edu/sites/physics.howard.edu/files/2020-01/CQXm2015.pdf | https://physics.howard.edu/sites/physics.howard.edu/files/2020-01/CQXm2014.pdf | https://physics.howard.edu/sites/physics.howard.edu/files/2020-01/CQXm2013.pdf | https://physics.howard.edu/sites/physics.howard.edu/files/2020-01/CQXm2012.pdf | https://physics.howard.edu/sites/physics.howard.edu/files/2020-01/CQXm2011.pdf | https://physics.howard.edu/sites/physics.howard.edu/files/2020-01/CQXm2010.pdf | https://physics.howard.edu/sites/physics.howard.edu/files/2019-07/cqex2009.pdf | https://physics.howard.edu/sites/physics.howard.edu/files/2019-07/cqex2008.pdf | https://physics.howard.edu/sites/physics.howard.edu/files/2019-07/cqex2007.pdf | https://physics.howard.edu/sites/physics.howard.edu/files/2019-07/cqex2006.pdf | https://physics.howard.edu/sites/physics.howard.edu/files/2019-07/cqex2005.pdf | https://physics.howard.edu/sites/physics.howard.edu/files/2019-07/cqex2004.pdf | https://physics.howard.edu/sites/physics.howard.edu/files/2019-07/cqex2003.pdf | https://physics.howard.edu/sites/physics.howard.edu/files/2019-07/cqex2002.pdf | https://physics.howard.edu/sites/physics.howard.edu/files/2019-07/cqex2001.pdf | https://physics.howard.edu/sites/physics.howard.edu/files/2019-07/cqex2000.pdf | https://physics.howard.edu/sites/physics.howard.edu/files/2019-07/cqex1999_0.pdf | https://physics.howard.edu/sites/physics.howard.edu/files/2019-07/cqex1998.pdf | https://physics.howard.edu/sites/physics.howard.edu/files/2019-07/cqex1997.pdf | https://physics.howard.edu/sites/physics.howard.edu/files/2019-07/cqex1996.pdf | https://physics.howard.edu/sites/physics.howard.edu/files/2019-07/cqex1995.pdf | https://physics.howard.edu/sites/physics.howard.edu/files/2019-07/cqex94cm.pdf | https://physics.howard.edu/sites/physics.howard.edu/files/2019-07/cqex94qm.pdf | https://physics.howard.edu/sites/physics.howard.edu/files/2019-07/cqex94em.pdf | https://physics.howard.edu/sites/physics.howard.edu/files/2019-07/cqex94sm.pdf,,https://physics.howard.edu/graduate/qualifying-exam
Theoretical & Particle Physics,Quantum Field Theory,downloaded,https://physrefs.mit.edu/wp-content/uploads/2019/08/fall2012_E_M_1-5.pdf | https://physrefs.mit.edu/wp-content/uploads/2019/08/P2Spring12.pdf | https://physrefs.mit.edu/wp-content/uploads/2019/08/P2Fall02.pdf | https://physrefs.mit.edu/files/2025/01/Fall_2002_CM.pdf | https://physrefs.mit.edu/wp-content/uploads/2019/08/P2Spring02.pdf | https://physrefs.mit.edu/general-exam-preparation/ | https://physrefs.mit.edu/wp-content/uploads/2019/08/pgsc_report1.pdf | https://physrefs.mit.edu/wp-content/uploads/2019/08/comparisonreport.pdf | https://physrefs.mit.edu/wp-content/uploads/2019/08/testexamples2.pdf | https://physrefs.mit.edu/wp-content/uploads/2019/08/PartIIStudyGuide_ALeder.pdf | https://physrefs.mit.edu/wp-content/uploads/2019/08/P2Fall21.pdf | https://physrefs.mit.edu/wp-content/uploads/2019/08/sm-sol-Fall2021.pdf | https://physrefs.mit.edu/wp-content/uploads/2019/08/em-sol-Fall2021.pdf | https://physrefs.mit.edu/wp-content/uploads/2019/08/QM_fall_21.pdf | https://physrefs.mit.edu/wp-content/uploads/2019/08/P2Spring21.pdf | https://physrefs.mit.edu/wp-content/uploads/2019/08/MIT_PhD_Spring2021_Statistical_Mechanics-1.pdf | https://physrefs.mit.edu/wp-content/uploads/2019/08/P2Spring21_EM_mreefe.pdf | https://physrefs.mit.edu/wp-content/uploads/2019/08/QM_spring_21.pdf | https://physrefs.mit.edu/wp-content/uploads/2019/08/P2Spring16.pdf | https://physrefs.mit.edu/files/2025/08/Spring_2016_QM_1d_.pdf | https://physrefs.mit.edu/wp-content/uploads/2019/08/P2Fall15.pdf | https://physrefs.mit.edu/wp-content/uploads/2019/08/P2Fall12.pdf,https://physrefs.mit.edu/wp-content/uploads/2019/08/P2Fall12Sol.pdf | https://physrefs.mit.edu/wp-content/uploads/2019/08/P2Spring12Sol.pdf | https://physrefs.mit.edu/wp-content/uploads/2019/08/P2Fall02Sol.pdf | https://physrefs.mit.edu/wp-content/uploads/2019/08/P2Fall02_EM1_soln.pdf | https://physrefs.mit.edu/wp-content/uploads/2019/08/P2Spring02Sol.pdf | https://physrefs.mit.edu/wp-content/uploads/2019/08/P2Fall21_CM_soln.pdf | https://physrefs.mit.edu/wp-content/uploads/2019/08/P2Spring21_CM_soln.pdf | https://physrefs.mit.edu/wp-content/uploads/2019/08/P2Spring16Sol.pdf | https://physrefs.mit.edu/wp-content/uploads/2019/08/P2Fall15Sol.pdf,https://physrefs.mit.edu/general-exam-preparation/
Theoretical & Particle Physics,Quantum Gravity,downloaded,https://physics.yale.edu/sites/default/files/files/qualifier2019.pdf | https://physics.yale.edu/sites/default/files/files/qualifier2018.pdf | https://physics.yale.edu/academics/graduate-studies/graduate-student-handbook/qualifying-exam-past-exams | https://physics.yale.edu/sites/default/files/files/Grad%20Misc/QualExam_24_Combined.pdf | https://physics.yale.edu/sites/default/files/files/Grad%20Misc/2023%20Qualifying%20Exams%20Combined.pdf | https://physics.yale.edu/sites/default/files/files/Grad%20Misc/2022%20Qualifying%20Exams.pdf | https://physics.yale.edu/sites/default/files/files/Grad%20Misc/2021%20Qualifying%20Exams.pdf,https://physics.yale.edu/sites/default/files/files/qual_19_p1_sol.pdf | https://physics.yale.edu/sites/default/files/files/qual_19_p2_sol.pdf | https://physics.yale.edu/sites/default/files/files/qual_19_p3_sol.pdf | https://physics.yale.edu/sites/default/files/files/qual_19_p4_sol.pdf | https://physics.yale.edu/sites/default/files/files/qual_18_p1_sol.pdf | https://physics.yale.edu/sites/default/files/files/qual_18_p2_sol.pdf | https://physics.yale.edu/sites/default/files/files/qual_18_p3_sol.pdf | https://physics.yale.edu/sites/default/files/files/qual_18_p4_sol.pdf | https://physics.yale.edu/sites/default/files/files/Grad%20Misc/qual_24_p1_sol.pdf | https://physics.yale.edu/sites/default/files/files/Grad%20Misc/qual_24_p2_sol.pdf | https://physics.yale.edu/sites/default/files/files/Grad%20Misc/qual_24_p3_sol.pdf | https://physics.yale.edu/sites/default/files/files/Grad%20Misc/qual_24_p4_sol.pdf | https://physics.yale.edu/sites/default/files/files/Grad%20Misc/qual_23_p1_sol.pdf | https://physics.yale.edu/sites/default/files/files/Grad%20Misc/qual_23_p2_sol.pdf | https://physics.yale.edu/sites/default/files/files/Grad%20Misc/qual_23_p3_sol.pdf | https://physics.yale.edu/sites/default/files/files/Grad%20Misc/qual_23_p4_sol.pdf | https://physics.yale.edu/sites/default/files/files/Grad%20Misc/qual_22_p1_sol.pdf | https://physics.yale.edu/sites/default/files/files/Grad%20Misc/qual_22_p2_sol.pdf | https://physics.yale.edu/sites/default/files/files/Grad%20Misc/qual_22_p3_sol.pdf | https://physics.yale.edu/sites/default/files/files/Grad%20Misc/qual_22_p4_sol.pdf | https://physics.yale.edu/sites/default/files/files/Grad%20Misc/qual_21_p1_sol.pdf | https://physics.yale.edu/sites/default/files/files/Grad%20Misc/qual_21_p2_sol.pdf | https://physics.yale.edu/sites/default/files/files/Grad%20Misc/qual_21_p3_sol.pdf | https://physics.yale.edu/sites/default/files/files/Grad%20Misc/qual_21_p4_sol.pdf,https://physics.yale.edu/academics/graduate-studies/graduate-student-handbook/qualifying-exam-past-exams
Theoretical & Particle Physics,Standard Model Phenomenology,downloaded,https://physics.yale.edu/sites/default/files/files/qualifier2019.pdf | https://physics.yale.edu/sites/default/files/files/qualifier2018.pdf | https://physics.yale.edu/academics/graduate-studies/graduate-student-handbook/qualifying-exam-past-exams | https://physics.yale.edu/sites/default/files/files/Grad%20Misc/QualExam_24_Combined.pdf | https://physics.yale.edu/sites/default/files/files/Grad%20Misc/2023%20Qualifying%20Exams%20Combined.pdf | https://physics.yale.edu/sites/default/files/files/Grad%20Misc/2022%20Qualifying%20Exams.pdf | https://physics.yale.edu/sites/default/files/files/Grad%20Misc/2021%20Qualifying%20Exams.pdf,https://physics.yale.edu/sites/default/files/files/qual_19_p1_sol.pdf | https://physics.yale.edu/sites/default/files/files/qual_19_p2_sol.pdf | https://physics.yale.edu/sites/default/files/files/qual_19_p3_sol.pdf | https://physics.yale.edu/sites/default/files/files/qual_19_p4_sol.pdf | https://physics.yale.edu/sites/default/files/files/qual_18_p1_sol.pdf | https://physics.yale.edu/sites/default/files/files/qual_18_p2_sol.pdf | https://physics.yale.edu/sites/default/files/files/qual_18_p3_sol.pdf | https://physics.yale.edu/sites/default/files/files/qual_18_p4_sol.pdf | https://physics.yale.edu/sites/default/files/files/Grad%20Misc/qual_24_p1_sol.pdf | https://physics.yale.edu/sites/default/files/files/Grad%20Misc/qual_24_p2_sol.pdf | https://physics.yale.edu/sites/default/files/files/Grad%20Misc/qual_24_p3_sol.pdf | https://physics.yale.edu/sites/default/files/files/Grad%20Misc/qual_24_p4_sol.pdf | https://physics.yale.edu/sites/default/files/files/Grad%20Misc/qual_23_p1_sol.pdf | https://physics.yale.edu/sites/default/files/files/Grad%20Misc/qual_23_p2_sol.pdf | https://physics.yale.edu/sites/default/files/files/Grad%20Misc/qual_23_p3_sol.pdf | https://physics.yale.edu/sites/default/files/files/Grad%20Misc/qual_23_p4_sol.pdf | https://physics.yale.edu/sites/default/files/files/Grad%20Misc/qual_22_p1_sol.pdf | https://physics.yale.edu/sites/default/files/files/Grad%20Misc/qual_22_p2_sol.pdf | https://physics.yale.edu/sites/default/files/files/Grad%20Misc/qual_22_p3_sol.pdf | https://physics.yale.edu/sites/default/files/files/Grad%20Misc/qual_22_p4_sol.pdf | https://physics.yale.edu/sites/default/files/files/Grad%20Misc/qual_21_p1_sol.pdf | https://physics.yale.edu/sites/default/files/files/Grad%20Misc/qual_21_p2_sol.pdf | https://physics.yale.edu/sites/default/files/files/Grad%20Misc/qual_21_p3_sol.pdf | https://physics.yale.edu/sites/default/files/files/Grad%20Misc/qual_21_p4_sol.pdf,https://physics.yale.edu/academics/graduate-studies/graduate-student-handbook/qualifying-exam-past-exams
Theoretical & Particle Physics,Statistical Mechanics & Phase Transitions,downloaded,https://phy.princeton.edu/academics/graduate-program/degree-requirements/preliminary-exams | https://phy.princeton.edu/sites/phy2020/files/graduate-program/prelims/J98.pdf | https://phy.princeton.edu/sites/phy2020/files/graduate-program/prelims/M98.pdf | https://phy.princeton.edu/sites/phy2020/files/graduate-program/prelims/J99.pdf | https://phy.princeton.edu/sites/phy2020/files/graduate-program/prelims/M99.pdf | https://phy.princeton.edu/sites/phy2020/files/graduate-program/prelims/J00.pdf | https://phy.princeton.edu/sites/phy2020/files/graduate-program/prelims/M00.pdf | https://phy.princeton.edu/sites/phy2020/files/graduate-program/prelims/J01.pdf | https://phy.princeton.edu/sites/phy2020/files/graduate-program/prelims/M01.pdf | https://phy.princeton.edu/sites/phy2020/files/graduate-program/prelims/J02.pdf | https://phy.princeton.edu/sites/phy2020/files/graduate-program/prelims/M02.pdf | https://phy.princeton.edu/sites/phy2020/files/graduate-program/prelims/J03.pdf | https://phy.princeton.edu/sites/phy2020/files/graduate-program/prelims/M03.pdf | https://phy.princeton.edu/sites/phy2020/files/graduate-program/prelims/J04.pdf | https://phy.princeton.edu/sites/phy2020/files/graduate-program/prelims/M04.pdf | https://phy.princeton.edu/sites/phy2020/files/academics/graduate-program/prelims/PrelimJ05.pdf | https://phy.princeton.edu/sites/phy2020/files/graduate-program/prelims/PrelimM05.pdf | https://phy.princeton.edu/sites/phy2020/files/graduate-program/prelims/PrelimJ06.pdf | https://phy.princeton.edu/sites/phy2020/files/graduate-program/prelims/PrelimM06.pdf | https://phy.princeton.edu/sites/phy2020/files/graduate-program/prelims/PrelimJ07.pdf | https://phy.princeton.edu/sites/phy2020/files/graduate-program/prelims/PrelimM07.pdf | https://phy.princeton.edu/sites/phy2020/files/graduate-program/prelims/PrelimJ08.pdf | https://phy.princeton.edu/sites/phy2020/files/graduate-program/prelims/PrelimM08.pdf | https://phy.princeton.edu/sites/phy2020/files/graduate-program/prelims/PrelimJ09.pdf | https://phy.princeton.edu/sites/phy2020/files/graduate-program/prelims/PrelimM09.pdf | https://phy.princeton.edu/sites/phy2020/files/graduate-program/prelims/PrelimJ10.pdf | https://phy.princeton.edu/sites/phy2020/files/graduate-program/prelims/PrelimM10.pdf | https://phy.princeton.edu/sites/phy2020/files/graduate-program/prelims/PrelimJ11.pdf | https://phy.princeton.edu/sites/phy2020/files/graduate-program/prelims/January-2012.pdf | https://phy.princeton.edu/sites/phy2020/files/graduate-program/prelims/May-2012.pdf | https://phy.princeton.edu/sites/phy2020/files/graduate-program/prelims/Jan2013-Prelims.pdf,,https://phy.princeton.edu/academics/graduate-program/degree-requirements/preliminary-exams
Theoretical & Particle Physics,String Theory & M-Theory,downloaded,https://physics.yale.edu/sites/default/files/files/qualifier2019.pdf | https://physics.yale.edu/sites/default/files/files/qualifier2018.pdf | https://physics.yale.edu/academics/graduate-studies/graduate-student-handbook/qualifying-exam-past-exams | https://physics.yale.edu/sites/default/files/files/Grad%20Misc/QualExam_24_Combined.pdf | https://physics.yale.edu/sites/default/files/files/Grad%20Misc/2023%20Qualifying%20Exams%20Combined.pdf | https://physics.yale.edu/sites/default/files/files/Grad%20Misc/2022%20Qualifying%20Exams.pdf | https://physics.yale.edu/sites/default/files/files/Grad%20Misc/2021%20Qualifying%20Exams.pdf,https://physics.yale.edu/sites/default/files/files/qual_19_p1_sol.pdf | https://physics.yale.edu/sites/default/files/files/qual_19_p2_sol.pdf | https://physics.yale.edu/sites/default/files/files/qual_19_p3_sol.pdf | https://physics.yale.edu/sites/default/files/files/qual_19_p4_sol.pdf | https://physics.yale.edu/sites/default/files/files/qual_18_p1_sol.pdf | https://physics.yale.edu/sites/default/files/files/qual_18_p2_sol.pdf | https://physics.yale.edu/sites/default/files/files/qual_18_p3_sol.pdf | https://physics.yale.edu/sites/default/files/files/qual_18_p4_sol.pdf | https://physics.yale.edu/sites/default/files/files/Grad%20Misc/qual_24_p1_sol.pdf | https://physics.yale.edu/sites/default/files/files/Grad%20Misc/qual_24_p2_sol.pdf | https://physics.yale.edu/sites/default/files/files/Grad%20Misc/qual_24_p3_sol.pdf | https://physics.yale.edu/sites/default/files/files/Grad%20Misc/qual_24_p4_sol.pdf | https://physics.yale.edu/sites/default/files/files/Grad%20Misc/qual_23_p1_sol.pdf | https://physics.yale.edu/sites/default/files/files/Grad%20Misc/qual_23_p2_sol.pdf | https://physics.yale.edu/sites/default/files/files/Grad%20Misc/qual_23_p3_sol.pdf | https://physics.yale.edu/sites/default/files/files/Grad%20Misc/qual_23_p4_sol.pdf | https://physics.yale.edu/sites/default/files/files/Grad%20Misc/qual_22_p1_sol.pdf | https://physics.yale.edu/sites/default/files/files/Grad%20Misc/qual_22_p2_sol.pdf | https://physics.yale.edu/sites/default/files/files/Grad%20Misc/qual_22_p3_sol.pdf | https://physics.yale.edu/sites/default/files/files/Grad%20Misc/qual_22_p4_sol.pdf | https://physics.yale.edu/sites/default/files/files/Grad%20Misc/qual_21_p1_sol.pdf | https://physics.yale.edu/sites/default/files/files/Grad%20Misc/qual_21_p2_sol.pdf | https://physics.yale.edu/sites/default/files/files/Grad%20Misc/qual_21_p3_sol.pdf | https://physics.yale.edu/sites/default/files/files/Grad%20Misc/qual_21_p4_sol.pdf,https://physics.yale.edu/academics/graduate-studies/graduate-student-handbook/qualifying-exam-past-exams
Theoretical & Particle Physics,Supersymmetry & Extra Dimensions,downloaded,https://physics.yale.edu/sites/default/files/files/qualifier2019.pdf | https://physics.yale.edu/sites/default/files/files/qualifier2018.pdf | https://physics.yale.edu/academics/graduate-studies/graduate-student-handbook/qualifying-exam-past-exams | https://physics.yale.edu/sites/default/files/files/Grad%20Misc/QualExam_24_Combined.pdf | https://physics.yale.edu/sites/default/files/files/Grad%20Misc/2023%20Qualifying%20Exams%20Combined.pdf | https://physics.yale.edu/sites/default/files/files/Grad%20Misc/2022%20Qualifying%20Exams.pdf | https://physics.yale.edu/sites/default/files/files/Grad%20Misc/2021%20Qualifying%20Exams.pdf,https://physics.yale.edu/sites/default/files/files/qual_19_p1_sol.pdf | https://physics.yale.edu/sites/default/files/files/qual_19_p2_sol.pdf | https://physics.yale.edu/sites/default/files/files/qual_19_p3_sol.pdf | https://physics.yale.edu/sites/default/files/files/qual_19_p4_sol.pdf | https://physics.yale.edu/sites/default/files/files/qual_18_p1_sol.pdf | https://physics.yale.edu/sites/default/files/files/qual_18_p2_sol.pdf | https://physics.yale.edu/sites/default/files/files/qual_18_p3_sol.pdf | https://physics.yale.edu/sites/default/files/files/qual_18_p4_sol.pdf | https://physics.yale.edu/sites/default/files/files/Grad%20Misc/qual_24_p1_sol.pdf | https://physics.yale.edu/sites/default/files/files/Grad%20Misc/qual_24_p2_sol.pdf | https://physics.yale.edu/sites/default/files/files/Grad%20Misc/qual_24_p3_sol.pdf | https://physics.yale.edu/sites/default/files/files/Grad%20Misc/qual_24_p4_sol.pdf | https://physics.yale.edu/sites/default/files/files/Grad%20Misc/qual_23_p1_sol.pdf | https://physics.yale.edu/sites/default/files/files/Grad%20Misc/qual_23_p2_sol.pdf | https://physics.yale.edu/sites/default/files/files/Grad%20Misc/qual_23_p3_sol.pdf | https://physics.yale.edu/sites/default/files/files/Grad%20Misc/qual_23_p4_sol.pdf | https://physics.yale.edu/sites/default/files/files/Grad%20Misc/qual_22_p1_sol.pdf | https://physics.yale.edu/sites/default/files/files/Grad%20Misc/qual_22_p2_sol.pdf | https://physics.yale.edu/sites/default/files/files/Grad%20Misc/qual_22_p3_sol.pdf | https://physics.yale.edu/sites/default/files/files/Grad%20Misc/qual_22_p4_sol.pdf | https://physics.yale.edu/sites/default/files/files/Grad%20Misc/qual_21_p1_sol.pdf | https://physics.yale.edu/sites/default/files/files/Grad%20Misc/qual_21_p2_sol.pdf | https://physics.yale.edu/sites/default/files/files/Grad%20Misc/qual_21_p3_sol.pdf | https://physics.yale.edu/sites/default/files/files/Grad%20Misc/qual_21_p4_sol.pdf,https://physics.yale.edu/academics/graduate-studies/graduate-student-handbook/qualifying-exam-past-exams
Sociology & Anthropology,Cultural Anthropology & Ethnography,downloaded,https://web.uri.edu/english/ph-d-overview/phd-comprehensive-exams/,,https://web.uri.edu/english/ph-d-overview/phd-comprehensive-exams/
Sociology & Anthropology,Cultural Sociology,downloaded,https://web.uri.edu/english/ph-d-overview/phd-comprehensive-exams/,,https://web.uri.edu/english/ph-d-overview/phd-comprehensive-exams/
Sociology & Anthropology,Demography & Population Studies,downloaded,https://web.uri.edu/english/ph-d-overview/phd-comprehensive-exams/,,https://web.uri.edu/english/ph-d-overview/phd-comprehensive-exams/
Sociology & Anthropology,Economic Sociology,downloaded,https://web.uri.edu/english/ph-d-overview/phd-comprehensive-exams/,,https://web.uri.edu/english/ph-d-overview/phd-comprehensive-exams/
Sociology & Anthropology,Medical Sociology,downloaded,https://web.uri.edu/english/ph-d-overview/phd-comprehensive-exams/,,https://web.uri.edu/english/ph-d-overview/phd-comprehensive-exams/
Sociology & Anthropology,Social Networks & Computational Social Science,downloaded,https://web.uri.edu/english/ph-d-overview/phd-comprehensive-exams/,,https://web.uri.edu/english/ph-d-overview/phd-comprehensive-exams/
Sociology & Anthropology,Social Stratification & Inequality,downloaded,https://web.uri.edu/english/ph-d-overview/phd-comprehensive-exams/,,https://web.uri.edu/english/ph-d-overview/phd-comprehensive-exams/
Sociology & Anthropology,Sociological Theory,downloaded,https://web.uri.edu/english/ph-d-overview/phd-comprehensive-exams/,,https://web.uri.edu/english/ph-d-overview/phd-comprehensive-exams/
Sociology & Anthropology,Sociology of Organizations,downloaded,https://web.uri.edu/english/ph-d-overview/phd-comprehensive-exams/,,https://web.uri.edu/english/ph-d-overview/phd-comprehensive-exams/
Natural Language Processing,Computational Semantics & Pragmatics,downloaded,https://www.cs.stanford.edu/phd-program-requirements-qualifying-exams,,https://www.cs.stanford.edu/phd-program-requirements-qualifying-exams
Natural Language Processing,Dialogue Systems & Conversational AI,downloaded,https://www.cs.stanford.edu/phd-program-requirements-qualifying-exams,,https://www.cs.stanford.edu/phd-program-requirements-qualifying-exams
Natural Language Processing,Information Extraction & NER,downloaded,https://www.cs.stanford.edu/phd-program-requirements-qualifying-exams,,https://www.cs.stanford.edu/phd-program-requirements-qualifying-exams
Natural Language Processing,Knowledge Graphs & Graph QA,downloaded,https://www.cs.stanford.edu/phd-program-requirements-qualifying-exams,,https://www.cs.stanford.edu/phd-program-requirements-qualifying-exams
Natural Language Processing,Language Modeling & LLMs,downloaded,https://www.cs.stanford.edu/phd-program-requirements-qualifying-exams,,https://www.cs.stanford.edu/phd-program-requirements-qualifying-exams
Natural Language Processing,Machine Translation,downloaded,https://www.cs.stanford.edu/phd-program-requirements-qualifying-exams,,https://www.cs.stanford.edu/phd-program-requirements-qualifying-exams
Natural Language Processing,Multilingual & Cross-lingual NLP,downloaded,https://www.cs.stanford.edu/phd-program-requirements-qualifying-exams,,https://www.cs.stanford.edu/phd-program-requirements-qualifying-exams
Natural Language Processing,Multimodal Learning (text + vision),downloaded,https://www.cs.stanford.edu/phd-program-requirements-qualifying-exams,,https://www.cs.stanford.edu/phd-program-requirements-qualifying-exams
Natural Language Processing,NLP Evaluation & Benchmarks,downloaded,https://www.cs.stanford.edu/phd-program-requirements-qualifying-exams,,https://www.cs.stanford.edu/phd-program-requirements-qualifying-exams
Natural Language Processing,Question Answering & Factoid Retrieval,downloaded,https://www.cs.stanford.edu/phd-program-requirements-qualifying-exams,,https://www.cs.stanford.edu/phd-program-requirements-qualifying-exams
Natural Language Processing,Semantic Parsing & Meaning Representation,downloaded,https://www.cs.stanford.edu/phd-program-requirements-qualifying-exams,,https://www.cs.stanford.edu/phd-program-requirements-qualifying-exams
Natural Language Processing,Sentiment & Opinion Analysis,downloaded,https://www.cs.stanford.edu/phd-program-requirements-qualifying-exams,,https://www.cs.stanford.edu/phd-program-requirements-qualifying-exams
Natural Language Processing,Speech Recognition & Synthesis,downloaded,https://www.cs.stanford.edu/phd-program-requirements-qualifying-exams,,https://www.cs.stanford.edu/phd-program-requirements-qualifying-exams
Natural Language Processing,Text Generation & Controllability,downloaded,https://www.cs.stanford.edu/phd-program-requirements-qualifying-exams,,https://www.cs.stanford.edu/phd-program-requirements-qualifying-exams
Natural Language Processing,Text Summarization,downloaded,https://www.cs.stanford.edu/phd-program-requirements-qualifying-exams,,https://www.cs.stanford.edu/phd-program-requirements-qualifying-exams
Neuroscience & Cognitive Science,Auditory Neuroscience,downloaded,https://medschool.vanderbilt.edu/brain-institute/neuroscience-ph-d-program/phd-qualifying-exam/,,https://medschool.vanderbilt.edu/brain-institute/neuroscience-ph-d-program/phd-qualifying-exam/
Neuroscience & Cognitive Science,Cognitive Modeling & Bayesian Brain,downloaded,https://medschool.vanderbilt.edu/brain-institute/neuroscience-ph-d-program/phd-qualifying-exam/,,https://medschool.vanderbilt.edu/brain-institute/neuroscience-ph-d-program/phd-qualifying-exam/
Neuroscience & Cognitive Science,Cognitive Neuroscience (memory & attention),downloaded,https://medschool.vanderbilt.edu/brain-institute/neuroscience-ph-d-program/phd-qualifying-exam/,,https://medschool.vanderbilt.edu/brain-institute/neuroscience-ph-d-program/phd-qualifying-exam/
Neuroscience & Cognitive Science,Computational Neuroscience,failed,,,https://pinphd.hms.harvard.edu/training/curriculum/pqe
Neuroscience & Cognitive Science,Decision Neuroscience,failed,,,https://neurograd.ucsf.edu/node/36526
Neuroscience & Cognitive Science,Molecular & Cellular Neuroscience,downloaded,https://medschool.vanderbilt.edu/brain-institute/neuroscience-ph-d-program/phd-qualifying-exam/,,https://medschool.vanderbilt.edu/brain-institute/neuroscience-ph-d-program/phd-qualifying-exam/
Neuroscience & Cognitive Science,Motor Control & Sensorimotor,downloaded,https://medschool.vanderbilt.edu/brain-institute/neuroscience-ph-d-program/phd-qualifying-exam/,,https://medschool.vanderbilt.edu/brain-institute/neuroscience-ph-d-program/phd-qualifying-exam/
Neuroscience & Cognitive Science,Neural Coding & Information,downloaded,https://medschool.vanderbilt.edu/brain-institute/neuroscience-ph-d-program/phd-qualifying-exam/,,https://medschool.vanderbilt.edu/brain-institute/neuroscience-ph-d-program/phd-qualifying-exam/
Neuroscience & Cognitive Science,Neurodevelopment & Plasticity,downloaded,https://medschool.vanderbilt.edu/brain-institute/neuroscience-ph-d-program/phd-qualifying-exam/,,https://medschool.vanderbilt.edu/brain-institute/neuroscience-ph-d-program/phd-qualifying-exam/
Neuroscience & Cognitive Science,Neuroimaging (fMRI/EEG),downloaded,https://medschool.vanderbilt.edu/brain-institute/neuroscience-ph-d-program/phd-qualifying-exam/,,https://medschool.vanderbilt.edu/brain-institute/neuroscience-ph-d-program/phd-qualifying-exam/
Neuroscience & Cognitive Science,Neuromodulation & Brain Stimulation,downloaded,https://medschool.vanderbilt.edu/brain-institute/neuroscience-ph-d-program/phd-qualifying-exam/,,https://medschool.vanderbilt.edu/brain-institute/neuroscience-ph-d-program/phd-qualifying-exam/
Neuroscience & Cognitive Science,Neurophysiology & Electrophysiology,downloaded,https://medschool.vanderbilt.edu/brain-institute/neuroscience-ph-d-program/phd-qualifying-exam/,,https://medschool.vanderbilt.edu/brain-institute/neuroscience-ph-d-program/phd-qualifying-exam/
Neuroscience & Cognitive Science,Sleep & Circadian Neuroscience,downloaded,https://medschool.vanderbilt.edu/brain-institute/neuroscience-ph-d-program/phd-qualifying-exam/,,https://medschool.vanderbilt.edu/brain-institute/neuroscience-ph-d-program/phd-qualifying-exam/
Neuroscience & Cognitive Science,Synaptic Plasticity & Learning,downloaded,https://medschool.vanderbilt.edu/brain-institute/neuroscience-ph-d-program/phd-qualifying-exam/,,https://medschool.vanderbilt.edu/brain-institute/neuroscience-ph-d-program/phd-qualifying-exam/
Neuroscience & Cognitive Science,Systems Neuroscience,downloaded,https://medschool.vanderbilt.edu/brain-institute/neuroscience-ph-d-program/phd-qualifying-exam/,,https://medschool.vanderbilt.edu/brain-institute/neuroscience-ph-d-program/phd-qualifying-exam/
Neuroscience & Cognitive Science,Visual Neuroscience,downloaded,https://medschool.vanderbilt.edu/brain-institute/neuroscience-ph-d-program/phd-qualifying-exam/,,https://medschool.vanderbilt.edu/brain-institute/neuroscience-ph-d-program/phd-qualifying-exam/
Medicine & Clinical Science,Anesthesiology & Perioperative Medicine,downloaded,https://www.publichealth.pitt.edu/sites/default/files/assets/Hugen/qualifying_exam_study_guide.pdf,,https://www.publichealth.pitt.edu/sites/default/files/assets/Hugen/qualifying_exam_study_guide.pdf
Medicine & Clinical Science,Cardiology,downloaded,https://www.publichealth.pitt.edu/sites/default/files/assets/Hugen/qualifying_exam_study_guide.pdf,,https://www.publichealth.pitt.edu/sites/default/files/assets/Hugen/qualifying_exam_study_guide.pdf
Medicine & Clinical Science,Clinical Immunology & Allergy,downloaded,https://www.publichealth.pitt.edu/sites/default/files/assets/Hugen/qualifying_exam_study_guide.pdf,,https://www.publichealth.pitt.edu/sites/default/files/assets/Hugen/qualifying_exam_study_guide.pdf
Medicine & Clinical Science,Clinical Trials & Evidence-Based Medicine,downloaded,https://www.publichealth.pitt.edu/sites/default/files/assets/Hugen/qualifying_exam_study_guide.pdf,,https://www.publichealth.pitt.edu/sites/default/files/assets/Hugen/qualifying_exam_study_guide.pdf
Medicine & Clinical Science,Critical Care Medicine,downloaded,https://www.publichealth.pitt.edu/sites/default/files/assets/Hugen/qualifying_exam_study_guide.pdf,,https://www.publichealth.pitt.edu/sites/default/files/assets/Hugen/qualifying_exam_study_guide.pdf
Medicine & Clinical Science,Endocrinology & Metabolism,downloaded,https://www.publichealth.pitt.edu/sites/default/files/assets/Hugen/qualifying_exam_study_guide.pdf,,https://www.publichealth.pitt.edu/sites/default/files/assets/Hugen/qualifying_exam_study_guide.pdf
Medicine & Clinical Science,Gastroenterology & Hepatology,downloaded,https://www.publichealth.pitt.edu/sites/default/files/assets/Hugen/qualifying_exam_study_guide.pdf,,https://www.publichealth.pitt.edu/sites/default/files/assets/Hugen/qualifying_exam_study_guide.pdf
Medicine & Clinical Science,Infectious Diseases & Epidemiology,downloaded,https://www.publichealth.pitt.edu/sites/default/files/assets/Hugen/qualifying_exam_study_guide.pdf,,https://www.publichealth.pitt.edu/sites/default/files/assets/Hugen/qualifying_exam_study_guide.pdf
Medicine & Clinical Science,Nephrology,downloaded,https://www.publichealth.pitt.edu/sites/default/files/assets/Hugen/qualifying_exam_study_guide.pdf,,https://www.publichealth.pitt.edu/sites/default/files/assets/Hugen/qualifying_exam_study_guide.pdf
Medicine & Clinical Science,Neurology & Stroke,downloaded,https://www.publichealth.pitt.edu/sites/default/files/assets/Hugen/qualifying_exam_study_guide.pdf,,https://www.publichealth.pitt.edu/sites/default/files/assets/Hugen/qualifying_exam_study_guide.pdf
Medicine & Clinical Science,Obstetrics & Gynecology,downloaded,https://www.publichealth.pitt.edu/sites/default/files/assets/Hugen/qualifying_exam_study_guide.pdf,,https://www.publichealth.pitt.edu/sites/default/files/assets/Hugen/qualifying_exam_study_guide.pdf
Medicine & Clinical Science,Oncology & Hematology,downloaded,https://www.publichealth.pitt.edu/sites/default/files/assets/Hugen/qualifying_exam_study_guide.pdf,,https://www.publichealth.pitt.edu/sites/default/files/assets/Hugen/qualifying_exam_study_guide.pdf
Medicine & Clinical Science,Pathology & Laboratory Medicine,downloaded,https://www.publichealth.pitt.edu/sites/default/files/assets/Hugen/qualifying_exam_study_guide.pdf,,https://www.publichealth.pitt.edu/sites/default/files/assets/Hugen/qualifying_exam_study_guide.pdf
Medicine & Clinical Science,Pediatrics & Neonatology,downloaded,https://www.publichealth.pitt.edu/sites/default/files/assets/Hugen/qualifying_exam_study_guide.pdf,,https://www.publichealth.pitt.edu/sites/default/files/assets/Hugen/qualifying_exam_study_guide.pdf
Medicine & Clinical Science,Preventive Medicine & Public Health,downloaded,https://www.publichealth.pitt.edu/sites/default/files/assets/Hugen/qualifying_exam_study_guide.pdf,,https://www.publichealth.pitt.edu/sites/default/files/assets/Hugen/qualifying_exam_study_guide.pdf
Medicine & Clinical Science,Psychiatry & Psychopharmacology,downloaded,https://www.publichealth.pitt.edu/sites/default/files/assets/Hugen/qualifying_exam_study_guide.pdf,,https://www.publichealth.pitt.edu/sites/default/files/assets/Hugen/qualifying_exam_study_guide.pdf
Medicine & Clinical Science,Pulmonology & Respiratory Medicine,downloaded,https://www.publichealth.pitt.edu/sites/default/files/assets/Hugen/qualifying_exam_study_guide.pdf,,https://www.publichealth.pitt.edu/sites/default/files/assets/Hugen/qualifying_exam_study_guide.pdf
Medicine & Clinical Science,Radiology & Diagnostic Imaging,downloaded,https://www.publichealth.pitt.edu/sites/default/files/assets/Hugen/qualifying_exam_study_guide.pdf,,https://www.publichealth.pitt.edu/sites/default/files/assets/Hugen/qualifying_exam_study_guide.pdf
Medicine & Clinical Science,Rheumatology & Autoimmune Disease,downloaded,https://www.publichealth.pitt.edu/sites/default/files/assets/Hugen/qualifying_exam_study_guide.pdf,,https://www.publichealth.pitt.edu/sites/default/files/assets/Hugen/qualifying_exam_study_guide.pdf
Medicine & Clinical Science,Surgery & Surgical Science,downloaded,https://www.publichealth.pitt.edu/sites/default/files/assets/Hugen/qualifying_exam_study_guide.pdf,,https://www.publichealth.pitt.edu/sites/default/files/assets/Hugen/qualifying_exam_study_guide.pdf
Philosophy & Ethics,AI Ethics & Philosophy of Technology,downloaded,https://www.ou.edu/content/dam/cas/philosophy/docs/graduate-students/exams/qualifying/2019qualifyingexamancient.pdf,,https://www.ou.edu/content/dam/cas/philosophy/docs/graduate-students/exams/qualifying/2019qualifyingexamancient.pdf
Philosophy & Ethics,Applied Ethics & Bioethics,downloaded,https://www.ou.edu/content/dam/cas/philosophy/docs/graduate-students/exams/qualifying/2019qualifyingexamancient.pdf,,https://www.ou.edu/content/dam/cas/philosophy/docs/graduate-students/exams/qualifying/2019qualifyingexamancient.pdf
Philosophy & Ethics,Epistemology,downloaded,https://www.phil.cam.ac.uk/curr-students/ugrads-exam-folder/II-past-exam-papers | https://www.phil.cam.ac.uk/curr-students/writing-skils/09-plagiarism-2018revjuly18.pdf | https://www.phil.cam.ac.uk/curr-students/postgraduates/Graduate-Forms/risk-assessment-examples.pdf | https://www.phil.cam.ac.uk/files/ii-1-metaphysics.pdf | https://www.phil.cam.ac.uk/files/pht2-1_metaphysics_in_hall.pdf | https://www.phil.cam.ac.uk/files/part_ii_paper_1_metaphysics_final.pdf | https://www.phil.cam.ac.uk/files/pht2_1_ii_paper_1_2021_final_cd1.pdf | https://www.phil.cam.ac.uk/system/files/documents/ii-paper-1-2019-final.pdf | https://www.phil.cam.ac.uk/system/files/documents/part-ii-paper-1-final-2018.pdf | https://www.phil.cam.ac.uk/system/files/documents/part-ii-paper-1-meta-final-2017.pdf | https://www.phil.cam.ac.uk/system/files/documents/part-ii-paper-1-meta-final-2016.pdf | https://www.phil.cam.ac.uk/system/files/documents/PartIIPaper1Metaaftersetting.pdf | https://www.phil.cam.ac.uk/system/files/documents/II%20Paper%201%20Meta.pdf | https://www.phil.cam.ac.uk/system/files/documents/ii-paper-01-2013.pdf | https://www.phil.cam.ac.uk/system/files/documents/ii-paper-01-2012.pdf | https://www.phil.cam.ac.uk/system/files/documents/ii-paper-01-2011.pdf | https://www.phil.cam.ac.uk/system/files/documents/ii-paper-01-2010.pdf | https://www.phil.cam.ac.uk/system/files/documents/ii-paper-01-2007.pdf | https://www.phil.cam.ac.uk/files/ii-2-philosophy_of_mind.pdf | https://www.phil.cam.ac.uk/files/pht2-2_philosophy_of_mind_in_hall.pdf | https://www.phil.cam.ac.uk/files/part_ii_paper_2_philosophy_of_the_mind_v2_2.pdf | https://www.phil.cam.ac.uk/files/pht2_2_ii_paper_2_2021_final_cd1-1.pdf | https://www.phil.cam.ac.uk/system/files/documents/ii-paper-2-2019-final.pdf | https://www.phil.cam.ac.uk/system/files/documents/part-ii-paper-2-final-2018.pdf | https://www.phil.cam.ac.uk/system/files/documents/part-ii-paper-2-phil-of-mind-final-2017.pdf | https://www.phil.cam.ac.uk/system/files/documents/part-ii-paper-2-phil-of-mind-final-2016.pdf | https://www.phil.cam.ac.uk/system/files/documents/PartIIPaper2PhilofMind.pdf | https://www.phil.cam.ac.uk/system/files/documents/II%20Paper%202%20Phil%20of%20Mind.pdf | https://www.phil.cam.ac.uk/system/files/documents/ii-paper-02-2013.pdf | https://www.phil.cam.ac.uk/sites/default/files/documents/risk-assessment-examples.pdf | https://www.phil.cam.ac.uk/sites/default/files/exam_paper_pht2_paper_2_philosophy_of_mind_final.pdf,,https://www.phil.cam.ac.uk/curr-students/ugrads-exam-folder/II-past-exam-papers
Philosophy & Ethics,Ethics & Moral Theory,downloaded,https://www.phil.cam.ac.uk/curr-students/ugrads-exam-folder/II-past-exam-papers | https://www.phil.cam.ac.uk/curr-students/writing-skils/09-plagiarism-2018revjuly18.pdf | https://www.phil.cam.ac.uk/curr-students/postgraduates/Graduate-Forms/risk-assessment-examples.pdf | https://www.phil.cam.ac.uk/files/ii-1-metaphysics.pdf | https://www.phil.cam.ac.uk/files/pht2-1_metaphysics_in_hall.pdf | https://www.phil.cam.ac.uk/files/part_ii_paper_1_metaphysics_final.pdf | https://www.phil.cam.ac.uk/files/pht2_1_ii_paper_1_2021_final_cd1.pdf | https://www.phil.cam.ac.uk/system/files/documents/ii-paper-1-2019-final.pdf | https://www.phil.cam.ac.uk/system/files/documents/part-ii-paper-1-final-2018.pdf | https://www.phil.cam.ac.uk/system/files/documents/part-ii-paper-1-meta-final-2017.pdf | https://www.phil.cam.ac.uk/system/files/documents/part-ii-paper-1-meta-final-2016.pdf | https://www.phil.cam.ac.uk/system/files/documents/PartIIPaper1Metaaftersetting.pdf | https://www.phil.cam.ac.uk/system/files/documents/II%20Paper%201%20Meta.pdf | https://www.phil.cam.ac.uk/system/files/documents/ii-paper-01-2013.pdf | https://www.phil.cam.ac.uk/system/files/documents/ii-paper-01-2012.pdf | https://www.phil.cam.ac.uk/system/files/documents/ii-paper-01-2011.pdf | https://www.phil.cam.ac.uk/system/files/documents/ii-paper-01-2010.pdf | https://www.phil.cam.ac.uk/system/files/documents/ii-paper-01-2007.pdf | https://www.phil.cam.ac.uk/files/ii-2-philosophy_of_mind.pdf | https://www.phil.cam.ac.uk/files/pht2-2_philosophy_of_mind_in_hall.pdf | https://www.phil.cam.ac.uk/files/part_ii_paper_2_philosophy_of_the_mind_v2_2.pdf | https://www.phil.cam.ac.uk/files/pht2_2_ii_paper_2_2021_final_cd1-1.pdf | https://www.phil.cam.ac.uk/system/files/documents/ii-paper-2-2019-final.pdf | https://www.phil.cam.ac.uk/system/files/documents/part-ii-paper-2-final-2018.pdf | https://www.phil.cam.ac.uk/system/files/documents/part-ii-paper-2-phil-of-mind-final-2017.pdf | https://www.phil.cam.ac.uk/system/files/documents/part-ii-paper-2-phil-of-mind-final-2016.pdf | https://www.phil.cam.ac.uk/system/files/documents/PartIIPaper2PhilofMind.pdf | https://www.phil.cam.ac.uk/system/files/documents/II%20Paper%202%20Phil%20of%20Mind.pdf | https://www.phil.cam.ac.uk/system/files/documents/ii-paper-02-2013.pdf | https://www.phil.cam.ac.uk/sites/default/files/documents/risk-assessment-examples.pdf | https://www.phil.cam.ac.uk/sites/default/files/exam_paper_pht2_paper_2_philosophy_of_mind_final.pdf,,https://www.phil.cam.ac.uk/curr-students/ugrads-exam-folder/II-past-exam-papers
Philosophy & Ethics,Logic & Philosophy of Logic,downloaded,https://www.memphis.edu/philosophy/graduate/pdfs/modern_qual-comp_guidelines.pdf,,https://www.memphis.edu/philosophy/graduate/pdfs/modern_qual-comp_guidelines.pdf
Philosophy & Ethics,Metaphysics,downloaded,https://www.phil.cam.ac.uk/curr-students/ugrads-exam-folder/II-past-exam-papers | https://www.phil.cam.ac.uk/curr-students/writing-skils/09-plagiarism-2018revjuly18.pdf | https://www.phil.cam.ac.uk/curr-students/postgraduates/Graduate-Forms/risk-assessment-examples.pdf | https://www.phil.cam.ac.uk/files/ii-1-metaphysics.pdf | https://www.phil.cam.ac.uk/files/pht2-1_metaphysics_in_hall.pdf | https://www.phil.cam.ac.uk/files/part_ii_paper_1_metaphysics_final.pdf | https://www.phil.cam.ac.uk/files/pht2_1_ii_paper_1_2021_final_cd1.pdf | https://www.phil.cam.ac.uk/system/files/documents/ii-paper-1-2019-final.pdf | https://www.phil.cam.ac.uk/system/files/documents/part-ii-paper-1-final-2018.pdf | https://www.phil.cam.ac.uk/system/files/documents/part-ii-paper-1-meta-final-2017.pdf | https://www.phil.cam.ac.uk/system/files/documents/part-ii-paper-1-meta-final-2016.pdf | https://www.phil.cam.ac.uk/system/files/documents/PartIIPaper1Metaaftersetting.pdf | https://www.phil.cam.ac.uk/system/files/documents/II%20Paper%201%20Meta.pdf | https://www.phil.cam.ac.uk/system/files/documents/ii-paper-01-2013.pdf | https://www.phil.cam.ac.uk/system/files/documents/ii-paper-01-2012.pdf | https://www.phil.cam.ac.uk/system/files/documents/ii-paper-01-2011.pdf | https://www.phil.cam.ac.uk/system/files/documents/ii-paper-01-2010.pdf | https://www.phil.cam.ac.uk/system/files/documents/ii-paper-01-2007.pdf | https://www.phil.cam.ac.uk/files/ii-2-philosophy_of_mind.pdf | https://www.phil.cam.ac.uk/files/pht2-2_philosophy_of_mind_in_hall.pdf | https://www.phil.cam.ac.uk/files/part_ii_paper_2_philosophy_of_the_mind_v2_2.pdf | https://www.phil.cam.ac.uk/files/pht2_2_ii_paper_2_2021_final_cd1-1.pdf | https://www.phil.cam.ac.uk/system/files/documents/ii-paper-2-2019-final.pdf | https://www.phil.cam.ac.uk/system/files/documents/part-ii-paper-2-final-2018.pdf | https://www.phil.cam.ac.uk/system/files/documents/part-ii-paper-2-phil-of-mind-final-2017.pdf | https://www.phil.cam.ac.uk/system/files/documents/part-ii-paper-2-phil-of-mind-final-2016.pdf | https://www.phil.cam.ac.uk/system/files/documents/PartIIPaper2PhilofMind.pdf | https://www.phil.cam.ac.uk/system/files/documents/II%20Paper%202%20Phil%20of%20Mind.pdf | https://www.phil.cam.ac.uk/system/files/documents/ii-paper-02-2013.pdf | https://www.phil.cam.ac.uk/sites/default/files/documents/risk-assessment-examples.pdf | https://www.phil.cam.ac.uk/sites/default/files/exam_paper_pht2_paper_2_philosophy_of_mind_final.pdf,,https://www.phil.cam.ac.uk/curr-students/ugrads-exam-folder/II-past-exam-papers
Philosophy & Ethics,Philosophy of Mind,downloaded,https://www.phil.cam.ac.uk/curr-students/ugrads-exam-folder/II-past-exam-papers | https://www.phil.cam.ac.uk/curr-students/writing-skils/09-plagiarism-2018revjuly18.pdf | https://www.phil.cam.ac.uk/curr-students/postgraduates/Graduate-Forms/risk-assessment-examples.pdf | https://www.phil.cam.ac.uk/files/ii-1-metaphysics.pdf | https://www.phil.cam.ac.uk/files/pht2-1_metaphysics_in_hall.pdf | https://www.phil.cam.ac.uk/files/part_ii_paper_1_metaphysics_final.pdf | https://www.phil.cam.ac.uk/files/pht2_1_ii_paper_1_2021_final_cd1.pdf | https://www.phil.cam.ac.uk/system/files/documents/ii-paper-1-2019-final.pdf | https://www.phil.cam.ac.uk/system/files/documents/part-ii-paper-1-final-2018.pdf | https://www.phil.cam.ac.uk/system/files/documents/part-ii-paper-1-meta-final-2017.pdf | https://www.phil.cam.ac.uk/system/files/documents/part-ii-paper-1-meta-final-2016.pdf | https://www.phil.cam.ac.uk/system/files/documents/PartIIPaper1Metaaftersetting.pdf | https://www.phil.cam.ac.uk/system/files/documents/II%20Paper%201%20Meta.pdf | https://www.phil.cam.ac.uk/system/files/documents/ii-paper-01-2013.pdf | https://www.phil.cam.ac.uk/system/files/documents/ii-paper-01-2012.pdf | https://www.phil.cam.ac.uk/system/files/documents/ii-paper-01-2011.pdf | https://www.phil.cam.ac.uk/system/files/documents/ii-paper-01-2010.pdf | https://www.phil.cam.ac.uk/system/files/documents/ii-paper-01-2007.pdf | https://www.phil.cam.ac.uk/files/ii-2-philosophy_of_mind.pdf | https://www.phil.cam.ac.uk/files/pht2-2_philosophy_of_mind_in_hall.pdf | https://www.phil.cam.ac.uk/files/part_ii_paper_2_philosophy_of_the_mind_v2_2.pdf | https://www.phil.cam.ac.uk/files/pht2_2_ii_paper_2_2021_final_cd1-1.pdf | https://www.phil.cam.ac.uk/system/files/documents/ii-paper-2-2019-final.pdf | https://www.phil.cam.ac.uk/system/files/documents/part-ii-paper-2-final-2018.pdf | https://www.phil.cam.ac.uk/system/files/documents/part-ii-paper-2-phil-of-mind-final-2017.pdf | https://www.phil.cam.ac.uk/system/files/documents/part-ii-paper-2-phil-of-mind-final-2016.pdf | https://www.phil.cam.ac.uk/system/files/documents/PartIIPaper2PhilofMind.pdf | https://www.phil.cam.ac.uk/system/files/documents/II%20Paper%202%20Phil%20of%20Mind.pdf | https://www.phil.cam.ac.uk/system/files/documents/ii-paper-02-2013.pdf | https://www.phil.cam.ac.uk/sites/default/files/documents/risk-assessment-examples.pdf | https://www.phil.cam.ac.uk/sites/default/files/exam_paper_pht2_paper_2_philosophy_of_mind_final.pdf,,https://www.phil.cam.ac.uk/curr-students/ugrads-exam-folder/II-past-exam-papers
Philosophy & Ethics,Philosophy of Science,downloaded,https://www.ou.edu/content/dam/cas/philosophy/docs/graduate-students/exams/qualifying/2019qualifyingexamancient.pdf,,https://www.ou.edu/content/dam/cas/philosophy/docs/graduate-students/exams/qualifying/2019qualifyingexamancient.pdf
Philosophy & Ethics,Political Philosophy,downloaded,https://www.phil.uga.edu/qualifying-papers-written-preliminary-comprehensive-examinations | https://phil.franklin.uga.edu/sites/default/files/inline-files/Preliminary%20Program%20of%20Study%20Form.pdf | https://www.fcs.uga.edu/docs/body_candphd.pdf,,https://www.phil.uga.edu/qualifying-papers-written-preliminary-comprehensive-examinations
Security & Privacy,Applied Cryptography & Protocols,downloaded,https://eecs.berkeley.edu/book/phd/exam-prep/ | https://www2.eecs.berkeley.edu/Protected/Grads/qual-overview.pdf,,https://eecs.berkeley.edu/book/phd/exam-prep/
Security & Privacy,Binary Analysis & Exploitation,downloaded,https://eecs.berkeley.edu/book/phd/exam-prep/ | https://www2.eecs.berkeley.edu/Protected/Grads/qual-overview.pdf,,https://eecs.berkeley.edu/book/phd/exam-prep/
Security & Privacy,Differential Privacy,downloaded,https://eecs.berkeley.edu/book/phd/exam-prep/ | https://www2.eecs.berkeley.edu/Protected/Grads/qual-overview.pdf,,https://eecs.berkeley.edu/book/phd/exam-prep/
Security & Privacy,Digital Forensics & Incident Response,downloaded,https://eecs.berkeley.edu/book/phd/exam-prep/ | https://www2.eecs.berkeley.edu/Protected/Grads/qual-overview.pdf,,https://eecs.berkeley.edu/book/phd/exam-prep/
Security & Privacy,Hardware Security & TEEs,downloaded,https://eecs.berkeley.edu/book/phd/exam-prep/ | https://www2.eecs.berkeley.edu/Protected/Grads/qual-overview.pdf,,https://eecs.berkeley.edu/book/phd/exam-prep/
Security & Privacy,Identity & Access Management,downloaded,https://eecs.berkeley.edu/book/phd/exam-prep/ | https://www2.eecs.berkeley.edu/Protected/Grads/qual-overview.pdf,,https://eecs.berkeley.edu/book/phd/exam-prep/
Security & Privacy,Intrusion Detection & Defenses,downloaded,https://eecs.berkeley.edu/book/phd/exam-prep/ | https://www2.eecs.berkeley.edu/Protected/Grads/qual-overview.pdf,,https://eecs.berkeley.edu/book/phd/exam-prep/
Security & Privacy,Malware Analysis & Reverse Engineering,downloaded,https://eecs.berkeley.edu/book/phd/exam-prep/ | https://www2.eecs.berkeley.edu/Protected/Grads/qual-overview.pdf,,https://eecs.berkeley.edu/book/phd/exam-prep/
Security & Privacy,Network Security,downloaded,https://eecs.berkeley.edu/book/phd/exam-prep/ | https://www2.eecs.berkeley.edu/Protected/Grads/qual-overview.pdf,,https://eecs.berkeley.edu/book/phd/exam-prep/
Security & Privacy,Privacy-Preserving Computation (MPC/FHE),downloaded,https://eecs.berkeley.edu/book/phd/exam-prep/ | https://www2.eecs.berkeley.edu/Protected/Grads/qual-overview.pdf,,https://eecs.berkeley.edu/book/phd/exam-prep/
Security & Privacy,Security of ML Systems,downloaded,https://eecs.berkeley.edu/book/phd/exam-prep/ | https://www2.eecs.berkeley.edu/Protected/Grads/qual-overview.pdf,,https://eecs.berkeley.edu/book/phd/exam-prep/
Security & Privacy,Side-Channel Attacks & Mitigations,downloaded,https://eecs.berkeley.edu/book/phd/exam-prep/ | https://www2.eecs.berkeley.edu/Protected/Grads/qual-overview.pdf,,https://eecs.berkeley.edu/book/phd/exam-prep/
Security & Privacy,Web Security,downloaded,https://eecs.berkeley.edu/book/phd/exam-prep/ | https://www2.eecs.berkeley.edu/Protected/Grads/qual-overview.pdf,,https://eecs.berkeley.edu/book/phd/exam-prep/
